# Blender 5.1.2
# www.blender.org
mtllib zoe.extra.Special_VaM_Dedicated_913.Genital.mtl
o Genitalia-default_1452.001
v 1.616995 89.103142 -0.192438
v -0.000001 96.744835 -7.501237
v 2.520144 90.137817 4.199635
v 2.975058 91.045235 5.160267
v 3.760577 92.334946 6.068930
v 1.642754 88.689270 -1.875950
v 1.910189 88.973282 1.432256
v 2.194988 89.368645 2.774551
v 1.887816 88.203674 -4.331525
v 1.800232 88.361427 -5.338187
v 2.843585 87.869217 -5.928329
v 2.281157 87.912964 -5.622740
v 2.240536 87.824829 -4.989006
v 1.974323 88.793610 -6.886765
v 2.362233 88.148788 -6.391757
v 0.525273 91.920372 -6.941441
v 1.145654 90.073723 -7.256921
v 0.245470 93.172615 -6.875795
v 6.735062 97.557816 8.260531
v 5.834148 98.204834 8.432527
v 6.282604 98.078064 8.268130
v 6.705928 97.935005 8.329756
v 0.904362 98.707230 9.229211
v 2.849992 98.763046 9.102136
v 4.523194 98.655540 8.848952
v 2.789763 98.933105 9.224788
v -0.000001 98.817284 9.324066
v 0.905488 98.890846 9.350747
v 1.894657 98.907944 9.296325
v 5.306953 98.428307 8.659164
v 3.594856 98.840576 9.068750
v 3.650202 98.614227 8.945517
v 1.900143 88.173195 -3.526026
v 4.584280 93.797180 6.781939
v 6.169738 96.374557 8.009704
v 5.329972 95.085320 7.407595
v -1.605020 89.103180 -0.192442
v -2.518430 90.137764 4.199667
v -2.975121 91.045235 5.160227
v -3.760692 92.334946 6.068851
v -1.627163 88.689888 -1.875881
v -1.901732 88.973282 1.432256
v -2.190061 89.368645 2.774551
v -1.864646 88.205292 -4.330829
v -1.785457 88.362228 -5.337748
v -2.843585 87.869217 -5.928329
v -2.251328 87.914932 -5.621566
v -2.218528 87.826256 -4.988267
v -1.956791 88.793922 -6.886460
v -2.325699 88.150276 -6.390587
v -0.525274 91.920372 -6.941440
v -1.142594 90.073723 -7.256921
v -0.245471 93.172615 -6.875795
v -6.734740 97.557816 8.261042
v -5.833613 98.204834 8.433254
v -6.282071 98.078064 8.268897
v -6.705410 97.935005 8.330524
v -0.904266 98.707230 9.229295
v -2.849736 98.763054 9.102399
v -4.522680 98.655540 8.849553
v -2.789401 98.933105 9.225144
v -0.905351 98.890846 9.350859
v -1.894402 98.907944 9.296553
v -5.306420 98.428307 8.659848
v -3.594408 98.840576 9.069225
v -3.649885 98.614235 8.945868
v -1.878309 88.174553 -3.525573
v -4.586481 93.797340 6.782905
v -6.169652 96.374557 8.009947
v -5.330102 95.085320 7.407507
v -0.000001 98.654335 9.186658
v -0.000001 96.076355 8.413968
v -0.000001 94.993996 7.770215
v 0.000244 90.135727 1.901789
v -0.000374 90.229904 1.557388
v 0.000243 92.540680 -6.327469
v 0.009642 90.444962 -3.113140
v -0.000001 90.592224 -3.304610
v 0.000025 90.345673 -4.925364
v -0.000001 90.618576 -4.809950
v 1.925142 98.764404 9.180092
v 1.608387 96.107231 8.445581
v 3.378669 95.420670 7.926997
v 4.983825 95.065948 7.368748
v 1.489002 94.738754 7.597472
v 3.089387 94.172768 7.153307
v 4.060156 93.678802 6.921126
v 1.354622 93.332947 7.062129
v 2.397356 92.703598 6.621399
v 3.216980 92.289185 6.391868
v 0.230199 91.711632 4.858356
v 0.354488 91.081245 3.291931
v 0.350255 90.687744 2.485808
v 0.365104 90.489616 1.668593
v 0.393797 90.401527 0.754718
v 0.435292 90.392685 -0.204364
v 0.425529 90.461456 -0.540067
v 0.412947 90.448677 -1.007833
v 0.415835 90.482712 -1.584609
v 0.355510 90.493416 -2.147164
v 0.320951 90.547913 -2.672983
v 0.091687 90.604523 -3.174786
v 0.341700 91.961479 6.079994
v 0.246039 91.185921 5.256204
v 0.217512 90.622070 4.473080
v 0.161719 90.204285 3.623838
v 0.160932 89.813728 2.897358
v 0.167191 89.676964 2.120679
v 0.185809 89.597862 1.285393
v 0.225783 89.598854 0.553238
v 0.242311 89.550766 -0.305865
v 0.199768 89.608131 -1.075944
v 0.167975 89.705963 -1.822316
v 0.174233 89.774330 -2.558440
v 0.105035 90.048264 -3.311363
v 2.246043 91.349899 5.749801
v 2.280154 90.132011 4.296839
v 1.886265 89.716385 3.117882
v 1.793455 89.636139 1.928638
v 1.741385 89.652382 0.444582
v 1.537397 89.424927 -0.296683
v 1.453243 89.352280 -1.095092
v 1.237980 89.366798 -1.964182
v 0.291764 89.783615 -3.629002
v 1.217771 91.765068 6.049378
v 1.122217 90.925110 5.131814
v 1.087695 90.369766 4.274087
v 1.116043 90.060394 3.461702
v 1.123946 89.806221 2.752491
v 1.101483 89.713356 2.043661
v 1.073742 89.549530 1.149719
v 1.005852 89.544472 0.418276
v 0.922403 89.526855 -0.419026
v 0.848338 89.571762 -1.203793
v 0.308941 91.599945 5.088900
v 0.127518 90.680214 3.333708
v 0.094150 90.445923 2.618726
v 0.079956 90.177437 1.762505
v 0.151246 90.049988 0.875094
v 0.276693 89.981071 -0.497496
v 0.365783 90.034538 -0.523502
v 0.421870 90.077171 -1.068799
v 0.434353 90.129662 -1.754913
v -0.002114 93.160095 -6.586024
v 0.000320 92.136032 -6.104843
v 0.180740 90.066963 -4.904059
v 0.458285 90.255180 -5.200488
v 0.499503 90.446747 -5.451923
v 0.342559 91.103790 -5.952343
v 0.168082 91.649117 -6.087463
v 0.265752 89.910759 -4.209660
v 0.513794 89.939766 -5.107700
v 0.533725 90.125404 -5.390165
v 0.370512 90.910088 -6.188134
v 0.186975 91.694336 -6.307200
v 0.986925 89.835480 -7.278912
v 0.436904 91.577347 -7.269718
v 1.691270 88.548119 -4.484138
v 1.798139 88.828041 -3.488519
v 1.910317 89.114235 -1.744282
v 2.754769 90.929085 5.685236
v 2.197062 89.454163 2.596766
v 2.045175 89.311508 1.338058
v 0.000081 90.154587 1.833196
v 0.028940 90.100006 1.938774
v 0.068088 90.148369 1.889907
v 0.084576 90.208862 1.801631
v 0.092834 90.221527 1.706019
v 0.038044 90.139832 1.907975
v 0.043826 90.165695 1.840858
v 0.018898 90.125061 1.931058
v 0.035259 90.213356 1.766793
v 0.032479 90.057510 1.900141
v 0.050693 90.047935 1.881473
v 0.072666 90.047119 1.766056
v 0.098257 90.079758 1.676115
v 0.179223 90.058189 1.581386
v 0.219898 90.129944 1.424306
v 0.261560 90.197395 1.275834
v 0.294343 90.212730 1.104261
v 0.313129 90.190430 0.913287
v 0.328103 90.170959 0.689916
v 0.379586 90.215370 0.358769
v 0.394197 90.251656 0.162940
v 0.405487 90.314423 -0.000613
v 0.168318 90.153732 1.468019
v 0.190935 90.159126 1.271793
v 0.229850 90.108208 1.119628
v 0.261413 90.084435 0.895814
v 0.268211 90.075363 0.658202
v 0.292994 90.018600 0.430134
v 0.046862 90.139244 2.180296
v 0.100361 90.850227 3.225539
v 0.055863 91.251137 4.255722
v 0.048269 90.214867 1.604741
v 0.056421 90.125916 1.401118
v 0.110535 89.976013 1.205833
v 0.163731 89.770393 0.894486
v 0.181941 89.671402 0.652580
v 0.199237 89.579849 0.222648
v 0.208264 89.533279 -0.085127
v 0.191714 89.531151 -0.336095
v 0.163809 89.563194 -0.565031
v 0.135941 89.689590 -0.962692
v 0.135147 89.852539 -1.181422
v 0.131226 89.466736 -1.742129
v 0.132120 89.462555 -2.064013
v 0.059895 89.932434 -2.660291
v 0.134125 89.699554 -1.356053
v 0.056276 90.097542 2.096843
v 0.143494 90.062805 2.008298
v 0.190638 90.077240 1.902636
v 0.239083 90.093719 1.748720
v 0.273430 90.170219 1.553523
v 0.289469 90.265205 1.419988
v 0.316115 90.309845 1.286776
v 0.338832 90.280441 1.103650
v 0.361605 90.286224 0.906391
v 0.075635 91.700348 5.278844
v 0.148783 91.683670 5.082397
v 0.061973 91.421349 4.834184
v 0.137649 90.809402 2.988526
v 0.153469 91.175087 3.584107
v 0.149601 91.476456 4.656171
v 0.116172 90.193405 1.601773
v 0.146123 90.154320 1.494879
v 0.160140 90.107147 1.352185
v 0.201654 90.026146 1.196116
v 0.236471 89.972313 0.994825
v 0.258290 89.937088 0.764997
v 0.276922 89.861366 0.562653
v 0.134756 89.870987 1.049267
v 0.054044 90.108101 -2.839130
v 0.043331 90.313400 -2.968109
v 0.245270 89.644012 0.256326
v 0.219813 89.717964 0.644683
v 0.211413 89.805817 0.928690
v 0.176470 89.885216 1.067107
v 0.243773 89.597656 -0.086188
v 0.244373 89.598221 -0.316389
v 0.217105 89.617622 -0.539555
v 0.194776 89.706619 -0.950598
v 0.178981 89.871162 -1.168688
v 0.181131 89.721077 -1.354251
v 0.157102 89.527313 -1.728052
v 0.190906 89.457283 -2.028195
v 0.113113 89.919922 -2.646372
v 0.151179 89.614456 -0.754797
v 0.210502 89.641006 -0.744328
v 0.155683 89.991821 1.229985
v 0.134936 90.112549 1.406106
v 0.366715 90.176781 0.533643
v 0.332062 89.954773 0.212203
v 0.288884 89.800827 0.280216
v 0.095263 92.102142 5.799181
v 0.156056 92.278465 5.992425
v 0.187607 92.038803 5.230881
v 0.316072 92.129135 5.719032
v 0.213550 92.372803 6.160793
v 0.290845 92.870789 6.843249
v 0.153901 92.804848 6.514721
v 0.337182 89.960686 0.052186
v 0.340441 89.945702 -0.189026
v 0.327952 89.951584 -0.399430
v 0.298291 89.748001 -0.023247
v 0.285114 89.736809 -0.249225
v 0.272282 89.759850 -0.478573
v 0.167638 89.595016 -2.340860
v 0.124376 89.590652 -2.377269
v 0.248549 89.761894 -0.700574
v 0.234216 89.805450 -0.923317
v 0.199713 89.964027 -1.154084
v 0.199728 89.836517 -1.336703
v 0.206658 89.679001 -1.708000
v 0.184479 89.571411 -1.989598
v 0.189801 89.667183 -2.276844
v 0.150471 89.987206 -2.628147
v 0.780398 89.639534 -1.920090
v 0.643894 89.715515 -2.589468
v 0.293074 89.832481 -3.339116
v 0.400599 90.231026 -2.249955
v 0.329912 90.409966 -2.741678
v 0.118985 90.374489 -3.324814
v -0.000329 90.547043 -3.344496
v 0.000296 90.391312 -3.468119
v 0.010147 90.472382 -3.199617
v 0.063049 90.456322 -3.091487
v 0.037961 90.432915 -3.079222
v 0.097270 90.120438 -2.854558
v 0.077589 90.331078 -2.994540
v 0.195894 91.807800 -6.593707
v 0.170062 90.619316 -4.810662
v 0.364680 90.755951 -4.995000
v 0.388183 90.930359 -5.162403
v 0.144429 91.351654 -5.424711
v 0.065515 91.517860 -5.486360
v 0.192041 90.314507 -4.929037
v 0.526814 90.490234 -5.158237
v 0.542124 90.685867 -5.364486
v 0.300315 91.217209 -5.762333
v 0.141879 91.605850 -5.872314
v 0.124087 90.244171 -2.869660
v 0.098361 90.357475 -2.996318
v 0.009539 90.141678 1.355916
v 0.063855 89.986160 1.201613
v 0.099992 89.884911 1.019216
v 0.119937 89.777184 0.833725
v 0.138655 89.675667 0.586629
v 0.157575 89.575905 0.154758
v 0.165954 89.536705 -0.113317
v 0.153022 89.532539 -0.339069
v 0.127358 89.567909 -0.562376
v 0.110006 89.632660 -0.749147
v 0.110829 89.699921 -0.944506
v 0.111377 89.851402 -1.173514
v 0.106624 89.723434 -1.352259
v 0.061361 89.515961 -1.743933
v 0.084133 89.474800 -2.058024
v 0.104479 89.609337 -2.368152
v 0.035632 89.977486 -2.636359
v 0.024575 90.165825 -2.818321
v 0.025403 90.315224 -2.953978
v 0.035199 90.370277 -0.423006
v 0.057482 90.367088 -0.478163
v 0.038312 90.359673 -0.539856
v 0.078254 90.370262 -0.393438
v 0.113566 90.355095 -0.476715
v 0.087268 90.356110 -0.567058
v -0.000157 90.365837 -0.609327
v 0.279866 89.985207 -0.624989
v 0.253984 89.960716 -0.946248
v 0.224914 90.067154 -1.145647
v 0.212866 89.949181 -1.338407
v 0.214635 89.820984 -1.698092
v 0.208565 89.741669 -1.965534
v 0.202332 89.743881 -2.231167
v 0.360528 90.232933 -0.349425
v 0.299260 90.089767 -0.951092
v 0.282241 90.201439 -1.146198
v 0.256703 90.073700 -1.345710
v 0.223460 89.951218 -1.706697
v 0.219724 89.881104 -1.968155
v 0.198996 89.892021 -2.372479
v 0.345796 90.872948 3.098994
v 0.360603 90.716850 2.383212
v 0.381135 90.574112 1.630894
v 0.409034 90.561325 0.591168
v 0.475001 90.569908 -0.318520
v 0.362069 90.323692 -1.292974
v 0.267420 90.344429 -1.545388
v 0.205480 90.345673 -2.005749
v 0.277303 90.663223 2.587510
v 0.319960 90.721367 2.302467
v 0.339600 90.530800 1.615837
v 0.171416 90.508850 2.573450
v 0.315189 90.508942 2.034182
v 0.334879 90.428261 1.487511
v 0.081740 89.806190 0.471878
v 0.098111 89.740501 0.124516
v 0.112956 89.707123 -0.118771
v 0.123445 89.735893 -0.316523
v 0.118231 89.747925 -0.512419
v 0.108617 89.778481 -0.708242
v 0.112111 89.829697 -0.918088
v 0.103379 89.998520 -1.153523
v 0.098212 89.904694 -1.356485
v 0.096541 89.703407 -1.727431
v 0.084709 89.604828 -2.005533
v 0.077480 89.705055 -2.342206
v 0.043047 90.089600 -2.626117
v 0.016547 90.226578 -2.807791
v 0.010541 90.336609 -2.946276
v -0.000297 90.204140 1.355037
v 0.003833 90.165207 1.279270
v 0.021184 90.008759 1.141857
v 0.066524 89.964157 0.978118
v 0.080095 89.896355 0.716625
v 0.064426 90.068504 0.971525
v 0.078296 90.002068 0.668565
v 0.091554 89.958519 0.402076
v 0.109312 89.907417 0.108989
v 0.143456 89.891930 -0.094004
v 0.167525 89.930969 -0.283949
v 0.185275 89.942596 -0.477551
v 0.196640 89.951920 -0.678275
v 0.194589 89.995445 -0.900583
v 0.174934 90.203415 -1.151538
v 0.154724 90.120796 -1.382336
v 0.019429 90.144424 0.627048
v 0.042243 90.145973 0.379836
v 0.074520 90.151581 0.190553
v 0.135039 90.121010 -0.056578
v 0.202275 90.131256 -0.273548
v 0.225292 90.129921 -0.458878
v 0.235505 90.137840 -0.644550
v 0.230830 90.154961 -0.873608
v 0.203096 90.284966 -1.104628
v 0.181394 90.283005 -1.402584
v 0.067416 90.320602 0.233529
v 0.111857 90.433670 0.014797
v 0.174312 90.296791 -0.284238
v 0.227271 90.281845 -0.463686
v 0.221782 90.293365 -0.627938
v 0.201812 90.296539 -0.851210
v 0.127329 90.333076 -0.600778
v 0.167430 90.317154 -0.470200
v 0.126712 90.337891 -0.350722
v 0.000039 90.409470 -0.294076
v -0.000007 90.356857 -0.676567
v -0.001844 90.476761 -1.375058
v 0.001010 90.365196 -1.298982
v 0.024400 90.481392 -1.472156
v 0.049903 90.469124 -1.565059
v 0.040173 90.443474 -1.686789
v 0.073189 90.417953 -1.843910
v 0.050846 90.419594 -2.037404
v 0.080594 90.405502 -2.236918
v 0.072712 90.388123 -2.418514
v 0.071341 90.382050 -2.568176
v 0.034086 90.421944 -2.689758
v 0.021302 90.462967 -2.756963
v 0.018423 90.483253 -2.771246
v 0.043078 90.412971 -1.418860
v 0.074285 90.404564 -1.547077
v 0.071278 90.352051 -1.656610
v 0.093827 90.353378 -1.820849
v 0.080391 90.320923 -2.039782
v 0.100246 90.325470 -2.243996
v 0.096568 90.311897 -2.430699
v 0.070022 90.322449 -2.577676
v 0.070032 90.332352 -2.674951
v 0.046042 90.331383 -2.801877
v -0.000001 90.339592 -2.888792
v 0.000036 90.256546 0.994976
v 0.000049 90.302467 0.662724
v 0.000044 90.314171 0.442106
v 0.000040 90.369316 0.273986
v 0.000040 90.477173 0.048517
v 0.015303 90.169014 0.963106
v 0.049524 90.283234 0.388554
v 0.024385 90.245155 0.650388
v 0.014559 90.216385 0.971271
v 0.001679 90.214394 1.097125
v 0.000639 90.224091 1.146827
v 0.000547 90.186127 1.167679
v 0.000041 90.465202 -0.172769
v 0.118044 89.977402 -1.781306
v 0.107296 89.940994 -2.024896
v 0.096101 89.923767 -2.305893
v 0.054509 90.141205 -2.618059
v 0.034786 90.268272 -2.793984
v 0.024644 90.417801 -3.051017
v 0.014605 90.420593 -3.027389
v 0.381141 90.328972 0.778651
v 0.395703 90.388306 0.619642
v 0.411921 90.461029 0.406391
v 0.426300 90.411469 0.065010
v 0.424595 90.357483 -0.336673
v 0.331074 90.213615 -0.945619
v 0.316634 90.207588 -1.140158
v 0.278092 90.214561 -1.356749
v 0.220671 90.157928 -1.732571
v 0.213664 90.090378 -1.987985
v 0.204506 90.033539 -2.344006
v 0.176105 90.258492 -2.547368
v 0.137087 90.200310 -1.790916
v 0.123093 90.163055 -2.028441
v 0.111275 90.129311 -2.275564
v 0.082130 90.228043 -2.599212
v 0.013327 90.360245 -2.939398
v 0.009003 90.424881 -3.004400
v 0.008063 90.434929 -3.068922
v 0.014926 90.435493 -3.032871
v 0.011426 90.439835 -3.008920
v 0.049273 90.295609 -2.843381
v 0.021933 90.361153 -2.906700
v -0.000001 90.396065 -2.964923
v 0.011046 90.406929 -2.975467
v 0.005812 90.328819 -2.890914
v 0.003700 90.483139 -2.773009
v 0.016575 90.327316 -2.867649
v 0.019142 90.481247 -2.771424
v 0.108025 90.337341 -0.831532
v 0.080457 90.370056 -1.350655
v 0.112929 90.351593 -1.500339
v 0.113276 90.305077 -1.639431
v 0.122657 90.296753 -1.786636
v 0.112210 90.258286 -2.025959
v 0.098607 90.360924 -1.042162
v 0.171933 90.323311 -1.087197
v 0.157059 90.354240 -1.254678
v 0.160104 90.248642 -1.598790
v 0.138682 90.062309 -1.570931
v 0.104391 89.806824 -1.525838
v 0.107348 89.621140 -1.528175
v 0.137024 89.603386 -1.527323
v 0.079132 90.270782 -2.686636
v 0.055209 90.220055 -2.689149
v 0.029559 90.165642 -2.689805
v 0.040998 90.071983 -2.709995
v 0.072184 90.001816 -2.734298
v 0.103014 90.153519 -2.459852
v 0.084644 90.015686 -2.484524
v 0.051571 89.917030 -2.488952
v 0.068607 89.838120 -2.517208
v 0.091282 89.790375 -2.533300
v 0.113786 90.242302 -2.248884
v 0.104955 90.242790 -2.440485
v 0.058415 90.271263 -2.589610
v 0.083446 90.298149 -2.681375
v 0.053224 90.302353 -2.816060
v 0.024206 90.354019 -2.881112
v 0.008532 90.364891 -2.921570
v 0.008096 90.368652 -2.923206
v 0.185869 89.652657 -1.519030
v 0.206625 89.774788 -1.514273
v 0.218623 89.924629 -1.514907
v 0.236201 90.120644 -1.519690
v 0.134701 89.778572 -2.503782
v 0.174164 89.831177 -2.458345
v 0.108417 90.024330 -2.744757
v 0.157930 90.319130 -2.877232
v 0.079702 90.497566 -3.083695
v 0.000526 90.520226 -3.246894
v 0.135124 90.083565 -2.721022
v 0.099759 90.966240 -4.703852
v 0.212954 91.029190 -4.809946
v 0.226651 91.098793 -4.909908
v 0.104677 91.341026 -5.087239
v 0.045658 91.424835 -5.124250
v 0.330252 91.040611 -2.600155
v 0.573153 91.232948 -2.546447
v 0.725181 91.463112 -2.440929
v 0.397114 91.014168 -2.409224
v 0.668123 91.191551 -2.323680
v 0.829157 91.435272 -2.211059
v 0.431054 91.007568 -2.123817
v 0.720950 91.176300 -1.991048
v 0.894845 91.397629 -2.033036
v 0.253173 91.064400 -2.680822
v 0.173248 91.025223 -2.658453
v 0.080876 91.017609 -2.689405
v 0.453589 91.261238 -2.708795
v 0.317849 91.289566 -2.760755
v 0.164094 91.281128 -2.730868
v 0.586421 91.510132 -2.690434
v 0.414570 91.551590 -2.709705
v 0.212511 91.549469 -2.709606
v 0.443441 90.998840 -1.966963
v 0.737337 91.119034 -1.720050
v 0.925335 91.349472 -1.600392
v 0.425448 90.970413 -1.537200
v 0.706363 91.129059 -1.363153
v 0.908807 91.349442 -1.208390
v 0.396812 90.989700 -1.220590
v 0.637978 91.142975 -1.006514
v 0.854513 91.355347 -0.807193
v 0.323393 90.993454 -0.959590
v 0.545258 91.140152 -0.680548
v 0.753375 91.338600 -0.399120
v 0.244370 91.012276 -0.735177
v 0.416584 91.151405 -0.381711
v 0.591456 91.344688 -0.007593
v 0.132792 91.033058 -0.560660
v 0.234395 91.186295 -0.133652
v 0.340345 91.378128 0.302469
v 0.000034 91.037842 -0.477828
v 0.453189 91.711296 0.706523
v 0.746768 91.666130 0.284179
v 0.910375 91.649712 -0.183448
v 0.990212 91.653519 -0.640391
v 1.017705 91.654678 -1.078669
v 1.000966 91.655304 -1.490092
v 0.940458 91.695847 -1.915702
v 0.863292 91.713310 -2.247214
v 0.755676 91.721184 -2.390251
v 0.607604 91.777214 -2.507205
v 0.423383 91.795021 -2.623298
v 0.215333 91.785995 -2.634566
v 0.517055 92.167435 0.862508
v 0.803039 92.073547 0.407921
v 0.944642 92.030510 -0.088532
v 1.004721 92.014587 -0.545927
v 1.005612 91.997284 -0.988704
v 0.965500 91.978981 -1.394752
v 0.886659 91.961647 -1.746443
v 0.799511 91.949097 -2.045295
v 0.693310 91.945419 -2.312356
v 0.549838 91.966469 -2.373834
v 0.375905 91.983276 -2.488326
v 0.195919 92.006180 -2.503827
v -0.000001 92.008118 -2.533699
v 0.485938 92.571327 0.709934
v 0.743052 92.437012 0.346430
v 0.858824 92.382645 -0.082169
v 0.903064 92.344559 -0.513296
v 0.890704 92.300041 -0.926646
v 0.824540 92.252792 -1.313508
v 0.754996 92.210434 -1.635229
v 0.680185 92.177803 -1.903792
v 0.590012 92.157242 -2.115226
v 0.469220 92.201820 -2.213498
v 0.334506 92.198273 -2.299424
v 0.183996 92.257805 -2.302157
v -0.000001 92.293259 -2.277614
v 0.438296 92.799179 0.381024
v 0.649191 92.657875 0.227227
v 0.687165 92.668930 -0.073363
v 0.705184 92.646339 -0.476530
v 0.670692 92.589966 -0.877469
v 0.624151 92.510735 -1.229937
v 0.565921 92.432114 -1.525237
v 0.521323 92.352150 -1.794857
v 0.504099 92.283134 -1.983228
v 0.401362 92.323730 -1.998701
v 0.316404 92.319183 -2.088897
v 0.203747 92.423302 -1.961110
v 0.052547 90.685905 -1.745476
v 0.091214 90.679611 -1.921919
v 0.065191 90.727531 -1.983323
v 0.102758 90.735718 -2.200286
v 0.093542 90.741486 -2.417401
v 0.091751 90.763824 -2.539872
v 0.053355 90.778839 -2.600516
v 0.033992 90.792847 -2.649510
v 0.028994 90.801453 -2.672027
v 0.012497 90.811066 -2.687770
v -0.000001 90.811386 -2.688372
v 0.069047 90.670242 -1.592240
v 0.030718 90.680893 -1.461407
v -0.016567 93.002258 0.045822
v 0.000346 92.998260 -0.348433
v 0.000240 92.943108 -0.706496
v 0.000015 92.862366 -1.034796
v 0.000005 92.754082 -1.340010
v 0.000160 92.636902 -1.611602
v 0.420382 92.882233 -0.036927
v 0.403351 92.883148 -0.440768
v 0.383851 92.825302 -0.790267
v 0.350721 92.744476 -1.120562
v 0.316878 92.647835 -1.399721
v 0.297220 92.505722 -1.750065
v 0.676699 89.562256 -3.440341
v 0.500361 89.718513 -3.955026
v 0.822372 89.380280 -5.113663
v 0.587121 89.655128 -4.617814
v 0.607202 89.757233 -5.100772
v 0.412947 90.809677 -6.373737
v 0.834559 89.460632 -4.585631
v 0.975586 89.431030 -2.751797
v 0.121200 90.322502 2.458117
v 0.085888 90.443283 2.658798
v 0.081555 90.486694 2.838595
v 0.241104 90.333954 2.083654
v 0.299075 90.386993 1.826829
v 0.307357 90.365860 1.575843
v 0.353029 90.346191 1.211714
v 0.371320 90.359749 1.055237
v 0.390499 90.417213 1.033761
v 0.397857 90.502449 0.909072
v 0.434127 90.499718 0.143032
v 0.445506 90.467575 -0.330550
v 0.397616 90.336159 -0.956157
v 0.167958 90.081413 -2.599079
v 0.167605 90.194984 -2.732374
v 0.000002 93.678337 7.158251
v -0.001920 92.144463 5.904472
v -0.000193 91.283646 4.363636
v -0.030888 90.120865 2.122374
v -0.020282 90.102882 1.944570
v 0.000032 90.472336 -0.502952
v 0.000194 91.964806 -5.978709
v 0.000079 91.616661 -5.498922
v -0.000001 91.287102 -4.581863
v 0.000297 90.124611 -3.485366
v 0.000324 90.069870 -3.701305
v 0.002071 90.109932 -4.179210
v -1.924959 98.764404 9.180264
v -4.536260 98.440872 8.745276
v -1.608382 96.107231 8.445589
v -3.378685 95.420670 7.926977
v -5.024481 95.119743 7.302607
v -1.489004 94.738754 7.597472
v -3.089405 94.172768 7.153290
v -4.060252 93.678802 6.921053
v -1.354623 93.332947 7.062129
v -2.397378 92.703598 6.621384
v -3.217067 92.289185 6.391806
v -0.229077 91.713959 4.856979
v -0.354137 91.081245 3.291931
v -0.349081 90.687744 2.485809
v -0.363523 90.489616 1.668593
v -0.392025 90.401543 0.754760
v -0.433322 90.392715 -0.204271
v -0.423771 90.461533 -0.539943
v -0.411566 90.448547 -1.008268
v -0.408963 90.481216 -1.584144
v -0.352695 90.492859 -2.145233
v -0.317399 90.547607 -2.670726
v -0.088991 90.604240 -3.172964
v -0.341707 91.961472 6.079995
v -0.245957 91.185982 5.256175
v -0.217323 90.622047 4.473052
v -0.161444 90.204285 3.623838
v -0.160509 89.813728 2.897357
v -0.166787 89.676964 2.120679
v -0.185414 89.597862 1.285393
v -0.225667 89.599380 0.553093
v -0.241933 89.550362 -0.306036
v -0.198956 89.608566 -1.075904
v -0.166191 89.707420 -1.822181
v -0.172839 89.775482 -2.558332
v -0.103805 90.049538 -3.311375
v -2.246062 91.349899 5.749789
v -2.278332 90.132042 4.296844
v -1.882103 89.716385 3.117882
v -1.786906 89.636139 1.928638
v -1.733329 89.652382 0.444582
v -1.529765 89.425743 -0.296598
v -1.445000 89.354584 -1.094853
v -1.231242 89.369690 -1.963889
v -0.288550 89.786713 -3.628688
v -1.217773 91.765068 6.049379
v -1.121622 90.925110 5.131814
v -1.086389 90.369766 4.274087
v -1.114276 90.060394 3.461702
v -1.121493 89.806221 2.752491
v -1.098796 89.713356 2.043661
v -1.071021 89.549530 1.149719
v -1.003197 89.544472 0.418276
v -0.919686 89.526855 -0.419026
v -0.845207 89.572556 -1.203725
v -0.308618 91.600334 5.088668
v -0.127347 90.680199 3.333845
v -0.093669 90.446030 2.619117
v -0.079928 90.177299 1.762961
v -0.151202 90.049789 0.875640
v -0.279104 89.985161 -0.490918
v -0.365591 90.034355 -0.523351
v -0.421492 90.077141 -1.068786
v -0.434146 90.129745 -1.754907
v 0.001161 90.137901 -4.855573
v -0.179610 90.068115 -4.903938
v -0.456126 90.257408 -5.200253
v -0.497194 90.449127 -5.451671
v -0.340557 91.105949 -5.952135
v -0.166881 91.650436 -6.087344
v -0.263287 89.913368 -4.209327
v -0.510676 89.942863 -5.107379
v -0.530648 90.128471 -5.389870
v -0.367784 90.913109 -6.187868
v -0.185298 91.696236 -6.307033
v -0.984508 89.835480 -7.278900
v -0.436495 91.577347 -7.269718
v -1.678956 88.548744 -4.483860
v -1.787638 88.828384 -3.488416
v -1.900342 89.114296 -1.744274
v -2.754815 90.929085 5.685204
v -2.192924 89.454163 2.596766
v -2.038516 89.311508 1.338058
v -0.028990 90.101097 1.936543
v -0.067773 90.148300 1.889727
v -0.084508 90.208847 1.801544
v -0.093003 90.221596 1.705964
v -0.037721 90.139786 1.907813
v -0.043641 90.165665 1.840757
v -0.016649 90.125130 1.930923
v -0.012861 90.126266 1.933795
v -0.035640 90.213455 1.766750
v -0.000204 90.217911 1.751648
v -0.023259 90.064072 1.904756
v -0.029675 90.056839 1.896738
v -0.050331 90.048012 1.881314
v -0.072572 90.047005 1.765803
v -0.098116 90.079826 1.676223
v -0.178985 90.058212 1.581388
v -0.219471 90.129944 1.424331
v -0.260299 90.197136 1.275704
v -0.293098 90.212357 1.103781
v -0.307754 90.188683 0.912095
v -0.318141 90.169319 0.684667
v -0.375844 90.214584 0.354383
v -0.391546 90.251892 0.159239
v -0.399416 90.312248 -0.009846
v -0.168161 90.153534 1.467472
v -0.190007 90.158844 1.271487
v -0.227803 90.107475 1.118904
v -0.258648 90.083618 0.895305
v -0.265240 90.074532 0.657763
v -0.287045 90.017151 0.430013
v -0.000031 90.856827 3.335545
v -0.045418 90.139801 2.179932
v -0.100852 90.849846 3.225562
v -0.059074 91.250076 4.257325
v -0.048576 90.214935 1.604642
v -0.058782 90.125885 1.399457
v -0.119680 89.980446 1.203410
v -0.168953 89.771439 0.893214
v -0.189498 89.673340 0.652998
v -0.213915 89.581627 0.228095
v -0.226660 89.533707 -0.073262
v -0.205663 89.533745 -0.331353
v -0.181664 89.564423 -0.555936
v -0.161023 89.690056 -0.938427
v -0.142732 89.853371 -1.171872
v -0.074920 89.516518 -1.735885
v -0.135101 89.460533 -2.064613
v -0.048679 89.925308 -2.646477
v -0.127718 89.700569 -1.362264
v -0.062190 90.097633 2.093107
v -0.143217 90.062798 2.008174
v -0.190344 90.077225 1.902642
v -0.240792 90.092735 1.749507
v -0.272851 90.170288 1.553472
v -0.288378 90.265518 1.419986
v -0.314957 90.310165 1.286827
v -0.332907 90.281525 1.104060
v -0.357609 90.284660 0.901680
v 0.039648 91.749260 5.354225
v -0.078805 91.699303 5.278864
v -0.151817 91.682175 5.082954
v 0.047852 91.438995 4.923017
v -0.065786 91.420120 4.834176
v -0.137850 90.809280 2.988702
v -0.154170 91.174850 3.583875
v -0.151584 91.476242 4.655357
v -0.116177 90.193428 1.601713
v -0.146465 90.154167 1.494136
v -0.161686 90.106735 1.350029
v -0.201988 90.024948 1.192788
v -0.232869 89.970627 0.992802
v -0.251486 89.935272 0.764668
v -0.271084 89.861191 0.560181
v -0.142171 89.875557 1.046902
v -0.051759 90.105873 -2.837244
v -0.035568 90.319366 -2.966134
v -0.254820 89.645119 0.259376
v -0.220897 89.719452 0.642644
v -0.213834 89.805977 0.926857
v -0.185218 89.894302 1.064204
v -0.258508 89.599220 -0.079834
v -0.263477 89.599831 -0.305277
v -0.230714 89.618187 -0.531930
v -0.210634 89.708740 -0.937635
v -0.182287 89.872215 -1.166239
v -0.170047 89.721634 -1.365814
v -0.155839 89.525009 -1.728221
v -0.147234 89.490074 -2.042566
v -0.105312 89.917137 -2.639380
v -0.168731 89.615929 -0.748551
v -0.228337 89.641357 -0.736907
v -0.161009 89.991776 1.226338
v -0.137006 90.112198 1.403801
v -0.360383 90.174507 0.524246
v -0.328191 89.954834 0.210041
v -0.283768 89.798904 0.281373
v -0.000341 92.939537 6.747790
v -0.000955 92.338364 6.062222
v -0.096051 92.102386 5.798969
v -0.157047 92.277855 5.992548
v -0.188192 92.038528 5.231094
v -0.315983 92.128502 5.718855
v -0.213595 92.372787 6.160799
v -0.001104 92.566422 6.296099
v -0.290847 92.870789 6.843249
v -0.153903 92.804848 6.514722
v -0.000023 93.320671 7.024469
v -0.335780 89.961174 0.049898
v -0.336659 89.945320 -0.193347
v -0.301557 89.947083 -0.465889
v -0.303015 89.749001 -0.021875
v -0.282924 89.737793 -0.252120
v -0.271904 89.759399 -0.477704
v -0.167003 89.593620 -2.340718
v -0.122586 89.587105 -2.376734
v -0.257590 89.763390 -0.697385
v -0.237737 89.804131 -0.919863
v -0.204122 89.964638 -1.150163
v -0.186787 89.835411 -1.350166
v -0.199071 89.677261 -1.707256
v -0.134750 89.600510 -2.013953
v -0.184001 89.665482 -2.275661
v -0.136718 89.988251 -2.628336
v -0.776338 89.641586 -1.919914
v -0.639434 89.718529 -2.589194
v -0.289492 89.835632 -3.338807
v -0.400594 90.231033 -2.249980
v -0.329347 90.410721 -2.741728
v -0.118216 90.375114 -3.324755
v -0.061503 90.459259 -3.092787
v -0.036247 90.436241 -3.080997
v -0.101843 90.123711 -2.860009
v -0.067400 90.331009 -2.985581
v -0.194184 91.809738 -6.593537
v -0.170064 90.619308 -4.810671
v -0.364522 90.756134 -4.994979
v -0.387805 90.930756 -5.162360
v -0.143991 91.352112 -5.424663
v -0.065275 91.518112 -5.486335
v -0.191760 90.315231 -4.928950
v -0.525740 90.491348 -5.158116
v -0.540774 90.687256 -5.364338
v -0.298835 91.218735 -5.762171
v -0.140936 91.606827 -5.872216
v -0.122472 90.244110 -2.869022
v -0.090129 90.359306 -2.989525
v -0.016357 90.142975 1.354669
v -0.072716 89.987373 1.199364
v -0.104971 89.883873 1.016848
v -0.125009 89.777275 0.833147
v -0.147962 89.677612 0.587945
v -0.175975 89.577034 0.163756
v -0.172487 89.537102 -0.110211
v -0.160621 89.535500 -0.340154
v -0.145770 89.568649 -0.557023
v -0.136555 89.633926 -0.747218
v -0.125726 89.700768 -0.936117
v -0.119333 89.851547 -1.167967
v -0.102364 89.725327 -1.356309
v -0.065481 89.532364 -1.737558
v -0.084763 89.473289 -2.058317
v -0.087620 89.604591 -2.363956
v -0.021724 89.978302 -2.638626
v -0.025004 90.164131 -2.818684
v -0.016874 90.319946 -2.951669
v 0.000012 90.366112 -0.391625
v -0.034395 90.371902 -0.426405
v -0.055646 90.367569 -0.480121
v -0.037469 90.359627 -0.540249
v 0.000019 90.359543 -0.565472
v -0.000072 90.370209 -0.358907
v -0.078378 90.370552 -0.393792
v -0.113269 90.355370 -0.477273
v -0.086660 90.356270 -0.567621
v -0.263930 89.956993 -0.762964
v -0.252325 89.959030 -0.946323
v -0.229356 90.068230 -1.137963
v -0.210808 89.949272 -1.340275
v -0.205545 89.821770 -1.696820
v -0.201452 89.740715 -1.964496
v -0.192827 89.742645 -2.229776
v -0.358253 90.231758 -0.351026
v -0.298832 90.089142 -0.950002
v -0.281875 90.201210 -1.145642
v -0.257499 90.074257 -1.345450
v -0.220595 89.951660 -1.706320
v -0.210963 89.882118 -1.969978
v -0.191552 89.894768 -2.371152
v -0.346068 90.872627 3.098918
v -0.360142 90.717087 2.383580
v -0.380365 90.574402 1.631287
v -0.408039 90.561409 0.591726
v -0.473744 90.570084 -0.317899
v -0.361843 90.324028 -1.291360
v -0.258643 90.345940 -1.550336
v -0.202977 90.345596 -2.005531
v -0.276087 90.663719 2.587578
v -0.319482 90.721390 2.302482
v -0.346004 90.528496 1.616770
v -0.170879 90.508957 2.573454
v -0.314394 90.509140 2.034244
v -0.334283 90.428276 1.487572
v -0.096740 89.806114 0.473551
v -0.111915 89.739822 0.124683
v -0.114157 89.707466 -0.119480
v -0.120358 89.736938 -0.320209
v -0.122727 89.749565 -0.512666
v -0.129133 89.781029 -0.698330
v -0.126086 89.832687 -0.910104
v -0.111817 90.000076 -1.148522
v -0.105190 89.906555 -1.350642
v -0.093414 89.702301 -1.729677
v -0.082577 89.607788 -2.010716
v -0.072246 89.701637 -2.339914
v -0.028410 90.087097 -2.621546
v -0.017036 90.227585 -2.807748
v -0.006626 90.340561 -2.945771
v -0.004496 90.163940 1.278446
v -0.026825 90.008163 1.139853
v -0.071196 89.963692 0.976448
v -0.089508 89.898636 0.716603
v -0.070952 90.068695 0.971000
v -0.078524 90.001991 0.668189
v -0.092558 89.958885 0.401962
v -0.110691 89.907997 0.108685
v -0.144013 89.893135 -0.095874
v -0.167478 89.931778 -0.285318
v -0.187525 89.943680 -0.477948
v -0.201347 89.952194 -0.676261
v -0.196469 89.994682 -0.899158
v -0.178618 90.203781 -1.148038
v -0.157380 90.121780 -1.379261
v -0.006782 90.142975 0.625982
v -0.039617 90.145744 0.378971
v -0.113746 90.121750 0.155500
v -0.134699 90.121269 -0.057064
v -0.205892 90.132240 -0.272881
v -0.230514 90.130676 -0.456769
v -0.242328 90.137276 -0.641221
v -0.235012 90.153816 -0.868874
v -0.211812 90.287567 -1.097422
v -0.190347 90.289078 -1.389347
v -0.066012 90.320518 0.233087
v -0.111803 90.433464 0.015329
v -0.173934 90.296944 -0.284557
v -0.229275 90.282127 -0.462698
v -0.222295 90.293396 -0.627572
v -0.201758 90.296021 -0.850761
v -0.126373 90.333221 -0.601359
v -0.167533 90.317200 -0.470027
v -0.126827 90.337662 -0.350103
v -0.003857 90.321198 -1.181543
v -0.000165 90.373787 -1.021022
v -0.067497 90.445656 -1.563851
v -0.031066 90.436714 -1.695241
v -0.072487 90.427399 -1.843265
v -0.048776 90.434845 -2.034420
v -0.076015 90.407295 -2.236072
v -0.076476 90.386833 -2.419208
v -0.072715 90.381790 -2.568403
v -0.028186 90.419647 -2.689480
v -0.020725 90.463028 -2.756886
v -0.052691 90.410866 -1.418215
v -0.089123 90.386040 -1.527475
v -0.051266 90.348999 -1.686880
v -0.090457 90.367256 -1.819641
v -0.076236 90.333458 -2.037050
v -0.095392 90.325897 -2.243369
v -0.095029 90.311081 -2.430687
v -0.067022 90.321785 -2.577460
v -0.066769 90.331398 -2.674749
v -0.044820 90.333382 -2.801383
v -0.005308 90.167923 0.962460
v -0.046619 90.283005 0.387561
v -0.021395 90.244331 0.650219
v -0.003335 90.215424 0.970811
v -0.000194 90.214264 1.096842
v 0.000366 90.185944 1.167253
v 0.000163 90.205231 1.237498
v -0.113132 89.977859 -1.774807
v -0.099438 89.940872 -2.023667
v -0.082673 89.922440 -2.304564
v -0.034877 90.142029 -2.616607
v -0.034392 90.269020 -2.792888
v -0.000270 90.354988 -0.811951
v -0.022800 90.421600 -3.053491
v -0.010194 90.430443 -3.034649
v -0.377044 90.327225 0.775369
v -0.392352 90.387245 0.616846
v -0.409797 90.462120 0.402203
v -0.421137 90.409271 0.058591
v -0.420883 90.356430 -0.340445
v -0.329279 90.213036 -0.946451
v -0.309946 90.206306 -1.148835
v -0.277818 90.215080 -1.356375
v -0.218455 90.158058 -1.732178
v -0.206855 90.090050 -1.987292
v -0.190654 90.032387 -2.342630
v -0.169410 90.254318 -2.541237
v -0.136699 90.200279 -1.790873
v -0.115495 90.161087 -2.027926
v -0.102300 90.129822 -2.274437
v -0.071743 90.227867 -2.598035
v -0.010829 90.359734 -2.937037
v -0.007235 90.428673 -3.007960
v -0.048306 90.297859 -2.842868
v -0.020768 90.368256 -2.906159
v -0.011047 90.396469 -2.974666
v -0.006468 90.330864 -2.890805
v -0.003284 90.483704 -2.772858
v -0.016030 90.328384 -2.867394
v -0.018666 90.483551 -2.770953
v -0.107521 90.336967 -0.831431
v -0.079959 90.370003 -1.351050
v -0.122327 90.339584 -1.494115
v -0.110635 90.307137 -1.641468
v -0.121095 90.300926 -1.799624
v -0.108178 90.259315 -2.025323
v -0.098398 90.360413 -1.041853
v -0.181472 90.328209 -1.080323
v -0.157487 90.354340 -1.254145
v -0.161893 90.247627 -1.599098
v -0.137642 90.062675 -1.571750
v -0.100567 89.807625 -1.527712
v -0.100916 89.620445 -1.529638
v -0.128219 89.601974 -1.532998
v -0.069295 90.270096 -2.685611
v -0.045365 90.220657 -2.688283
v -0.028015 90.164368 -2.689438
v -0.039304 90.072319 -2.709486
v -0.069077 89.996437 -2.726432
v -0.092805 90.153870 -2.458606
v -0.067915 90.014275 -2.482816
v -0.035942 89.912033 -2.485619
v -0.047117 89.833878 -2.517653
v -0.077638 89.781578 -2.520190
v -0.107517 90.242043 -2.248216
v -0.097863 90.242126 -2.439792
v -0.051458 90.271133 -2.588831
v -0.074851 90.297638 -2.680466
v -0.051878 90.305473 -2.815347
v -0.024208 90.361671 -2.881697
v -0.008098 90.365868 -2.922994
v -0.169763 89.653282 -1.518143
v -0.196970 89.773979 -1.506253
v -0.213412 89.925682 -1.513931
v -0.234539 90.120918 -1.519449
v -0.129033 89.775505 -2.499496
v -0.159354 89.834175 -2.460982
v -0.110164 90.026001 -2.747670
v -0.152339 90.316620 -2.872849
v -0.078656 90.498116 -3.083987
v -0.139937 90.086769 -2.726115
v -0.000001 90.965096 -4.704245
v -0.099761 90.966248 -4.703847
v -0.212956 91.029190 -4.809946
v -0.226653 91.098793 -4.909906
v -0.104679 91.341026 -5.087239
v -0.045660 91.424835 -5.124250
v -0.000001 91.464134 -5.133211
v -0.328771 91.041634 -2.600060
v -0.569645 91.235107 -2.546247
v -0.721721 91.465088 -2.440747
v -0.395734 91.014992 -2.409148
v -0.664767 91.193123 -2.323535
v -0.825865 91.436592 -2.210937
v -0.430375 91.007690 -2.123806
v -0.717755 91.177254 -1.990960
v -0.891176 91.398186 -2.032986
v -0.251913 91.065331 -2.680736
v -0.172555 91.025787 -2.658401
v -0.080877 91.017609 -2.689405
v -0.000001 91.005760 -2.683560
v -0.000001 91.274940 -2.727072
v -0.000001 91.554253 -2.710735
v -0.000001 91.778267 -2.625800
v -0.450696 91.263603 -2.708577
v -0.315675 91.291351 -2.760591
v -0.163911 91.281281 -2.730854
v -0.583908 91.512184 -2.690244
v -0.412541 91.553253 -2.709551
v -0.212367 91.549583 -2.709595
v -0.442760 90.998840 -1.966963
v -0.734338 91.119377 -1.720018
v -0.921670 91.349472 -1.600392
v -0.427435 90.975449 -1.536937
v -0.703840 91.129059 -1.363153
v -0.904763 91.349442 -1.208390
v -0.396144 90.989700 -1.220591
v -0.635969 91.142975 -1.006515
v -0.850076 91.355347 -0.807194
v -0.322890 90.993454 -0.959590
v -0.542916 91.140152 -0.680548
v -0.749926 91.338600 -0.399120
v -0.244028 91.012276 -0.735177
v -0.414922 91.151405 -0.381712
v -0.588148 91.344681 -0.007593
v -0.132649 91.033058 -0.560661
v -0.233751 91.186295 -0.133651
v -0.338507 91.378128 0.302468
v 0.000025 91.216179 -0.020147
v 0.000055 91.427376 0.479306
v 0.006407 91.766289 0.959271
v -0.450602 91.711296 0.706523
v -0.742970 91.666130 0.284179
v -0.905349 91.649712 -0.183448
v -0.985226 91.653519 -0.640391
v -1.013293 91.654678 -1.078669
v -0.997017 91.655304 -1.490092
v -0.936808 91.696037 -1.915686
v -0.860034 91.714508 -2.247104
v -0.752254 91.723007 -2.390083
v -0.605413 91.779007 -2.507040
v -0.422307 91.795906 -2.623217
v -0.215335 91.785995 -2.634566
v -0.000171 92.252098 1.147749
v -0.513447 92.167435 0.862508
v -0.799184 92.073547 0.407921
v -0.939334 92.030510 -0.088531
v -0.999482 92.014587 -0.545927
v -1.000986 91.997284 -0.988704
v -0.961484 91.978981 -1.394752
v -0.883327 91.961807 -1.746428
v -0.796277 91.950203 -2.045194
v -0.689929 91.947090 -2.312201
v -0.548534 91.967529 -2.373735
v -0.375312 91.983757 -2.488281
v -0.195921 92.006172 -2.503827
v 0.000013 92.673744 0.927532
v -0.482034 92.571327 0.709934
v -0.739186 92.437012 0.346429
v -0.853997 92.382645 -0.082169
v -0.897410 92.344559 -0.513296
v -0.886004 92.300041 -0.926646
v -0.820444 92.252792 -1.313508
v -0.751696 92.210686 -1.635206
v -0.676961 92.178864 -1.903694
v -0.588119 92.158211 -2.115136
v -0.468472 92.202431 -2.213442
v -0.334508 92.198273 -2.299424
v -0.183998 92.257805 -2.302157
v 0.000925 92.919243 0.492532
v -0.434430 92.799179 0.381024
v -0.645338 92.657875 0.227227
v -0.682516 92.668930 -0.073363
v -0.699956 92.646339 -0.476530
v -0.666040 92.589966 -0.877469
v -0.620834 92.510735 -1.229937
v -0.563713 92.432289 -1.525221
v -0.519218 92.352982 -1.794780
v -0.501855 92.284203 -1.983129
v -0.401363 92.323730 -1.998701
v -0.316406 92.319183 -2.088897
v -0.203749 92.423302 -1.961110
v -0.000001 92.513916 -1.850760
v -0.052341 90.685913 -1.745555
v -0.090850 90.679649 -1.921891
v -0.064572 90.727547 -1.983263
v -0.101937 90.735741 -2.200211
v -0.092659 90.741508 -2.417315
v -0.090846 90.763855 -2.539783
v -0.052516 90.778862 -2.600425
v -0.033650 90.792931 -2.649463
v -0.028670 90.801537 -2.671981
v -0.007879 90.809959 -2.687426
v -0.068781 90.670227 -1.592336
v -0.001010 90.675407 -1.370689
v -0.416575 92.882233 -0.036927
v -0.399279 92.883148 -0.440768
v -0.381512 92.825302 -0.790267
v -0.348907 92.744476 -1.120562
v -0.315840 92.648148 -1.399691
v -0.296717 92.505722 -1.750065
v -0.672918 89.565300 -3.440036
v -0.496909 89.721611 -3.954691
v -0.820873 89.380379 -5.113652
v -0.583591 89.658134 -4.617526
v -0.605097 89.758919 -5.100611
v -0.411981 90.810646 -6.373655
v -0.831280 89.462273 -4.585472
v -0.971108 89.434006 -2.751507
v -0.120612 90.322678 2.458072
v -0.085648 90.443306 2.658744
v -0.081409 90.486664 2.838409
v -0.000001 90.477142 2.922807
v -0.240597 90.334023 2.083682
v -0.298679 90.386978 1.826845
v -0.306440 90.366081 1.575869
v -0.350858 90.343758 1.215077
v -0.369141 90.359283 1.053523
v -0.388411 90.416779 1.032551
v -0.396795 90.502510 0.909222
v -0.433105 90.500130 0.143136
v -0.444444 90.467751 -0.329945
v -0.359994 90.300407 -0.995932
v -0.165904 90.082710 -2.598381
v -0.166650 90.194778 -2.732018
v -0.031435 90.465752 -1.474541
v -0.030654 90.680885 -1.461431
v 4.536639 98.440872 8.744830
v 6.500464 97.675919 8.224000
v 2.212478 88.057808 -6.079966
v -6.500150 97.676483 8.224735
v -2.191723 88.058884 -6.079279
v 0.770583 97.111458 8.913033
v -0.770585 97.111458 8.913033
v -0.000020 97.095009 8.928423
v 2.396563 96.618416 8.590006
v 2.793348 95.895439 8.173903
v -2.793352 95.895447 8.173900
v -2.396487 96.618416 8.590092
v 6.084828 97.934341 8.393957
v 5.257202 98.190933 8.597353
v 4.304016 95.740967 7.927631
v 4.564418 95.146042 7.546702
v -5.256835 98.190933 8.597818
v -6.084477 97.934341 8.394437
v -4.564461 95.146042 7.546663
v -4.303966 95.740967 7.927718
v 1.861047 97.715614 9.007741
v 4.104661 97.108269 8.488888
v 5.755075 96.365005 7.933779
v -4.104458 97.108269 8.489151
v -1.860936 97.715614 9.007850
v -5.754954 96.365005 7.934031
v 0.853366 97.794830 9.150183
v -0.853324 97.794830 9.150220
v -0.000013 97.757912 9.109631
v 2.645175 97.596291 8.917130
v 3.328216 97.369247 8.744401
v -3.328046 97.369247 8.744610
v -2.645014 97.596291 8.917305
v 4.786663 96.834435 8.251875
v 5.452650 96.592674 7.994983
v -5.452500 96.592682 7.995231
v -4.786482 96.834435 8.252138
v 2.512326 90.018532 4.230908
v -0.000001 96.656807 -7.858875
v -2.510855 90.018486 4.230906
v -0.187853 92.707848 -7.302579
v 0.187852 92.707848 -7.302580
v 1.728662 88.716187 -6.746650
v -1.718850 88.716591 -6.746394
v 0.869570 89.633835 -6.348229
v -0.868207 89.633835 -6.348229
v 1.954540 89.228264 -0.477390
v -1.945973 89.228264 -0.477390
v 1.922259 89.948654 3.759902
v 1.981718 90.203903 4.369307
v 2.029873 90.679344 5.064704
v -2.028966 90.679352 5.064702
v -1.979722 90.203903 4.369302
v -1.919345 89.948654 3.759900
v 1.827663 89.481842 2.486086
v 1.761582 89.395874 1.812181
v 1.722542 89.388359 1.173464
v -1.823105 89.481842 2.486086
v -1.756998 89.395874 1.812181
v -1.717066 89.388359 1.173464
v 1.326274 88.928299 -4.761267
v 1.255655 89.070847 -4.078575
v -1.320920 88.928574 -4.761127
v -1.249400 89.072357 -4.078414
v 1.487970 88.765244 -5.804256
v -1.481028 88.765678 -5.803992
v 0.450817 90.710136 -5.699960
v 0.523073 90.909668 -5.587173
v 0.270014 91.112312 -5.298719
v 0.195199 91.183266 -5.019651
v 0.500328 90.430664 -5.811188
v 0.591339 90.061050 -5.828094
v -0.497350 90.433716 -5.810914
v -0.448554 90.712524 -5.699719
v -0.521608 90.911179 -5.587013
v -0.590758 90.061409 -5.828061
v -0.269571 91.112770 -5.298670
v -0.195201 91.183266 -5.019651
v 0.003835 94.148331 -7.005916
v -0.203320 92.116333 -6.955382
v 0.204050 92.115601 -6.955521
v -0.472888 90.729576 -6.851308
v 0.473199 90.729576 -6.851308
v 1.729422 89.090668 -1.738734
v -1.721970 89.090668 -1.738734
v -1.170362 89.187889 -3.572561
v 1.176104 89.185020 -3.572843
v -1.913383 89.352272 -0.961537
v 1.922133 89.352272 -0.961537
v 1.484340 89.072685 -2.748220
v -1.477559 89.074219 -2.748069
v 0.345544 90.141556 -5.007255
v 0.391023 90.370361 -5.022529
v 0.269961 90.676468 -4.885244
v 0.170048 90.986420 -4.743624
v 0.420339 89.794914 -4.718626
v 0.576709 89.702072 -4.268761
v 0.809827 89.486511 -4.071026
v -0.417131 89.798027 -4.718299
v -0.343910 90.143234 -5.007075
v -0.390257 90.371185 -5.022442
v -0.573187 89.705116 -4.268458
v -0.805409 89.489471 -4.070739
v -0.269930 90.676559 -4.885231
v -0.170050 90.986420 -4.743621
v 0.036606 89.970192 1.148596
v 0.092645 89.925095 0.990354
v 0.109429 89.838882 0.776668
v 0.116386 89.740242 0.530171
v 0.127884 89.654449 0.133084
v 0.131716 89.623215 -0.120876
v 0.131424 89.636559 -0.330251
v 0.112766 89.648926 -0.536029
v 0.103908 89.702042 -0.727679
v 0.102767 89.758171 -0.928328
v 0.104024 89.916618 -1.164248
v 0.003371 90.153618 1.314380
v 0.018429 90.329880 -2.961290
v 0.014948 90.417450 -3.051726
v 0.096470 89.808456 -1.351182
v 0.106444 89.497337 -2.035660
v 0.100085 89.596085 -1.730957
v 0.097154 89.702034 -1.521115
v 0.015165 90.195763 -2.816623
v 0.025658 90.116188 -2.697296
v 0.046260 90.033516 -2.633936
v 0.076732 89.656334 -2.352599
v 0.065551 89.872200 -2.505441
v -0.042996 89.969254 1.146286
v -0.005021 90.154053 1.313326
v -0.095484 89.924362 0.988217
v -0.115136 89.838280 0.775774
v -0.127132 89.741241 0.532827
v -0.142563 89.653816 0.134699
v -0.134134 89.622803 -0.119886
v -0.132172 89.638252 -0.333379
v -0.129667 89.649750 -0.536713
v -0.131824 89.702934 -0.727148
v -0.118052 89.760155 -0.924825
v -0.109894 89.918205 -1.162187
v -0.095200 89.810341 -1.352355
v -0.094602 89.704094 -1.518850
v -0.046895 89.528702 -2.032720
v -0.044645 89.598930 -1.729819
v -0.069851 89.652878 -2.353218
v -0.046189 89.868706 -2.507029
v -0.024395 90.116158 -2.698065
v -0.031876 90.032455 -2.632108
v -0.007142 90.328148 -2.952726
v -0.016246 90.194756 -2.816124
v -0.008291 90.425415 -3.057885
v -0.000362 90.215393 1.455644
v 0.014428 90.431999 -3.056056
v 1.521852 88.859337 -0.186003
v 2.621638 90.219780 4.146850
v 3.171770 91.236801 5.074264
v 3.940210 92.441948 6.103457
v 1.566731 88.505981 -1.990354
v 1.516357 89.229233 1.592909
v 2.100273 89.639847 2.743066
v 7.106727 97.979744 8.371008
v 7.226432 97.687065 8.319752
v 7.138752 97.279648 8.273524
v 7.170724 97.700256 8.326714
v 7.301011 97.338699 8.262153
v 2.774886 88.185051 -4.165015
v 2.138975 88.006340 -4.216438
v 4.845166 93.741585 6.834154
v 2.321986 87.748924 -5.118268
v 2.830441 87.756790 -5.582462
v 6.349870 96.442078 7.987851
v 5.569069 95.032852 7.469284
v 7.557435 97.832314 8.296999
v -1.503179 88.860687 -0.186164
v -2.616921 90.219780 4.146816
v -3.171914 91.236801 5.074176
v -3.940421 92.441948 6.103316
v -1.541916 88.508949 -1.990013
v -1.499279 89.229782 1.592839
v -2.088107 89.639854 2.743066
v -7.106251 97.979744 8.371761
v -7.226034 97.687065 8.320406
v -7.138504 97.279648 8.273968
v -7.170374 97.700256 8.327281
v -7.300869 97.338699 8.262495
v -2.774887 88.185051 -4.165015
v -2.089926 88.011070 -4.214396
v -4.845376 93.741585 6.834018
v -2.279311 87.752716 -5.116415
v -2.830441 87.756790 -5.582461
v -6.349973 96.442078 7.987805
v -5.569226 95.032852 7.469196
v -7.556594 97.831642 8.297424
vn -0.8012 0.5979 0.0224
vn -0.9346 0.3380 -0.1105
vn -0.9853 -0.1165 0.1250
vn -0.8910 -0.4537 -0.0162
vn -0.8404 0.5129 -0.1752
vn -0.8272 0.5414 -0.1504
vn -0.9327 -0.3051 0.1926
vn -0.8013 0.5918 -0.0877
vn 0.6399 -0.4678 0.6097
vn 0.7887 -0.4804 0.3836
vn 0.3126 -0.7816 0.5398
vn -0.2312 -0.6489 0.7248
vn 0.3383 -0.6444 0.6858
vn 0.3660 -0.5808 0.7271
vn -0.5998 -0.7979 0.0596
vn -0.7734 -0.6304 0.0662
vn -0.8496 -0.5256 0.0438
vn -0.7763 -0.6229 -0.0967
vn -0.4370 -0.6380 -0.6340
vn 0.0431 -0.4169 -0.9079
vn -0.1943 -0.8132 -0.5486
vn -0.4959 -0.7893 -0.3621
vn -0.2080 -0.9243 -0.3200
vn -0.3678 -0.9238 -0.1063
vn -0.2442 -0.2636 -0.9332
vn 0.5538 0.1350 -0.8217
vn 0.8465 0.2742 -0.4563
vn 0.8467 0.2740 -0.4560
vn 0.9768 0.1217 -0.1761
vn 0.9989 0.0459 -0.0113
vn 0.9768 0.1216 -0.1761
vn -0.1520 -0.1492 0.9771
vn -0.1464 -0.1895 0.9709
vn 0.1331 -0.0236 0.9908
vn 0.0542 -0.1307 0.9899
vn 0.0733 -0.3901 0.9178
vn 0.0914 -0.3997 0.9121
vn 0.0742 -0.5962 0.7994
vn 0.0713 -0.6078 0.7909
vn -0.0008 -0.3513 0.9362
vn 0.0251 -0.3653 0.9306
vn 0.0349 -0.5932 0.8043
vn -0.0021 -0.5989 0.8008
vn 0.2633 -0.2024 0.9432
vn 0.3713 -0.0754 0.9254
vn 0.1802 -0.3292 0.9269
vn 0.1636 -0.2947 0.9415
vn 0.1323 -0.3214 0.9377
vn 0.1014 -0.4223 0.9008
vn 0.0861 -0.5184 0.8508
vn 0.1283 -0.3625 0.9231
vn -0.6967 -0.7150 0.0575
vn -0.9859 -0.1494 -0.0759
vn -0.0555 -0.4329 0.8997
vn 0.1391 -0.4779 0.8673
vn 0.0104 -0.3291 0.9442
vn -0.0949 -0.2807 0.9551
vn -0.2141 -0.3076 0.9271
vn 0.0147 -0.4110 0.9115
vn 0.4423 0.8906 -0.1056
vn 0.5875 0.8083 -0.0387
vn 0.9924 0.0152 0.1223
vn -0.1917 0.9310 -0.3105
vn 0.9044 0.4156 -0.0969
vn 0.8989 -0.4334 0.0644
vn 0.8837 -0.3656 0.2923
vn 0.8846 0.4663 0.0110
vn 0.3964 -0.8088 0.4343
vn -0.4398 -0.6127 0.6566
vn -0.7351 -0.5930 0.3287
vn -0.7747 -0.6222 -0.1131
vn -0.2199 -0.4672 0.8564
vn -0.4105 -0.5647 0.7160
vn 0.8987 0.2650 -0.3495
vn 0.8225 -0.5608 -0.0951
vn 0.7612 -0.6466 -0.0495
vn 0.7957 -0.5898 0.1377
vn 0.6625 -0.7375 0.1312
vn 0.5843 -0.6955 -0.4183
vn 0.5426 -0.8034 -0.2453
vn 0.3446 -0.8693 -0.3543
vn 0.3808 -0.6794 -0.6272
vn 0.5355 -0.8160 -0.2177
vn 0.2343 -0.9289 -0.2869
vn 0.5352 -0.4153 -0.7355
vn 0.1008 -0.2789 -0.9550
vn 0.3418 -0.0949 -0.9350
vn -0.5417 0.1423 -0.8285
vn -0.9381 0.1290 -0.3214
vn -0.9381 0.1290 -0.3213
vn -0.9841 0.0373 -0.1734
vn 0.1653 -0.1737 0.9708
vn 0.0078 -0.0964 0.9953
vn -0.0671 -0.0066 0.9977
vn 0.1766 -0.2130 0.9610
vn -0.0844 -0.3738 0.9237
vn -0.0674 -0.5678 0.8204
vn -0.0945 -0.5183 0.8500
vn -0.1114 -0.3589 0.9267
vn -0.0385 -0.5900 0.8065
vn -0.0347 -0.3715 0.9278
vn -0.2347 -0.0650 0.9699
vn -0.3327 0.1757 0.9265
vn -0.1858 -0.2140 0.9590
vn -0.1870 -0.1273 0.9741
vn -0.1379 -0.3083 0.9412
vn -0.1506 -0.3299 0.9319
vn -0.1245 -0.4458 0.8865
vn -0.1138 -0.3966 0.9109
vn 0.5808 -0.7724 0.2570
vn 0.8016 -0.5861 0.1182
vn -0.2324 -0.4145 0.8799
vn -0.1709 -0.4557 0.8736
vn 0.0271 -0.3123 0.9496
vn 0.0360 -0.3151 0.9484
vn -0.0456 -0.3992 0.9157
vn -0.2105 -0.4607 0.8623
vn 0.1168 -0.2769 0.9538
vn 0.1769 -0.3019 0.9368
vn 0.1693 -0.3280 0.9294
vn 0.2022 -0.3935 0.8968
vn 0.1433 -0.4225 0.8950
vn 0.0596 -0.4089 0.9106
vn 0.0456 -0.4182 0.9072
vn 0.1463 -0.4526 0.8796
vn 0.1595 -0.4845 0.8601
vn 0.0932 -0.4369 0.8947
vn 0.0118 -0.4588 0.8885
vn 0.0413 -0.4557 0.8892
vn -0.0611 -0.9963 -0.0610
vn -0.0441 -0.9977 -0.0521
vn -0.7531 -0.6574 -0.0271
vn -0.0934 -0.9949 -0.0383
vn -0.9430 0.3327 -0.0078
vn -0.9466 0.2542 -0.1984
vn -0.9800 0.1963 -0.0319
vn -0.1575 -0.9835 0.0893
vn -0.6954 -0.7176 0.0392
vn -0.9344 0.2767 -0.2243
vn -0.1763 -0.9744 0.1394
vn -0.6576 -0.7477 0.0922
vn -0.9728 0.2269 -0.0462
vn -0.1614 -0.9527 0.2576
vn -0.6549 -0.7292 0.1983
vn -0.9659 0.2536 -0.0514
vn -0.1701 -0.9095 0.3792
vn -0.7304 -0.6254 0.2746
vn -0.9500 0.2989 -0.0907
vn -0.1990 -0.8704 0.4503
vn -0.7792 -0.5473 0.3055
vn -0.9363 0.3103 -0.1645
vn -0.1754 -0.7742 0.6082
vn -0.7783 -0.4691 0.4174
vn 0.9623 0.2631 -0.0695
vn 0.9840 0.1780 -0.0080
vn 0.9926 -0.0109 -0.1212
vn 0.9691 0.2405 -0.0552
vn -0.3284 -0.9008 0.2840
vn -0.8219 -0.5678 0.0461
vn 0.9947 -0.0846 -0.0591
vn 0.9944 -0.0856 -0.0621
vn -0.4841 -0.8715 -0.0785
vn -0.0636 -0.9926 -0.1031
vn -0.3052 -0.8782 0.3682
vn -0.1243 -0.8663 0.4838
vn -0.2680 -0.8199 0.5059
vn -0.0742 -0.7770 0.6252
vn -0.0881 -0.6575 0.7483
vn -0.1200 -0.7583 -0.6407
vn 0.1447 -0.9143 -0.3784
vn -0.5964 -0.5355 -0.5980
vn -0.3842 -0.1144 -0.9162
vn 0.1738 -0.8886 -0.4245
vn -0.7134 -0.5961 -0.3684
vn -0.9063 -0.4197 -0.0491
vn -0.8403 -0.3903 -0.3761
vn -0.7464 -0.6637 -0.0494
vn -0.7845 -0.5898 -0.1915
vn -0.6090 -0.7916 -0.0491
vn -0.1323 -0.9417 -0.3093
vn 0.8316 -0.5293 0.1684
vn 0.8635 -0.4868 0.1318
vn 0.9439 -0.3071 0.1219
vn 0.9396 -0.3171 0.1291
vn 0.8548 -0.5179 -0.0341
vn 0.9079 -0.4086 0.0942
vn 0.5234 -0.7978 -0.2994
vn 0.6881 -0.7198 -0.0918
vn -0.8358 -0.4938 -0.2401
vn -0.3040 -0.9316 -0.1994
vn -0.2940 -0.9427 0.1579
vn -0.2305 -0.9521 0.2010
vn -0.8646 -0.4989 -0.0595
vn 0.3040 -0.8145 0.4941
vn 0.8471 -0.4139 0.3334
vn 0.8071 -0.5194 0.2807
vn 0.9438 -0.2750 0.1834
vn 0.9129 -0.2508 0.3219
vn 0.4543 -0.7022 0.5482
vn 0.9472 -0.2653 0.1800
vn 0.5634 -0.6892 0.4557
vn 0.9626 -0.2503 0.1042
vn 0.7508 -0.5849 0.3069
vn 0.9479 -0.2800 0.1518
vn 0.8947 -0.4196 0.1530
vn 0.9811 -0.1681 0.0956
vn 0.8718 -0.4578 0.1742
vn -0.0691 -0.6484 0.7582
vn 0.5385 -0.7735 0.3342
vn 0.7466 -0.6067 0.2730
vn 0.8882 -0.4002 0.2257
vn 0.6174 -0.6446 0.4510
vn -0.9971 0.0730 0.0206
vn 0.9147 -0.3432 0.2135
vn 0.3058 -0.7712 0.5584
vn -0.8961 -0.4132 0.1622
vn -0.6841 -0.6633 0.3032
vn -0.9976 0.0643 0.0273
vn -0.7201 -0.4886 0.4927
vn -0.4310 -0.7529 0.4975
vn -0.6066 -0.5936 0.5288
vn -0.3115 -0.5409 0.7813
vn -0.4571 -0.5629 0.6886
vn 0.9718 -0.2261 0.0676
vn 0.9706 -0.2240 0.0885
vn 0.8915 -0.4408 0.1045
vn 0.9791 -0.1941 -0.0613
vn 0.9785 -0.2061 -0.0042
vn 0.9629 -0.2644 -0.0542
vn 0.9685 -0.2311 -0.0926
vn 0.9793 -0.1987 0.0379
vn 0.9630 -0.2684 0.0240
vn 0.8952 -0.4455 0.0147
vn 0.8713 -0.4796 -0.1038
vn 0.8149 -0.5538 -0.1710
vn 0.9720 -0.1780 -0.1532
vn 0.9778 -0.1900 -0.0887
vn 0.7625 -0.6117 -0.2105
vn 0.7723 -0.5464 -0.3240
vn -0.0963 -0.9906 -0.0967
vn -0.1807 -0.9818 -0.0579
vn -0.2401 -0.9662 0.0941
vn -0.9743 0.2136 0.0715
vn -0.8812 0.4643 0.0894
vn -0.1090 -0.9894 -0.0962
vn -0.2927 -0.9556 -0.0350
vn -0.9099 -0.4025 0.1009
vn -0.5438 -0.8392 -0.0085
vn -0.9765 0.1589 0.1455
vn -0.8894 0.4079 0.2063
vn -0.9663 -0.0200 0.2568
vn -0.8340 -0.3071 0.4585
vn -0.9002 -0.2859 0.3286
vn -0.9674 -0.0639 -0.2450
vn -0.8208 -0.3034 -0.4840
vn -0.6727 0.1038 -0.7326
vn -0.9310 0.0481 -0.3618
vn -0.9949 -0.0631 -0.0789
vn -0.9995 0.0244 0.0218
vn -0.8869 -0.4371 -0.1498
vn -0.9597 -0.2805 -0.0162
vn -0.9900 -0.1265 0.0617
vn -0.9519 -0.2867 -0.1077
vn -0.8162 -0.4787 -0.3237
vn -0.8765 -0.3538 -0.3265
vn -0.7536 -0.6352 0.1690
vn -0.2550 -0.8256 0.5033
vn -0.2051 -0.8083 0.5518
vn -0.2523 -0.8396 0.4811
vn -0.0504 -0.8879 0.4572
vn 0.2349 -0.9249 0.2991
vn 0.3655 -0.9127 0.1829
vn 0.4292 -0.9012 0.0611
vn 0.3852 -0.9176 -0.0985
vn 0.1756 -0.9546 -0.2406
vn 0.0074 -0.9475 -0.3196
vn 0.0902 -0.8805 -0.4655
vn 0.0334 -0.9992 0.0217
vn 0.8336 -0.5522 0.0140
vn 0.9851 -0.1584 -0.0668
vn 0.9098 -0.3899 0.1422
vn 0.8715 -0.4701 -0.1396
vn 0.9932 -0.1153 -0.0151
vn 0.9938 -0.1034 0.0408
vn 0.9971 -0.0730 -0.0212
vn 0.9974 -0.0720 0.0086
vn 0.9670 -0.2338 -0.1010
vn 0.9610 -0.2347 -0.1459
vn 0.9777 -0.1992 -0.0666
vn -0.7979 0.5325 -0.2824
vn -0.8518 0.4914 -0.1815
vn -0.9167 0.3903 -0.0854
vn -0.9969 0.0564 -0.0552
vn -0.9972 -0.0619 0.0428
vn -0.9099 0.3550 -0.2143
vn -0.9056 0.3826 -0.1831
vn -0.9400 0.3331 -0.0734
vn 0.8455 -0.4740 0.2457
vn 0.5656 -0.7803 0.2670
vn 0.4687 -0.8108 0.3505
vn -0.9862 0.1559 -0.0558
vn -0.9854 0.1650 -0.0422
vn -0.9132 0.4067 0.0252
vn 0.9779 -0.1843 0.0989
vn 0.7977 0.6014 -0.0446
vn 0.9313 -0.3383 0.1352
vn 0.5715 -0.7527 0.3269
vn 0.8381 -0.5204 0.1634
vn -0.7456 -0.6467 0.1607
vn -0.6640 -0.7384 0.1177
vn -0.6106 -0.7886 0.0727
vn -0.6323 -0.7747 0.0063
vn -0.7438 -0.6627 -0.0876
vn -0.8066 -0.5688 -0.1610
vn -0.7706 -0.5678 -0.2893
vn -0.8338 -0.5520 -0.0066
vn -0.6361 -0.6526 0.4117
vn -0.3445 -0.8216 0.4542
vn -0.6097 -0.7462 0.2675
vn -0.8260 -0.5330 0.1835
vn -0.6878 -0.6861 0.2370
vn -0.7953 -0.6026 0.0656
vn -0.9359 -0.3462 0.0654
vn -0.9859 -0.1665 0.0171
vn -0.9454 -0.3211 0.0554
vn -0.9683 -0.2457 0.0451
vn -0.9548 -0.2970 0.0128
vn -0.9677 -0.2519 -0.0015
vn -0.9887 -0.1476 0.0255
vn -0.9961 -0.0744 0.0476
vn -0.9995 -0.0254 0.0174
vn -0.9999 0.0113 0.0047
vn -0.9984 -0.0334 0.0448
vn -0.9917 -0.1210 -0.0438
vn -0.9920 -0.0038 -0.1258
vn -0.9948 -0.0770 -0.0659
vn -0.9700 0.1479 -0.1929
vn -0.9957 0.0315 -0.0868
vn -0.9604 0.2423 -0.1374
vn -0.9890 0.1405 -0.0455
vn -0.9487 0.3090 -0.0671
vn -0.9740 0.2267 -0.0039
vn -0.9426 0.3336 0.0133
vn -0.9623 0.2698 0.0345
vn -0.9409 0.2917 0.1723
vn -0.9579 0.2498 0.1414
vn -0.9594 0.2350 0.1563
vn -0.9786 0.1678 0.1195
vn -0.9763 -0.0041 -0.2165
vn -0.9860 0.0135 -0.1662
vn -0.9883 -0.0551 -0.1425
vn -0.9968 0.0433 -0.0665
vn -0.9992 0.0319 0.0258
vn -0.9880 -0.1181 0.1000
vn -0.4121 -0.8639 0.2895
vn -0.1441 -0.9892 0.0278
vn -0.2966 -0.9540 0.0436
vn -0.5349 -0.8435 0.0485
vn -0.4791 -0.8561 0.1937
vn -0.4730 -0.8811 0.0009
vn -0.8134 -0.5808 -0.0318
vn -0.7517 -0.6588 0.0304
vn -0.2246 -0.9580 0.1784
vn -0.7879 -0.6146 0.0382
vn -0.9816 -0.1898 -0.0200
vn -0.9860 -0.1631 -0.0353
vn -0.9920 -0.1025 -0.0732
vn -0.9846 -0.1690 -0.0437
vn -0.9589 -0.2585 -0.1169
vn -0.9027 -0.3611 -0.2338
vn -0.8431 -0.5096 -0.1718
vn -0.9710 -0.2249 -0.0810
vn -0.9767 -0.2043 -0.0658
vn -0.9688 -0.2472 -0.0177
vn -0.9916 -0.1258 -0.0311
vn -0.9733 -0.2212 -0.0608
vn -0.9859 -0.1659 -0.0226
vn -0.9266 -0.3293 0.1813
vn -0.9858 -0.1656 -0.0296
vn -0.9985 -0.0514 -0.0199
vn 0.9992 -0.0240 -0.0305
vn 0.9976 -0.0360 -0.0590
vn 0.8651 -0.4603 -0.1990
vn 0.8456 -0.4827 -0.2280
vn 0.9464 -0.3212 -0.0329
vn 0.9611 -0.2750 -0.0251
vn 0.9825 -0.1856 0.0153
vn 0.9841 -0.1735 0.0375
vn 0.9638 -0.2517 0.0878
vn -0.9920 -0.0974 0.0802
vn -0.7030 -0.4722 -0.5318
vn -0.5019 -0.6209 -0.6021
vn -0.3181 -0.7896 -0.5247
vn -0.3078 -0.5738 -0.7590
vn -0.8407 -0.3771 -0.3886
vn -0.7354 -0.4218 -0.5303
vn -0.9974 -0.0549 -0.0467
vn -0.9605 0.1019 0.2589
vn -0.8996 0.3774 0.2199
vn -0.9973 0.0297 -0.0672
vn -0.3157 -0.9472 0.0562
vn -0.3171 -0.9478 -0.0337
vn -0.7056 -0.7085 0.0136
vn -0.9816 -0.1678 0.0910
vn -0.2317 -0.9722 0.0340
vn -0.6423 -0.7664 -0.0138
vn -0.3909 -0.9189 -0.0538
vn -0.6507 -0.7591 -0.0185
vn -0.7240 -0.6203 -0.3016
vn -0.8667 -0.4977 0.0337
vn -0.7634 -0.6420 0.0713
vn -0.8710 -0.4850 0.0787
vn -0.8527 -0.4986 0.1557
vn -0.9312 -0.3550 0.0831
vn -0.8982 -0.4392 0.0215
vn -0.9545 -0.2910 0.0653
vn -0.9839 -0.1273 0.1258
vn -0.9962 -0.0281 0.0821
vn -0.9838 0.1725 0.0480
vn -0.9930 0.1083 0.0469
vn -0.9964 0.0781 0.0332
vn -0.9994 -0.0131 0.0335
vn -0.9998 -0.0047 0.0206
vn -0.9968 0.0706 0.0380
vn -0.9951 0.0991 0.0057
vn -0.9972 0.0750 -0.0002
vn -0.9972 -0.0608 0.0429
vn -0.8261 -0.4688 0.3126
vn -0.9766 0.2153 0.0027
vn -0.9959 0.0900 -0.0120
vn -0.9997 -0.0162 0.0170
vn -0.8645 -0.4134 0.2860
vn -0.8935 -0.4330 0.1188
vn 0.2230 -0.9373 0.2678
vn 0.0347 -0.9830 -0.1801
vn -0.9489 -0.2939 -0.1151
vn -0.0209 -0.8232 0.5674
vn -0.9990 -0.0230 0.0375
vn -0.9606 -0.2779 -0.0016
vn -0.9780 -0.2073 0.0222
vn -0.9930 0.0789 0.0878
vn -0.9395 0.2213 0.2614
vn -0.9593 0.1272 0.2521
vn -0.9063 0.3206 0.2754
vn -0.9596 -0.2294 -0.1632
vn -0.9943 -0.0160 0.1057
vn -0.8668 -0.3625 -0.3425
vn -0.9688 -0.1960 -0.1514
vn -0.4563 -0.5945 -0.6621
vn -0.9712 0.0767 0.2254
vn -0.9403 0.2078 0.2696
vn -0.9861 0.1394 0.0903
vn -0.9988 0.0405 0.0290
vn -0.9668 0.1725 0.1884
vn -0.9955 0.0474 0.0816
vn -0.9783 0.0834 0.1895
vn -0.9419 -0.2430 -0.2318
vn -0.9940 -0.0475 -0.0981
vn -0.9585 -0.2483 -0.1403
vn -0.9893 -0.1344 -0.0567
vn -0.9965 -0.0797 -0.0241
vn -0.3145 -0.7606 -0.5680
vn -0.9991 0.0209 0.0372
vn -0.9952 -0.0974 -0.0016
vn -0.9780 -0.2067 -0.0278
vn -0.9875 0.0468 0.1508
vn -0.9949 -0.0622 0.0796
vn -0.9896 0.0043 0.1440
vn -0.9765 0.1701 0.1324
vn -0.9998 0.0092 -0.0156
vn -0.9934 -0.1142 0.0092
vn -0.9737 0.1932 0.1208
vn -0.9546 -0.2968 0.0261
vn -0.9821 -0.1849 -0.0358
vn -0.9684 -0.0747 0.2379
vn -0.9714 -0.1989 0.1295
vn -0.9362 -0.2889 0.2004
vn -0.4716 -0.8560 -0.2116
vn 0.2850 -0.8914 -0.3524
vn 0.8388 -0.4118 -0.3560
vn 0.8282 -0.4145 -0.3773
vn 0.8398 -0.4128 -0.3526
vn 0.5466 -0.7153 -0.4354
vn 0.5658 -0.6930 -0.4469
vn 0.7006 -0.5395 -0.4669
vn -0.0008 -0.8076 -0.5897
vn 0.8201 -0.4050 -0.4042
vn 0.7964 -0.4886 0.3565
vn 0.9858 -0.1451 0.0843
vn 0.9869 -0.1614 0.0061
vn 0.9813 -0.1827 -0.0604
vn 0.8569 -0.4589 0.2348
vn 0.9868 -0.1459 0.0696
vn 0.9956 -0.0935 -0.0071
vn 0.1165 -0.8558 0.5040
vn -0.4523 -0.6285 -0.6328
vn -0.4612 -0.6332 -0.6216
vn 0.6768 -0.5697 -0.4661
vn 0.5701 -0.5288 -0.6288
vn 0.9627 -0.1948 -0.1879
vn 0.9909 -0.0983 -0.0918
vn -0.4719 -0.6534 -0.5920
vn 0.3970 -0.5220 -0.7550
vn 0.4045 -0.6009 -0.6894
vn 0.5652 -0.5477 -0.6169
vn -0.9522 -0.2197 0.2121
vn -0.7930 -0.4070 0.4533
vn 0.5280 -0.5847 -0.6159
vn 0.5958 -0.5628 -0.5729
vn -0.8386 -0.1289 -0.5292
vn -0.6587 0.1181 -0.7431
vn -0.6911 0.0454 -0.7213
vn -0.8429 -0.1998 -0.4996
vn -0.8797 -0.3838 -0.2808
vn -0.8400 -0.4733 -0.2652
vn -0.8375 -0.5117 -0.1917
vn -0.8049 -0.5529 -0.2156
vn -0.8094 -0.5647 -0.1612
vn -0.7904 -0.5837 -0.1858
vn -0.7350 -0.6085 -0.2993
vn -0.6783 -0.6924 -0.2459
vn -0.3819 -0.9052 -0.1862
vn -0.2003 0.9197 -0.3377
vn -0.2796 0.8497 -0.4470
vn -0.5363 0.7763 -0.3312
vn -0.3419 0.9048 -0.2540
vn -0.6944 0.6925 -0.1955
vn -0.4686 0.8675 -0.1666
vn -0.7833 0.6122 -0.1079
vn -0.5368 0.8363 -0.1121
vn -0.8502 0.5250 -0.0384
vn -0.5657 0.8233 -0.0463
vn -0.9068 0.4152 0.0727
vn -0.6304 0.7742 0.0567
vn -0.8969 0.3768 0.2314
vn -0.6595 0.7313 0.1738
vn -0.8575 0.2863 0.4274
vn -0.6996 0.6431 0.3113
vn -0.8137 0.0853 0.5750
vn -0.7159 0.5327 0.4514
vn -0.5804 -0.1144 0.8063
vn -0.4762 0.3734 0.7961
vn -0.1837 -0.2105 0.9602
vn -0.0496 0.0883 0.9949
vn 0.0019 -0.2084 0.9780
vn 0.0498 0.0291 0.9983
vn -0.5224 0.5572 -0.6455
vn -0.7953 0.4439 -0.4128
vn -0.9175 0.3321 -0.2188
vn -0.9707 0.2241 -0.0868
vn -0.9943 0.1048 0.0217
vn -0.9906 -0.0374 0.1317
vn -0.9640 -0.1413 0.2255
vn -0.9004 -0.2190 0.3759
vn -0.6998 -0.3430 0.6266
vn -0.5277 -0.4194 0.7387
vn -0.3111 -0.4684 0.8269
vn -0.0693 -0.4188 0.9054
vn -0.6913 -0.0157 -0.7224
vn -0.9138 -0.0040 -0.4062
vn -0.9814 -0.0511 -0.1849
vn -0.9914 -0.1254 -0.0382
vn -0.9718 -0.2168 0.0922
vn -0.9196 -0.3411 0.1951
vn -0.8504 -0.4597 0.2561
vn -0.7913 -0.5262 0.3113
vn -0.6554 -0.5650 0.5013
vn -0.4846 -0.5823 0.6527
vn -0.3325 -0.6234 0.7077
vn -0.1505 -0.5838 0.7978
vn -0.6277 -0.5549 -0.5459
vn -0.8567 -0.4125 -0.3097
vn -0.9188 -0.3782 -0.1129
vn -0.9011 -0.4324 0.0328
vn -0.8537 -0.4934 0.1666
vn -0.7856 -0.5646 0.2532
vn -0.7360 -0.6162 0.2805
vn -0.6935 -0.6493 0.3122
vn -0.5787 -0.7260 0.3715
vn -0.4205 -0.7697 0.4803
vn -0.3141 -0.7624 0.5658
vn -0.1911 -0.7819 0.5934
vn -0.4665 0.8763 -0.1205
vn -0.6194 0.7788 -0.0995
vn -0.9903 -0.1384 -0.0157
vn -0.9907 -0.1142 0.0734
vn -0.8209 0.5709 0.0151
vn -0.9480 0.3164 -0.0338
vn -0.4897 0.8713 -0.0309
vn -0.9945 -0.0593 0.0868
vn -0.8283 0.5544 0.0806
vn -0.5608 0.8255 0.0630
vn -0.9937 -0.1022 -0.0464
vn -0.8917 0.4527 -0.0018
vn -0.6059 0.7903 0.0915
vn -0.9984 -0.0433 0.0376
vn -0.8974 0.4357 0.0698
vn -0.6307 0.7477 0.2077
vn -0.9790 -0.0662 0.1930
vn -0.8686 0.4143 0.2718
vn -0.9455 -0.1493 0.2892
vn -0.6039 0.6473 0.4651
vn -0.8013 0.3151 0.5086
vn -0.9797 -0.0833 0.1822
vn -0.2813 0.3929 0.8755
vn -0.7057 0.0494 0.7068
vn -0.8231 -0.2296 0.5194
vn -0.7080 -0.3691 0.6020
vn 0.0066 0.0982 0.9951
vn -0.5184 -0.1260 0.8458
vn -0.2112 -0.3553 0.9106
vn -0.1629 -0.5201 0.8385
vn -0.0110 0.0874 0.9961
vn -0.1834 -0.1007 0.9779
vn -0.9886 -0.1417 -0.0513
vn -0.6007 0.7830 -0.1615
vn -0.9500 0.3034 -0.0733
vn -0.9333 -0.1661 -0.3184
vn -0.4414 0.8546 -0.2734
vn -0.5118 -0.8121 -0.2804
vn -0.7334 -0.6490 -0.2025
vn -0.3168 -0.8478 0.4253
vn -0.2579 -0.8591 0.4421
vn -0.7460 -0.6632 -0.0596
vn -0.4626 -0.8839 -0.0679
vn -0.7156 -0.6934 0.0844
vn -0.4390 -0.8945 0.0848
vn -0.4193 -0.8851 0.2019
vn -0.6723 -0.7120 0.2028
vn -0.6168 -0.7333 0.2861
vn -0.3942 -0.8720 0.2902
vn -0.4901 -0.8017 0.3422
vn -0.3823 -0.8390 0.3872
vn -0.5672 -0.7612 0.3144
vn -0.3676 -0.8450 0.3884
vn -0.5873 -0.7474 0.3106
vn -0.3782 -0.8585 0.3462
vn -0.8600 -0.4769 -0.1816
vn -0.7212 -0.6863 -0.0941
vn -0.9625 -0.2403 -0.1257
vn -0.9781 -0.2074 -0.0165
vn -0.9689 -0.2419 -0.0516
vn -0.9479 -0.2335 -0.2169
vn -0.9186 -0.2723 -0.2864
vn -0.8388 -0.4876 -0.2423
vn -0.9279 -0.3509 -0.1262
vn -0.9516 -0.2787 -0.1293
vn -0.9728 -0.1703 -0.1568
vn -0.8612 -0.5031 -0.0720
vn -0.7510 -0.6599 -0.0227
vn -0.7662 -0.6306 -0.1237
vn -0.7350 -0.6748 0.0667
vn -0.7081 -0.7058 0.0206
vn -0.6331 -0.7739 -0.0129
vn -0.6658 -0.7420 0.0782
vn -0.4072 -0.9035 0.1333
vn -0.6220 -0.7810 -0.0560
vn -0.6443 -0.7645 -0.0203
vn -0.6151 -0.7884 -0.0085
vn -0.5641 -0.8179 0.1131
vn -0.6076 -0.7916 0.0640
vn -0.5594 -0.8268 0.0587
vn -0.6550 -0.7546 -0.0400
vn -0.6585 -0.7503 0.0593
vn -0.6484 -0.7474 0.1450
vn 0.5540 -0.8074 0.2031
vn 0.1736 -0.9520 0.2520
vn -0.1151 -0.9413 0.3172
vn 0.8241 -0.4494 0.3449
vn 0.5764 -0.6679 0.4709
vn 0.7871 -0.5004 0.3606
vn 0.7062 -0.6063 0.3655
vn 0.7887 -0.4948 0.3648
vn 0.3202 -0.9038 0.2839
vn 0.8032 -0.5046 0.3166
vn 0.7414 -0.6552 0.1454
vn 0.9365 -0.3506 -0.0095
vn 0.9631 -0.2682 0.0223
vn 0.9301 -0.3371 0.1457
vn 0.9179 -0.3309 0.2188
vn 0.9529 -0.2812 0.1133
vn 0.8802 -0.4529 0.1417
vn 0.9627 -0.2663 0.0477
vn 0.8645 -0.4797 0.1500
vn 0.9638 -0.2434 0.1089
vn 0.9457 -0.3140 0.0835
vn 0.9526 -0.2896 0.0928
vn 0.9186 -0.3688 0.1419
vn 0.9797 -0.1927 0.0546
vn 0.9849 -0.1499 0.0863
vn 0.9821 -0.1385 0.1279
vn 0.9406 -0.2944 0.1692
vn 0.9915 -0.1217 0.0455
vn 0.9969 0.0315 0.0718
vn 0.9890 -0.1419 0.0420
vn 0.9932 0.1051 0.0501
vn 0.9673 -0.2528 0.0200
vn -0.9939 0.0981 -0.0505
vn 0.9992 0.0265 0.0314
vn -0.9906 0.1360 -0.0114
vn 0.9380 -0.3465 -0.0123
vn 0.9993 -0.0201 -0.0315
vn 0.9519 0.3006 -0.0594
vn 0.8150 -0.5520 -0.1761
vn -0.9675 0.2481 0.0494
vn 0.8625 -0.4550 -0.2215
vn 0.9617 -0.2641 -0.0742
vn 0.9832 -0.0307 -0.1797
vn 0.9750 -0.1325 -0.1785
vn 0.9399 -0.2425 -0.2405
vn 0.8917 0.3337 -0.3058
vn 0.9784 -0.1658 -0.1236
vn 0.9876 -0.0878 -0.1301
vn 0.9953 0.0149 -0.0955
vn 0.9339 -0.3565 -0.0263
vn 0.7022 -0.7118 -0.0114
vn 0.9989 0.0295 -0.0371
vn 0.9893 -0.0579 -0.1339
vn 0.9223 -0.2291 -0.3112
vn 0.9551 -0.2891 -0.0656
vn 0.8063 -0.5904 -0.0349
vn 0.9969 0.0186 -0.0768
vn 0.8902 -0.2487 -0.3816
vn 0.9505 -0.1378 -0.2785
vn 0.8710 -0.2969 -0.3915
vn 0.8733 -0.2976 -0.3857
vn 0.9103 -0.2732 -0.3110
vn 0.8827 -0.3457 -0.3183
vn 0.0849 0.7586 0.6460
vn 0.0832 0.7590 0.6457
vn 0.0846 0.7598 0.6446
vn 0.0834 0.7594 0.6453
vn 0.8307 -0.3527 -0.4307
vn 0.8514 -0.2539 -0.4590
vn 0.8858 -0.1917 -0.4226
vn 0.8424 -0.2690 -0.4669
vn -0.1547 -0.3108 0.9378
vn -0.1284 -0.2785 0.9518
vn -0.2367 -0.4032 0.8840
vn -0.2130 -0.3480 0.9130
vn -0.0510 -0.4066 0.9122
vn -0.1219 -0.3942 0.9109
vn -0.1123 -0.4322 0.8948
vn -0.0182 -0.4245 0.9053
vn -0.1081 -0.4570 0.8829
vn -0.1126 -0.4539 0.8839
vn -0.2101 -0.4276 0.8792
vn -0.2410 -0.5179 0.8208
vn -0.0487 -0.4660 0.8834
vn 0.0886 -0.5241 0.8470
vn -0.0999 -0.6567 0.7475
vn 0.0911 -0.6409 0.7622
vn 0.6561 -0.5026 0.5630
vn 0.2148 -0.5918 0.7769
vn 0.9992 0.0126 -0.0388
vn 0.9194 -0.3694 0.1348
vn 0.9830 -0.1614 0.0873
vn 0.9996 0.0230 -0.0163
vn -0.7201 0.6627 -0.2055
vn -0.7896 -0.5413 0.2891
vn -0.9048 -0.3293 0.2700
vn -0.9851 -0.1511 0.0825
vn -0.4070 -0.8260 0.3899
vn 0.8098 -0.5268 0.2582
vn -0.8714 -0.3873 0.3011
vn 0.8826 0.4425 -0.1589
vn 0.9707 0.2283 -0.0754
vn -0.9960 -0.0464 0.0757
vn 0.9696 0.2440 0.0176
vn 0.8958 0.4352 -0.0906
vn 0.9620 0.2637 -0.0706
vn 0.8351 -0.5407 0.1013
vn 0.9098 -0.4043 0.0940
vn 0.9285 0.3664 -0.0606
vn 0.9826 0.1729 -0.0673
vn 0.9932 0.1049 -0.0503
vn 0.9581 0.2863 0.0098
vn 0.9794 0.2021 0.0011
vn 0.9901 0.1399 -0.0123
vn 0.9711 0.2311 0.0592
vn 0.9847 0.1739 0.0146
vn 0.9667 0.2514 0.0477
vn 0.9984 0.0550 0.0131
vn 0.9910 0.1333 -0.0152
vn -0.9809 -0.1499 -0.1239
vn -0.9855 -0.1202 -0.1198
vn -0.6339 0.7500 -0.1887
vn -0.6345 0.7493 -0.1894
vn 0.9961 -0.0724 0.0500
vn 0.9780 0.1966 0.0700
vn -0.8637 -0.5040 -0.0016
vn -0.7542 -0.6504 -0.0905
vn -0.5664 -0.8238 0.0243
vn 0.9849 -0.1579 0.0708
vn 0.9546 0.2390 0.1779
vn -0.9492 -0.3123 -0.0381
vn -0.6570 -0.7539 0.0037
vn 0.9478 -0.2376 0.2125
vn 0.9499 0.1232 0.2873
vn -0.8961 -0.2860 -0.3395
vn -0.8893 -0.3374 -0.3086
vn 0.8208 -0.3630 0.4410
vn 0.9149 -0.1550 0.3727
vn -0.7984 -0.3587 -0.4835
vn -0.8223 -0.3005 -0.4832
vn 0.7645 -0.4598 0.4518
vn 0.1629 -0.7487 0.6426
vn 0.4631 -0.5989 0.6533
vn 0.1238 -0.6434 0.7554
vn 0.0874 -0.8258 0.5571
vn 0.7504 -0.5514 0.3645
vn 0.1858 -0.8582 0.4786
vn 0.7086 -0.6352 0.3073
vn 0.1883 -0.8943 0.4059
vn 0.6215 -0.7545 0.2107
vn 0.2195 -0.9131 0.3435
vn 0.5900 -0.8047 0.0655
vn 0.2107 -0.9529 0.2181
vn 0.1827 -0.9824 -0.0390
vn 0.1601 -0.9845 0.0722
vn 0.2814 -0.9570 -0.0712
vn 0.0942 -0.9955 0.0072
vn 0.0468 -0.3381 0.9400
vn -0.3178 -0.9021 -0.2918
vn 0.7912 -0.6104 -0.0372
vn 0.0391 -0.9992 0.0040
vn 0.0583 -0.9925 -0.1079
vn 0.0392 -0.9963 -0.0770
vn 0.8817 0.4629 0.0907
vn 0.1109 -0.9891 -0.0973
vn 0.1539 -0.9841 -0.0884
vn 0.7694 0.5894 0.2463
vn 0.1170 -0.9677 -0.2234
vn 0.3053 -0.9475 -0.0946
vn 0.8220 0.4633 0.3312
vn 0.0736 -0.9230 -0.3778
vn 0.6666 -0.7312 0.1448
vn 0.9374 0.0208 0.3475
vn 0.0794 -0.7638 0.6406
vn -0.1377 -0.8202 0.5553
vn 0.2250 -0.9083 0.3527
vn 0.0843 -0.9223 0.3771
vn -0.0723 -0.8740 0.4805
vn 0.4471 -0.8573 0.2554
vn 0.7642 -0.6396 0.0829
vn -0.9929 -0.0555 -0.1051
vn -0.9840 -0.1744 -0.0373
vn -0.9841 -0.1741 -0.0359
vn -0.9903 0.1386 0.0082
vn 0.0976 -0.9890 0.1113
vn 0.4522 -0.8918 -0.0129
vn 0.0737 -0.9971 0.0171
vn 0.2462 -0.9690 0.0199
vn 0.6294 -0.7683 0.1162
vn 0.5758 -0.8132 0.0844
vn 0.4897 -0.8629 0.1246
vn 0.5226 -0.8485 0.0836
vn 0.5774 -0.8100 0.1024
vn 0.4870 -0.8441 -0.2241
vn 0.6216 -0.7830 0.0229
vn 0.5673 -0.8234 0.0114
vn 0.4811 -0.8727 -0.0836
vn 0.4736 -0.7315 -0.4905
vn 0.6031 -0.1705 -0.7792
vn 0.3716 -0.4618 -0.8054
vn 0.6715 0.1069 -0.7333
vn 0.2799 0.1103 -0.9537
vn 0.9996 0.0029 0.0280
vn 0.9347 0.0045 -0.3554
vn 0.5281 -0.6448 -0.5526
vn 0.8252 -0.4761 -0.3040
vn 0.9900 -0.1324 -0.0483
vn 0.9194 0.0721 -0.3867
vn 0.9734 -0.2278 -0.0251
vn 0.9891 -0.1244 0.0781
vn 0.9294 -0.3685 -0.0215
vn 0.8910 -0.3682 -0.2657
vn 0.9567 -0.2885 0.0391
vn 0.9672 -0.2540 0.0022
vn 0.9569 -0.2454 -0.1551
vn 0.8260 -0.4744 -0.3042
vn 0.8907 -0.4467 -0.0845
vn 0.5619 -0.8211 -0.0999
vn 0.4339 -0.8782 -0.2010
vn 0.6714 -0.7122 -0.2049
vn 0.9405 -0.3227 -0.1070
vn 0.9626 -0.2583 -0.0816
vn 0.9769 -0.1877 -0.1023
vn 0.7448 -0.6620 -0.0835
vn 0.9483 -0.1468 -0.2813
vn 0.9679 -0.0797 -0.2383
vn 0.9753 -0.1102 -0.1914
vn 0.9664 -0.1663 -0.1959
vn 0.6766 -0.7330 0.0700
vn 0.7171 -0.6904 0.0956
vn 0.7328 -0.6804 0.0075
vn 0.0501 -0.8865 -0.4599
vn 0.3334 -0.6305 -0.7009
vn 0.6218 0.1269 -0.7729
vn 0.7901 -0.2918 -0.5391
vn 0.7802 0.4007 -0.4803
vn 0.9346 0.2563 -0.2466
vn -0.1689 -0.8779 -0.4481
vn -0.1830 -0.8717 -0.4546
vn 0.9886 0.1326 -0.0716
vn -0.1883 -0.9519 -0.2415
vn 0.6299 -0.7585 -0.1671
vn 0.5928 -0.7950 -0.1288
vn 0.0096 -0.9462 0.3235
vn 0.1859 -0.9476 0.2599
vn 0.5104 -0.8486 -0.1394
vn 0.7657 -0.6431 -0.0084
vn -0.0671 -0.9551 0.2887
vn -0.2946 -0.9249 0.2404
vn -0.0280 -0.9529 0.3020
vn -0.0151 -0.9357 0.3524
vn -0.2341 -0.9011 0.3650
vn -0.6521 -0.7581 0.0085
vn -0.6170 -0.7546 0.2233
vn -0.6274 -0.7640 0.1503
vn -0.7391 -0.6671 0.0932
vn 0.8888 -0.4561 -0.0451
vn 0.8895 -0.4548 -0.0442
vn -0.7297 -0.6746 -0.1118
vn -0.9035 -0.4278 -0.0270
vn 0.7664 -0.6418 0.0262
vn 0.7664 -0.6419 0.0265
vn -0.7901 -0.6099 0.0605
vn -0.9020 -0.4307 0.0289
vn -0.9449 -0.3015 0.1275
vn -0.9350 -0.2767 0.2216
vn -0.8697 -0.4807 0.1119
vn -0.8988 -0.4227 0.1157
vn -0.9332 -0.3342 0.1321
vn -0.8618 -0.4918 0.1241
vn -0.9014 -0.4181 0.1122
vn -0.9193 -0.3407 0.1970
vn -0.8167 -0.5446 0.1909
vn -0.9129 -0.3921 0.1133
vn -0.9339 -0.3344 0.1266
vn -0.9642 -0.2388 0.1155
vn -0.9602 -0.2662 0.0845
vn -0.9879 -0.1401 -0.0662
vn -0.9818 -0.1901 0.0015
vn -0.9843 -0.1730 0.0347
vn -0.9930 -0.1176 -0.0138
vn -0.9883 -0.1491 0.0318
vn -0.9924 -0.1173 0.0370
vn -0.9842 -0.1447 -0.1022
vn -0.9909 -0.1154 -0.0690
vn -0.9910 -0.1334 0.0058
vn -0.9652 -0.2563 -0.0514
vn -0.9835 -0.1542 -0.0943
vn -0.9692 -0.2439 -0.0354
vn -0.7348 -0.5677 0.3712
vn -0.7607 -0.5456 0.3516
vn -0.8926 -0.3019 0.3349
vn -0.9268 -0.2624 0.2687
vn -0.9761 -0.1473 0.1596
vn -0.9869 -0.1116 0.1163
vn -0.9811 -0.1726 0.0871
vn -0.5008 -0.7531 0.4266
vn -0.4886 -0.7360 0.4686
vn -0.4927 -0.7914 0.3619
vn -0.7643 -0.5272 0.3713
vn -0.7954 -0.5194 0.3123
vn -0.5367 -0.7961 0.2797
vn -0.4993 -0.7984 0.3366
vn 0.4411 -0.7981 0.4105
vn -0.2815 -0.8257 0.4889
vn 0.2818 -0.8156 0.5053
vn -0.3712 -0.7463 0.5525
vn 0.6384 -0.6751 0.3696
vn 0.7224 -0.6138 0.3183
vn 0.1690 -0.8434 0.5100
vn -0.5066 -0.6788 0.5315
vn 0.7857 -0.5743 0.2297
vn -0.0958 -0.9460 0.3098
vn 0.1499 -0.8833 0.4442
vn -0.7017 -0.5960 0.3904
vn -0.8457 -0.4967 0.1954
vn 0.7465 -0.6496 0.1443
vn 0.8243 -0.5358 0.1830
vn -0.3461 -0.9186 0.1910
vn -0.9101 -0.4001 0.1079
vn 0.6559 -0.7451 0.1210
vn -0.4467 -0.8925 0.0622
vn -0.9241 -0.3812 0.0278
vn 0.6148 -0.7861 0.0634
vn -0.4604 -0.8810 -0.1094
vn -0.9256 -0.3667 -0.0939
vn 0.6372 -0.7692 -0.0478
vn -0.2919 -0.9253 -0.2423
vn -0.8523 -0.4955 -0.1676
vn 0.6846 -0.7105 -0.1628
vn -0.7463 -0.6284 -0.2195
vn -0.0932 -0.9384 -0.3328
vn 0.7464 -0.6336 -0.2036
vn -0.1453 -0.9893 0.0116
vn -0.0161 -0.8838 -0.4676
vn -0.7150 -0.5925 -0.3711
vn -0.7788 -0.6263 -0.0330
vn 0.7467 -0.6640 0.0403
vn 0.7626 -0.5899 -0.2655
vn -0.1459 -0.8294 0.5392
vn -0.7908 -0.5175 0.3267
vn 0.7598 -0.5386 0.3641
vn 0.0109 -0.9847 -0.1740
vn 0.1598 -0.9235 0.3488
vn -0.6567 -0.7278 0.1975
vn -0.7960 -0.6051 0.0175
vn 0.7172 -0.6926 -0.0768
vn 0.7436 -0.6196 0.2512
vn 0.0838 -0.8773 0.4725
vn -0.7709 -0.5801 0.2631
vn 0.8051 -0.4943 0.3277
vn -0.8758 -0.3329 -0.3496
vn -0.1013 -0.7994 -0.5922
vn 0.7745 -0.5446 -0.3218
vn -0.5533 -0.5805 -0.5973
vn 0.4090 -0.6468 -0.6438
vn 0.2207 -0.6547 -0.7229
vn -0.6441 -0.4387 -0.6267
vn -0.5949 -0.5889 -0.5472
vn 0.4746 -0.6436 -0.6004
vn 0.9461 -0.2483 -0.2081
vn 0.9194 -0.2993 -0.2551
vn 0.9445 -0.2784 -0.1743
vn -0.4808 -0.7315 0.4834
vn -0.7856 -0.4969 0.3687
vn -0.9580 -0.2183 0.1857
vn -0.9834 -0.1577 0.0893
vn -0.9750 -0.2165 0.0502
vn -0.9686 -0.2326 0.0883
vn -0.9280 -0.3507 0.1253
vn -0.9476 -0.3051 0.0946
vn -0.9736 -0.2172 0.0699
vn -0.5399 -0.6971 0.4718
vn -0.3659 -0.8126 0.4536
vn -0.6265 -0.7174 0.3046
vn 0.4772 -0.5714 -0.6677
vn 0.6024 -0.5447 -0.5834
vn -0.4809 -0.5000 -0.7202
vn -0.3962 -0.4982 -0.7712
vn 0.5930 -0.5773 -0.5613
vn 0.8535 -0.4122 -0.3187
vn 0.1780 -0.8537 -0.4894
vn -0.4089 -0.7256 -0.5534
vn 0.3227 -0.8267 -0.4608
vn -0.9761 -0.2174 0.0023
vn -0.9805 -0.1839 -0.0699
vn -0.9783 -0.1823 -0.0982
vn -0.9779 -0.1824 -0.1026
vn -0.9689 -0.1647 -0.1845
vn -0.9745 -0.2106 -0.0777
vn -0.9734 -0.2052 0.1016
vn -0.9789 -0.1856 0.0852
vn -0.9817 -0.1903 -0.0005
vn -0.9845 -0.1752 -0.0054
vn -0.9756 -0.1732 -0.1352
vn -0.9118 -0.2715 -0.3082
vn -0.9128 -0.2079 -0.3514
vn -0.9098 -0.2793 -0.3070
vn -0.9655 -0.1927 -0.1753
vn -0.9591 -0.2696 -0.0857
vn -0.9758 -0.2024 0.0828
vn -0.9947 -0.0917 0.0475
vn -0.9964 -0.0793 -0.0292
vn -0.9851 -0.1678 -0.0387
vn -0.9725 -0.2190 -0.0794
vn -0.9866 -0.0775 -0.1436
vn -0.9823 -0.1134 -0.1491
vn -0.9475 -0.2111 -0.2400
vn -0.8155 -0.2605 -0.5169
vn -0.8517 -0.2681 -0.4503
vn 0.6911 0.0503 -0.7210
vn 0.2944 0.2611 -0.9193
vn 0.6836 0.0438 -0.7285
vn 0.2724 0.2633 -0.9255
vn 0.8644 -0.4257 -0.2675
vn 0.8482 -0.1698 -0.5017
vn 0.8645 -0.4305 -0.2593
vn 0.8542 -0.2155 -0.4731
vn 0.8151 -0.5630 -0.1365
vn 0.8315 -0.5295 -0.1680
vn 0.7540 -0.6037 -0.2590
vn 0.8201 -0.5560 -0.1353
vn 0.6870 -0.6911 -0.2245
vn 0.8002 -0.5754 -0.1691
vn 0.9120 -0.4005 0.0890
vn 0.9349 -0.3230 0.1469
vn 0.9412 -0.3368 -0.0273
vn 0.9457 -0.3221 0.0444
vn 0.9420 -0.3327 0.0437
vn 0.9301 -0.3651 0.0399
vn 0.9597 -0.2807 0.0124
vn 0.9867 -0.1613 -0.0177
vn 0.9964 -0.0827 -0.0209
vn 0.9997 -0.0249 0.0001
vn 0.9993 -0.0209 0.0315
vn 0.9979 -0.0315 0.0575
vn 0.9987 -0.0118 0.0494
vn 0.9965 -0.0258 0.0800
vn 0.9824 -0.1863 -0.0147
vn 0.9880 -0.1227 0.0937
vn 0.9885 -0.1479 -0.0318
vn 0.9961 -0.0458 0.0756
vn 0.9921 -0.1182 -0.0418
vn 0.9990 -0.0311 0.0307
vn 0.8530 -0.3864 -0.3508
vn 0.9537 -0.2572 -0.1558
vn 0.5803 -0.7733 -0.2556
vn 0.5668 -0.8201 0.0781
vn 0.3310 -0.9193 -0.2132
vn 0.0225 -0.9859 0.1660
vn 0.3571 -0.9299 0.0885
vn 0.4847 -0.8005 0.3525
vn 0.2918 -0.9498 0.1129
vn 0.3313 -0.9194 0.2120
vn 0.5531 -0.8329 0.0212
vn 0.3816 -0.9212 0.0754
vn -0.9386 -0.3154 -0.1398
vn -0.8600 -0.5090 0.0366
vn -0.8987 -0.4141 0.1445
vn -0.9950 -0.0879 -0.0465
vn -0.9983 -0.0563 -0.0178
vn -0.9989 -0.0410 -0.0244
vn -0.9484 -0.3071 -0.0786
vn -0.8320 -0.5533 0.0408
vn -0.7963 -0.5998 0.0780
vn -0.9969 -0.0714 -0.0343
vn -0.9983 -0.0469 -0.0345
vn -0.9974 0.0127 -0.0713
vn -0.9241 -0.3670 0.1065
vn -0.7847 -0.6031 0.1434
vn 0.5106 -0.8330 0.2130
vn -0.9569 -0.2859 0.0504
vn -0.9938 -0.1020 0.0436
vn -0.9981 -0.0499 -0.0373
vn -0.9982 0.0530 0.0291
vn -0.9959 0.0839 -0.0337
vn -0.9621 -0.2665 -0.0582
vn -0.9599 -0.2506 0.1259
vn 0.9852 -0.0857 -0.1486
vn 0.9679 -0.2213 -0.1191
vn 0.9824 -0.1863 0.0116
vn 0.9810 -0.1900 -0.0397
vn 0.9755 -0.2180 0.0303
vn 0.9606 -0.2761 -0.0331
vn 0.9848 0.0476 -0.1673
vn 0.9947 -0.0779 -0.0668
vn 0.9751 0.1578 -0.1556
vn 0.9966 0.0584 -0.0587
vn 0.9648 0.2507 -0.0794
vn 0.9910 0.1257 -0.0467
vn 0.9580 0.2867 0.0091
vn 0.9793 0.2022 0.0107
vn 0.9420 0.2850 0.1775
vn 0.9606 0.2325 0.1525
vn 0.9418 0.2986 0.1545
vn 0.9731 0.1959 0.1211
vn 0.9640 0.2659 -0.0027
vn 0.9857 0.1653 -0.0325
vn 0.9905 0.1315 -0.0405
vn 0.9847 0.1740 -0.0085
vn 0.9954 0.0794 0.0540
vn 0.9923 0.1182 0.0358
vn 0.9838 0.1778 -0.0213
vn 0.9877 0.1561 0.0079
vn 0.9918 0.0514 0.1171
vn 0.9968 -0.0313 0.0739
vn 0.9892 0.0015 0.1464
vn 0.9536 0.1154 0.2780
vn 0.9377 0.2092 0.2774
vn 0.9849 0.0948 0.1446
vn 0.9845 0.1129 0.1343
vn 0.9331 0.2850 0.2193
vn 0.9466 0.2157 0.2394
vn 0.9064 0.3179 0.2781
vn 0.9740 0.1364 0.1808
vn 0.9892 0.0887 0.1163
vn 0.8743 -0.4851 -0.0173
vn 0.7885 -0.5901 0.1734
vn 0.9682 -0.2374 -0.0786
vn 0.9788 -0.1984 -0.0518
vn 0.9933 -0.1088 -0.0390
vn 0.9753 -0.1827 -0.1238
vn 0.9859 -0.1671 -0.0023
vn 0.9957 -0.0925 -0.0021
vn 0.9806 -0.1911 -0.0447
vn 0.9783 -0.1438 -0.1495
vn 0.9783 -0.0829 -0.1900
vn 0.9755 -0.0260 -0.2184
vn 0.9730 -0.0053 -0.2306
vn 0.9927 0.0555 -0.1068
vn 0.9967 0.0752 0.0317
vn 0.9949 0.0073 0.1009
vn 0.9919 -0.0843 0.0955
vn 0.9273 -0.3450 0.1452
vn 0.9652 -0.2127 0.1520
vn 0.9282 -0.3351 -0.1619
vn 0.9753 -0.2008 -0.0917
vn 0.9969 -0.0697 -0.0369
vn 0.8513 -0.4444 -0.2788
vn 0.8516 -0.4735 -0.2249
vn 0.8018 -0.5972 -0.0217
vn 0.8490 -0.5238 -0.0695
vn 0.8275 -0.5586 0.0570
vn 0.7809 -0.6243 0.0187
vn 0.6256 -0.7787 -0.0476
vn 0.4794 -0.8760 0.0525
vn 0.2611 -0.9605 -0.0957
vn 0.7501 -0.6363 0.1802
vn 0.7655 -0.6281 0.1398
vn 0.2801 -0.9591 -0.0414
vn 0.0338 -0.9939 -0.1047
vn 0.9971 -0.0598 0.0466
vn 0.9953 -0.0939 -0.0227
vn 0.8848 -0.4654 0.0237
vn 0.8791 -0.4713 -0.0713
vn 0.9010 0.3841 0.2017
vn 0.9541 0.2971 -0.0369
vn 0.9935 -0.0528 0.1005
vn 0.9448 -0.3271 0.0165
vn 0.8967 0.3783 0.2299
vn 0.9952 -0.0853 -0.0487
vn 0.9642 -0.2633 -0.0329
vn 0.8789 0.4754 -0.0386
vn 0.9954 -0.0907 0.0314
vn 0.9829 -0.1733 0.0630
vn 0.8961 0.4382 0.0709
vn 0.9688 -0.0411 0.2442
vn 0.9879 0.0043 0.1550
vn 0.8581 0.3859 0.3387
vn 0.9529 -0.1071 0.2837
vn 0.9908 -0.0919 0.0998
vn 0.7744 0.3051 0.5543
vn 0.9827 -0.1360 0.1258
vn 0.9470 -0.2951 0.1272
vn 0.6988 0.1098 0.7069
vn 0.9214 -0.2346 0.3099
vn 0.8683 -0.1561 0.4708
vn 0.3381 -0.0901 0.9368
vn 0.8956 -0.4409 0.0595
vn 0.8517 -0.5215 0.0521
vn 0.9659 -0.2567 0.0333
vn 0.9886 -0.1505 0.0001
vn 0.9879 -0.1488 0.0426
vn 0.9887 -0.1411 -0.0502
vn 0.9966 -0.0827 -0.0003
vn 0.9468 -0.2307 0.2244
vn 0.8966 -0.3328 0.2922
vn 0.9985 -0.0514 -0.0195
vn 0.9986 -0.0093 0.0519
vn 0.9866 -0.1120 0.1189
vn 0.9981 0.0271 0.0561
vn 0.9926 -0.0496 0.1107
vn 0.9955 -0.0828 0.0470
vn 0.9901 0.1096 0.0879
vn -0.4989 0.6796 0.5378
vn -0.4987 0.6812 0.5359
vn -0.5001 0.6819 0.5338
vn -0.5022 0.6782 0.5365
vn 0.9769 0.0566 0.2062
vn 0.9254 0.2743 0.2615
vn 0.9263 0.2732 0.2595
vn 0.9512 -0.2437 0.1892
vn -0.3258 -0.7849 -0.5271
vn -0.7249 -0.5969 -0.3438
vn -0.5387 -0.7906 -0.2910
vn -0.0240 -0.8292 -0.5585
vn 0.0558 -0.9951 0.0815
vn 0.2567 -0.3855 0.8863
vn -0.8479 -0.3785 -0.3712
vn 0.1302 -0.0733 0.9888
vn 0.7043 0.6639 0.2514
vn 0.6062 0.7473 0.2720
vn 0.5710 0.6104 0.5490
vn 0.7106 0.4739 0.5202
vn 0.2803 0.3583 0.8905
vn 0.4518 0.2945 0.8421
vn 0.8856 0.3029 0.3521
vn 0.8109 0.1385 0.5685
vn 0.5459 -0.0855 0.8335
vn 0.7404 -0.2530 0.6227
vn 0.9165 -0.1729 0.3608
vn 0.5222 -0.3927 0.7570
vn 0.6508 0.7487 0.1260
vn 0.5752 0.8128 0.0917
vn 0.9016 0.3830 0.2011
vn 0.9676 -0.0631 0.2444
vn 0.6288 0.7758 0.0526
vn 0.5448 0.8382 0.0237
vn 0.9034 0.4275 0.0342
vn 0.9951 0.0355 0.0924
vn 0.0533 0.1186 0.9915
vn 0.0215 0.1727 0.9847
vn -0.0458 0.0472 0.9978
vn 0.0739 0.1656 0.9834
vn 0.1701 -0.2603 0.9504
vn -0.0032 -0.2365 0.9716
vn 0.3011 -0.5158 0.8021
vn 0.0686 -0.4188 0.9055
vn 0.5829 0.8094 -0.0721
vn 0.6451 0.7561 0.1106
vn 0.8319 0.5450 -0.1039
vn 0.9875 0.1563 -0.0198
vn 0.5267 0.8398 -0.1314
vn 0.6188 0.7842 0.0467
vn 0.7600 0.6299 -0.1601
vn 0.9574 0.2639 -0.1170
vn 0.4512 0.8742 -0.1793
vn 0.6205 0.7783 -0.0958
vn 0.6719 0.7047 -0.2278
vn 0.9011 0.3636 -0.2363
vn 0.3246 0.9088 -0.2621
vn 0.5929 0.7880 -0.1660
vn 0.5135 0.7828 -0.3514
vn 0.7738 0.4679 -0.4270
vn 0.2768 0.8469 -0.4541
vn 0.1878 0.9210 -0.3414
vn 0.5109 0.5626 -0.6499
vn 0.9133 0.0165 -0.4069
vn 0.6773 -0.0097 -0.7357
vn 0.9824 -0.0241 -0.1851
vn 0.9947 -0.0949 -0.0400
vn 0.9797 -0.1794 0.0899
vn 0.9389 -0.2840 0.1946
vn 0.8802 -0.3975 0.2593
vn 0.8065 -0.5013 0.3133
vn 0.6572 -0.5643 0.4997
vn 0.4863 -0.5818 0.6519
vn 0.3321 -0.6236 0.7077
vn 0.1725 -0.5817 0.7949
vn 0.8648 -0.3959 -0.3089
vn 0.6108 -0.5641 -0.5557
vn 0.9293 -0.3520 -0.1120
vn 0.9131 -0.4066 0.0305
vn 0.8684 -0.4686 0.1622
vn 0.8047 -0.5393 0.2483
vn 0.7459 -0.6004 0.2884
vn 0.6892 -0.6491 0.3222
vn 0.5796 -0.7075 0.4044
vn 0.4445 -0.7433 0.5000
vn 0.3308 -0.7571 0.5634
vn 0.1931 -0.7774 0.5987
vn 0.7489 -0.6307 -0.2034
vn 0.5084 -0.8116 -0.2878
vn 0.7660 -0.6401 -0.0598
vn 0.7377 -0.6700 0.0826
vn 0.6943 -0.6914 0.2000
vn 0.6459 -0.7092 0.2824
vn 0.6001 -0.7304 0.3261
vn 0.5548 -0.7579 0.3432
vn 0.4844 -0.7763 0.4034
vn 0.3839 -0.8166 0.4311
vn 0.3119 -0.8443 0.4358
vn 0.2179 -0.8604 0.4608
vn 0.4747 -0.8776 -0.0673
vn 0.4469 -0.8899 0.0913
vn 0.4214 -0.8844 0.2008
vn 0.4005 -0.8696 0.2889
vn 0.3802 -0.8553 0.3521
vn 0.3453 -0.8437 0.4110
vn 0.6412 -0.7665 0.0373
vn -0.0922 -0.2500 0.9638
vn -0.0367 -0.2188 0.9751
vn -0.0150 -0.4461 0.8949
vn 0.0218 -0.3414 0.9397
vn -0.0147 -0.3627 0.9318
vn -0.0000 -0.3731 0.9278
vn 0.0995 -0.4085 0.9073
vn -0.1681 -0.4856 0.8579
vn -0.2483 -0.5973 0.7626
vn -0.0587 -0.6784 0.7323
vn -0.1146 -0.7104 0.6944
vn 0.0048 -0.7569 0.6535
vn 0.0242 -0.8139 0.5805
vn 0.0676 -0.9467 0.3148
vn 0.0573 -0.9106 0.4094
vn -0.0520 -0.8709 0.4887
vn 0.1565 -0.9350 0.3181
vn 0.1666 -0.8222 0.5443
vn -0.0583 -0.9608 0.2711
vn 0.3034 0.0836 -0.9492
vn 0.1287 0.7113 -0.6910
vn -0.0526 -0.9536 -0.2965
vn 0.0445 -0.7446 -0.6660
vn 0.0358 -0.8944 -0.4459
vn 0.0815 -0.9355 -0.3438
vn 0.0479 -0.9889 0.1409
vn -0.9972 -0.0729 -0.0176
vn -0.9933 -0.1153 -0.0000
vn 0.9954 -0.0936 0.0191
vn 0.9841 -0.1766 0.0214
vn 0.9989 -0.0452 -0.0104
vn 0.9975 -0.0704 0.0103
vn -0.9988 -0.0488 -0.0050
vn 0.9779 -0.2017 -0.0548
vn -0.9995 -0.0304 -0.0057
vn -0.9817 -0.1889 -0.0244
vn -0.9322 -0.3602 -0.0347
vn 0.8283 -0.5445 -0.1321
vn -0.1014 -0.9629 -0.2502
vn -0.0821 -0.9237 -0.3742
vn 0.0285 -0.9808 -0.1927
vn -0.1787 -0.8682 0.4630
vn 0.0365 -0.9683 0.2470
vn -0.0553 -0.9562 -0.2875
vn -0.1794 -0.9295 0.3222
vn 0.0158 -0.9959 0.0895
vn 0.0695 -0.9974 0.0194
vn 0.0613 -0.9029 0.4254
vn 0.0144 -0.9972 0.0730
vn -0.0124 -0.9991 -0.0416
vn -0.1379 -0.9903 0.0174
vn -0.0941 -0.9865 -0.1339
vn 0.0476 -0.8855 -0.4622
vn 0.9838 -0.1403 -0.1120
vn 0.9205 -0.2235 -0.3205
vn -0.9778 -0.1228 -0.1699
vn -0.9203 -0.2258 -0.3194
vn 0.0002 -0.5444 -0.8388
vn 0.0025 -0.7040 -0.7102
vn -0.0015 -0.8775 -0.4796
vn -0.0001 -0.5647 -0.8253
vn -0.0014 -0.9382 -0.3460
vn -0.0014 0.3237 -0.9462
vn -0.0012 0.3411 -0.9400
vn -0.3054 0.2403 -0.9214
vn -0.0860 0.1015 -0.9911
vn -0.2810 0.2842 -0.9167
vn -0.3458 0.0843 -0.9345
vn -0.1182 -0.7113 -0.6929
vn -0.0030 -0.9981 -0.0614
vn -0.6452 -0.5405 -0.5399
vn -0.0009 -0.9939 0.1103
vn 0.8578 -0.3646 0.3622
vn 0.9190 -0.1127 0.3778
vn -0.8563 -0.3611 0.3692
vn 0.8678 -0.3232 0.3774
vn -0.8124 -0.2492 0.5272
vn 0.7397 -0.4492 0.5011
vn -0.7090 -0.4523 0.5411
vn -0.7002 -0.4688 0.5384
vn -0.7766 -0.3967 -0.4894
vn -0.7414 -0.4971 -0.4508
vn -0.0252 -0.8782 -0.4777
vn 0.8606 -0.2604 -0.4378
vn 0.8206 -0.3548 -0.4481
vn -0.2060 -0.9434 -0.2598
vn -0.0999 -0.8750 -0.4737
vn -0.3044 -0.8870 -0.3472
vn 0.1837 -0.9597 0.2126
vn -0.6294 0.6589 0.4119
vn -0.9827 0.1507 -0.1078
vn 0.2913 -0.9179 -0.2695
vn -0.2212 0.6827 0.6965
vn -0.2858 0.7063 0.6477
vn 0.2728 -0.7528 -0.5991
vn -0.2552 -0.7949 -0.5505
vn -0.5499 -0.6051 -0.5757
vn 0.0392 -0.3540 0.9344
vn -0.6393 0.2403 -0.7305
vn 0.0242 0.6275 -0.7783
vn 0.0040 0.6306 -0.7761
vn 0.0866 -0.1192 0.9891
vn 0.0534 0.0892 0.9946
vn -0.0000 0.0509 0.9987
vn -0.0000 -0.2087 0.9780
vn -0.0000 -0.3632 0.9317
vn 0.0229 -0.5286 0.8486
vn 0.0139 -0.7908 0.6119
vn -0.0088 -0.8888 0.4582
vn -0.0001 -0.9042 0.4271
vn 0.0002 -0.9308 0.3654
vn 0.0006 -0.9579 0.2870
vn 0.0008 -0.9806 0.1958
vn 0.0066 -0.9966 0.0820
vn 0.0082 -0.9963 -0.0861
vn -0.0025 -0.9402 -0.3406
vn -0.0217 -0.7012 -0.7126
vn -0.0214 -0.0503 -0.9985
vn 0.0056 0.6248 -0.7807
vn 0.0096 0.8744 -0.4852
vn -0.0004 0.9265 -0.3764
vn -0.8629 0.4156 -0.2877
vn 0.0063 0.9464 -0.3231
vn 0.4385 0.8554 -0.2756
vn 0.7210 -0.6495 -0.2415
vn -0.9098 -0.1525 -0.3859
vn 0.0202 0.8118 -0.5836
vn 0.9558 0.2729 -0.1094
vn 0.8638 0.4056 -0.2989
vn 0.9850 -0.1592 -0.0663
vn 0.9262 -0.2445 -0.2872
vn 0.9315 -0.2642 -0.2501
vn -0.0486 -0.3650 0.9298
vn 0.0725 -0.2357 0.9691
vn 0.0227 -0.2001 0.9795
vn -0.0000 -0.1922 0.9814
vn 0.1282 -0.4479 0.8848
vn 0.1568 -0.2977 0.9417
vn -0.1390 -0.3095 0.9407
vn 0.1757 -0.4274 0.8868
vn 0.8491 -0.4916 -0.1934
vn -0.1415 -0.9694 0.2004
vn 0.1039 -0.9764 0.1892
vn -0.3699 -0.9209 0.1232
vn -0.3227 -0.9408 0.1040
vn 0.3238 -0.9404 0.1041
vn 0.1873 -0.9823 -0.0058
vn -0.9606 0.2689 -0.0711
vn -0.9674 0.2467 -0.0568
vn 0.9382 -0.2507 -0.2385
vn -0.9679 -0.0896 -0.2349
vn -0.9571 -0.1488 -0.2486
vn -0.9713 -0.0778 -0.2249
vn -0.9511 -0.1455 -0.2724
vn -0.8880 -0.2394 -0.3926
vn 0.9379 -0.2969 -0.1791
vn 0.3004 -0.9499 0.0867
vn -0.2389 -0.9702 0.0415
vn 0.0239 -0.9881 0.1522
vn 0.9747 -0.2169 -0.0535
vn 0.5422 -0.7063 0.4552
vn 0.0346 -0.5580 0.8291
vn 0.7066 0.6023 -0.3715
vn 0.7088 0.5995 -0.3716
vn 0.4158 0.8450 -0.3362
vn 0.4157 0.8446 -0.3375
vn -0.9105 0.4112 0.0440
vn -0.9083 0.3695 0.1962
vn -0.8755 0.4369 -0.2063
vn -0.0362 -0.1468 0.9885
vn 0.0014 -0.1617 0.9868
vn 0.1050 -0.1364 0.9851
vn 0.1034 -0.2448 0.9640
vn -0.7534 -0.6575 -0.0069
vn -0.2728 -0.2904 0.9172
vn -0.2124 -0.9685 0.1298
vn 0.0327 -0.9994 0.0148
vn 0.3012 -0.8991 0.3177
vn 0.0058 -0.4260 0.9047
vn 0.2180 -0.3592 0.9075
vn -0.2943 -0.2575 0.9204
vn 0.1188 -0.1372 0.9834
vn -0.6841 -0.7078 0.1763
vn -0.7125 -0.6444 0.2776
vn -0.4982 -0.6533 0.5701
vn -0.9108 -0.3054 -0.2777
vn -0.9106 -0.3087 -0.2748
vn -0.7077 0.6004 -0.3723
vn -0.4851 0.8560 -0.1788
vn 0.9158 0.3874 -0.1063
vn 0.9159 0.3872 -0.1063
vn -0.0049 -0.1542 0.9880
vn 0.0411 -0.1515 0.9876
vn -0.1091 -0.1341 0.9850
vn -0.0842 -0.2341 0.9686
vn -0.2966 -0.9035 0.3094
vn -0.2966 -0.8941 0.3356
vn -0.2392 -0.9167 0.3200
vn 0.0284 -0.4624 0.8862
vn 0.2112 -0.9769 0.0311
vn 0.0153 -0.9999 -0.0068
vn -0.2147 -0.9326 0.2900
vn -0.1883 -0.3250 0.9268
vn -0.2588 -0.4820 0.8371
vn -0.0148 -0.4032 0.9150
vn -0.1277 -0.1359 0.9825
vt 0.965060 0.230150
vt 0.976700 0.232030
vt 0.976590 0.234600
vt 0.965200 0.233480
vt 0.950910 0.229720
vt 0.953480 0.233540
vt 0.987710 0.236350
vt 0.988090 0.234480
vt 0.522350 0.165010
vt 0.523660 0.165200
vt 0.528580 0.175520
vt 0.526170 0.175840
vt 0.535390 0.187720
vt 0.531200 0.188780
vt 0.518610 0.155430
vt 0.519110 0.155180
vt 0.925910 0.229870
vt 0.931120 0.228750
vt 0.932770 0.233370
vt 0.926150 0.233220
vt 0.918430 0.238090
vt 0.905120 0.236370
vt 0.905130 0.227510
vt 0.918800 0.231460
vt 0.904580 0.218710
vt 0.919680 0.227350
vt 0.918980 0.247310
vt 0.905130 0.248800
vt 0.919910 0.258350
vt 0.905500 0.263170
vt 0.920570 0.269970
vt 0.922840 0.276940
vt 0.908460 0.293550
vt 0.901990 0.284180
vt 0.557530 0.232230
vt 0.564020 0.243190
vt 0.560270 0.245240
vt 0.554100 0.234100
vt 0.516340 0.248170
vt 0.524610 0.246520
vt 0.526520 0.257290
vt 0.517320 0.258770
vt 0.499980 0.250220
vt 0.507980 0.249630
vt 0.508410 0.259850
vt 0.499990 0.260410
vt 0.549870 0.237240
vt 0.555280 0.248390
vt 0.550220 0.251300
vt 0.545110 0.240190
vt 0.539160 0.242510
vt 0.543250 0.253460
vt 0.534620 0.255820
vt 0.532030 0.244590
vt 0.942030 0.234300
vt 0.936820 0.228410
vt 0.541940 0.200420
vt 0.536380 0.201550
vt 0.549470 0.223760
vt 0.555170 0.222300
vt 0.548730 0.212110
vt 0.542960 0.212900
vt 0.034940 0.230170
vt 0.035120 0.233590
vt 0.023550 0.234770
vt 0.023320 0.232030
vt 0.049140 0.229740
vt 0.046880 0.233470
vt 0.012530 0.236720
vt 0.011920 0.234470
vt 0.477730 0.165010
vt 0.473730 0.175960
vt 0.471380 0.175500
vt 0.476380 0.165270
vt 0.468770 0.188900
vt 0.464640 0.187770
vt 0.480890 0.155180
vt 0.481300 0.155460
vt 0.074150 0.229900
vt 0.073900 0.233240
vt 0.067280 0.233350
vt 0.068930 0.228790
vt 0.081620 0.238120
vt 0.081260 0.231510
vt 0.094940 0.227570
vt 0.094940 0.236410
vt 0.080390 0.227400
vt 0.095480 0.218790
vt 0.081050 0.247350
vt 0.094940 0.248860
vt 0.080110 0.258400
vt 0.094520 0.263230
vt 0.079490 0.270000
vt 0.098030 0.284210
vt 0.091520 0.293560
vt 0.077250 0.276940
vt 0.442420 0.232270
vt 0.445880 0.234090
vt 0.439670 0.245290
vt 0.435910 0.243230
vt 0.483550 0.248220
vt 0.482670 0.258780
vt 0.473440 0.257320
vt 0.475310 0.246590
vt 0.491590 0.259870
vt 0.491960 0.249670
vt 0.450090 0.237270
vt 0.444640 0.248450
vt 0.454850 0.240240
vt 0.449730 0.251360
vt 0.460790 0.242600
vt 0.467890 0.244670
vt 0.465330 0.255870
vt 0.456700 0.253500
vt 0.063240 0.228440
vt 0.058130 0.234170
vt 0.463590 0.201520
vt 0.458090 0.200470
vt 0.444780 0.222340
vt 0.450440 0.223840
vt 0.451250 0.212180
vt 0.456960 0.213070
vt 0.522670 0.236430
vt 0.528760 0.233410
vt 0.540720 0.229690
vt 0.544700 0.226610
vt 0.520380 0.227280
vt 0.512720 0.224960
vt 0.514330 0.209530
vt 0.523380 0.220960
vt 0.537690 0.215810
vt 0.527470 0.206100
vt 0.511690 0.193420
vt 0.523320 0.191260
vt 0.513930 0.138790
vt 0.514700 0.143040
vt 0.512930 0.143530
vt 0.512050 0.139670
vt 0.511140 0.143950
vt 0.510140 0.140360
vt 0.514960 0.147060
vt 0.513170 0.147350
vt 0.511360 0.147630
vt 0.514880 0.151020
vt 0.513040 0.151130
vt 0.511180 0.151210
vt 0.514760 0.155010
vt 0.512610 0.154900
vt 0.510730 0.154840
vt 0.514390 0.158770
vt 0.511930 0.158540
vt 0.509860 0.158450
vt 0.513900 0.163450
vt 0.510760 0.163110
vt 0.508380 0.162960
vt 0.512900 0.169830
vt 0.508610 0.169930
vt 0.516730 0.150800
vt 0.516860 0.146820
vt 0.518290 0.146820
vt 0.518010 0.155220
vt 0.987160 0.238220
vt 0.976520 0.236080
vt 0.516230 0.142730
vt 0.516490 0.138770
vt 0.968100 0.235500
vt 0.516850 0.159240
vt 0.517400 0.163970
vt 0.520400 0.164560
vt 0.516870 0.169490
vt 0.520710 0.175970
vt 0.500600 0.386870
vt 0.500930 0.385750
vt 0.502090 0.386050
vt 0.501140 0.387550
vt 0.501110 0.384100
vt 0.502830 0.384240
vt 0.500430 0.158920
vt 0.501010 0.158690
vt 0.501370 0.159300
vt 0.500590 0.159820
vt 0.501330 0.158150
vt 0.501980 0.158730
vt 0.501800 0.157600
vt 0.502500 0.158240
vt 0.500970 0.382390
vt 0.502510 0.382000
vt 0.505080 0.154540
vt 0.504720 0.155430
vt 0.504230 0.155410
vt 0.504560 0.154540
vt 0.504250 0.156350
vt 0.503870 0.156210
vt 0.503700 0.157130
vt 0.503290 0.156730
vt 0.502670 0.157260
vt 0.503090 0.157720
vt 0.501160 0.380670
vt 0.502460 0.380720
vt 0.504470 0.380310
vt 0.505060 0.380870
vt 0.504870 0.378540
vt 0.506750 0.378940
vt 0.508620 0.380300
vt 0.510330 0.377000
vt 0.512450 0.378370
vt 0.508130 0.375960
vt 0.514180 0.374480
vt 0.517050 0.375900
vt 0.511220 0.373210
vt 0.521410 0.373000
vt 0.517850 0.371530
vt 0.514260 0.370210
vt 0.504840 0.153620
vt 0.505380 0.153630
vt 0.521270 0.367820
vt 0.525180 0.369140
vt 0.517470 0.366520
vt 0.512460 0.179290
vt 0.501000 0.169140
vt 0.503070 0.167780
vt 0.502370 0.171760
vt 0.500960 0.172680
vt 0.506060 0.169580
vt 0.503110 0.174320
vt 0.501020 0.176550
vt 0.503860 0.176880
vt 0.504610 0.168860
vt 0.505790 0.180270
vt 0.501270 0.179900
vt 0.501700 0.183450
vt 0.505080 0.189860
vt 0.502080 0.188150
vt 0.524410 0.362910
vt 0.528010 0.363720
vt 0.520880 0.361890
vt 0.531750 0.341810
vt 0.531920 0.349770
vt 0.528360 0.349440
vt 0.528560 0.341840
vt 0.530610 0.357200
vt 0.527000 0.356600
vt 0.523580 0.355770
vt 0.524990 0.349080
vt 0.525370 0.341930
vt 0.526300 0.328210
vt 0.527700 0.334650
vt 0.524820 0.335060
vt 0.523820 0.328570
vt 0.510680 0.135320
vt 0.512550 0.134240
vt 0.514470 0.132730
vt 0.508820 0.136160
vt 0.508680 0.130740
vt 0.510260 0.129230
vt 0.505910 0.126150
vt 0.506940 0.124150
vt 0.507160 0.131680
vt 0.505080 0.127390
vt 0.502130 0.124290
vt 0.502250 0.122750
vt 0.505360 0.103780
vt 0.503920 0.105810
vt 0.503040 0.103370
vt 0.503790 0.102080
vt 0.504350 0.100400
vt 0.506420 0.101050
vt 0.503700 0.097040
vt 0.505570 0.095390
vt 0.506620 0.098470
vt 0.504280 0.098800
vt 0.502600 0.095340
vt 0.503860 0.092120
vt 0.502460 0.119530
vt 0.503660 0.378030
vt 0.506790 0.375220
vt 0.509680 0.372410
vt 0.512610 0.369370
vt 0.515650 0.365740
vt 0.518870 0.360960
vt 0.521600 0.355090
vt 0.522980 0.348700
vt 0.523480 0.341850
vt 0.522950 0.335190
vt 0.522160 0.328720
vt 0.521600 0.322160
vt 0.523070 0.322070
vt 0.525270 0.321890
vt 0.520320 0.306900
vt 0.519080 0.302290
vt 0.521540 0.301410
vt 0.523150 0.306420
vt 0.523830 0.300430
vt 0.525850 0.305910
vt 0.527650 0.321630
vt 0.528820 0.327820
vt 0.530540 0.334180
vt 0.506570 0.162690
vt 0.508080 0.158350
vt 0.508970 0.154780
vt 0.508590 0.141010
vt 0.507390 0.136870
vt 0.509320 0.144410
vt 0.509800 0.147840
vt 0.509560 0.151210
vt 0.500840 0.166120
vt 0.502510 0.164780
vt 0.507190 0.158270
vt 0.508070 0.154900
vt 0.505630 0.162290
vt 0.504660 0.161300
vt 0.506220 0.158070
vt 0.514320 0.364960
vt 0.517360 0.360120
vt 0.519960 0.354450
vt 0.521520 0.348340
vt 0.521920 0.341690
vt 0.521410 0.335170
vt 0.520750 0.328760
vt 0.520160 0.322310
vt 0.502710 0.377250
vt 0.505710 0.374490
vt 0.508390 0.371600
vt 0.511300 0.368510
vt 0.504880 0.373950
vt 0.507180 0.371040
vt 0.509830 0.367660
vt 0.510840 0.362760
vt 0.512710 0.363910
vt 0.508250 0.366830
vt 0.515540 0.359150
vt 0.517860 0.353620
vt 0.519390 0.347790
vt 0.519780 0.341480
vt 0.519370 0.335180
vt 0.518700 0.328960
vt 0.518140 0.322780
vt 0.508200 0.361420
vt 0.510080 0.356560
vt 0.513230 0.358000
vt 0.511770 0.351510
vt 0.515330 0.352670
vt 0.512920 0.346120
vt 0.516720 0.347170
vt 0.513370 0.340910
vt 0.517200 0.341290
vt 0.513200 0.335260
vt 0.516850 0.335230
vt 0.512620 0.329500
vt 0.516280 0.329190
vt 0.511620 0.323690
vt 0.515570 0.323220
vt 0.507990 0.350320
vt 0.508980 0.345370
vt 0.506650 0.355310
vt 0.509410 0.340560
vt 0.509400 0.335380
vt 0.508920 0.329890
vt 0.500660 0.338440
vt 0.501680 0.337540
vt 0.502150 0.339410
vt 0.500940 0.339320
vt 0.502510 0.342610
vt 0.503800 0.339730
vt 0.505900 0.340130
vt 0.504440 0.344760
vt 0.501320 0.341140
vt 0.505850 0.335590
vt 0.506110 0.365800
vt 0.503820 0.364890
vt 0.505400 0.360230
vt 0.501570 0.364360
vt 0.502460 0.359530
vt 0.502870 0.354520
vt 0.503680 0.349630
vt 0.505860 0.370630
vt 0.503860 0.370290
vt 0.502240 0.369650
vt 0.500920 0.369170
vt 0.504250 0.373410
vt 0.501790 0.374810
vt 0.502120 0.376380
vt 0.500890 0.373190
vt 0.500440 0.371880
vt 0.525570 0.299180
vt 0.528090 0.305260
vt 0.530120 0.321340
vt 0.531270 0.327380
vt 0.533110 0.333320
vt 0.506570 0.147190
vt 0.507160 0.147370
vt 0.506930 0.148840
vt 0.506210 0.148650
vt 0.506670 0.150330
vt 0.505800 0.150110
vt 0.506130 0.151550
vt 0.505380 0.151430
vt 0.505050 0.152630
vt 0.505660 0.152660
vt 0.506150 0.132250
vt 0.503520 0.278120
vt 0.501270 0.274750
vt 0.501250 0.273870
vt 0.503990 0.277450
vt 0.503260 0.278690
vt 0.501290 0.275650
vt 0.502910 0.279500
vt 0.502170 0.281090
vt 0.500910 0.278960
vt 0.501150 0.276900
vt 0.503040 0.335900
vt 0.502740 0.330760
vt 0.505600 0.330390
vt 0.508000 0.324220
vt 0.502670 0.325680
vt 0.505140 0.325160
vt 0.502770 0.319720
vt 0.504890 0.321070
vt 0.501770 0.317000
vt 0.503170 0.314130
vt 0.504510 0.315750
vt 0.504010 0.311590
vt 0.505420 0.312570
vt 0.505640 0.308800
vt 0.504290 0.308370
vt 0.506880 0.318430
vt 0.507200 0.313520
vt 0.507210 0.309060
vt 0.510640 0.318250
vt 0.510100 0.313620
vt 0.509870 0.308950
vt 0.512800 0.303740
vt 0.513410 0.308510
vt 0.509660 0.303810
vt 0.514670 0.317910
vt 0.513910 0.313220
vt 0.517210 0.317370
vt 0.519180 0.316820
vt 0.514670 0.303540
vt 0.515590 0.308050
vt 0.516370 0.312570
vt 0.518230 0.312000
vt 0.517360 0.307590
vt 0.518700 0.307240
vt 0.517620 0.302830
vt 0.516220 0.303240
vt 0.520550 0.316530
vt 0.507180 0.303960
vt 0.504560 0.304020
vt 0.505840 0.304020
vt 0.505050 0.283880
vt 0.504030 0.284650
vt 0.507370 0.287480
vt 0.506040 0.287930
vt 0.505730 0.283420
vt 0.508360 0.287150
vt 0.506420 0.282990
vt 0.509300 0.286820
vt 0.507470 0.282200
vt 0.509330 0.291080
vt 0.507550 0.291390
vt 0.509330 0.299080
vt 0.512120 0.299020
vt 0.508590 0.295100
vt 0.510830 0.294880
vt 0.510550 0.290830
vt 0.515060 0.298800
vt 0.513730 0.298950
vt 0.513420 0.294580
vt 0.512230 0.294750
vt 0.511630 0.290610
vt 0.516330 0.298440
vt 0.507000 0.299260
vt 0.505470 0.299410
vt 0.504260 0.299500
vt 0.506580 0.295340
vt 0.504320 0.295550
vt 0.505390 0.295470
vt 0.505980 0.291700
vt 0.505020 0.291900
vt 0.504090 0.292060
vt 0.504780 0.288380
vt 0.503390 0.288950
vt 0.504100 0.288660
vt 0.503130 0.285470
vt 0.502220 0.287050
vt 0.502670 0.286190
vt 0.501690 0.282910
vt 0.501490 0.284520
vt 0.501270 0.286130
vt 0.500740 0.281430
vt 0.500740 0.283700
vt 0.500740 0.285740
vt 0.522160 0.316340
vt 0.524670 0.316240
vt 0.527250 0.315960
vt 0.529880 0.315560
vt 0.521320 0.311580
vt 0.524260 0.311330
vt 0.527210 0.310920
vt 0.519570 0.311730
vt 0.514750 0.294140
vt 0.513000 0.290170
vt 0.517690 0.297950
vt 0.516060 0.293690
vt 0.519840 0.297120
vt 0.521560 0.296740
vt 0.510510 0.286220
vt 0.504370 0.276720
vt 0.508320 0.281080
vt 0.514250 0.289510
vt 0.504390 0.128050
vt 0.502000 0.125050
vt 0.501590 0.273060
vt 0.511650 0.285350
vt 0.502420 0.100750
vt 0.502060 0.101340
vt 0.501220 0.099920
vt 0.501310 0.099840
vt 0.502590 0.099930
vt 0.501350 0.099710
vt 0.502530 0.099200
vt 0.502270 0.098400
vt 0.501330 0.099570
vt 0.501270 0.099420
vt 0.501610 0.097670
vt 0.501100 0.099220
vt 0.500520 0.340170
vt 0.557630 0.452640
vt 0.551650 0.462830
vt 0.548150 0.455920
vt 0.553890 0.447620
vt 0.544930 0.449300
vt 0.550660 0.442240
vt 0.541870 0.443050
vt 0.547710 0.436770
vt 0.538850 0.437170
vt 0.544640 0.431340
vt 0.535660 0.431590
vt 0.541310 0.426060
vt 0.532280 0.426370
vt 0.537840 0.421090
vt 0.528730 0.421540
vt 0.534290 0.416500
vt 0.525030 0.417070
vt 0.530910 0.412330
vt 0.521350 0.412920
vt 0.527860 0.408500
vt 0.517810 0.408800
vt 0.525480 0.404710
vt 0.515240 0.404520
vt 0.524170 0.400710
vt 0.543110 0.471800
vt 0.540350 0.463080
vt 0.537850 0.455450
vt 0.535250 0.448610
vt 0.532520 0.442340
vt 0.529620 0.436530
vt 0.526530 0.431180
vt 0.523240 0.426300
vt 0.519640 0.421880
vt 0.515680 0.417960
vt 0.511260 0.414300
vt 0.505860 0.410940
vt 0.531750 0.477880
vt 0.531160 0.468190
vt 0.529950 0.460330
vt 0.528150 0.453370
vt 0.525990 0.446970
vt 0.523600 0.441080
vt 0.521050 0.435710
vt 0.518380 0.431010
vt 0.515460 0.427020
vt 0.512060 0.423930
vt 0.508220 0.421590
vt 0.504050 0.420000
vt 0.519750 0.479270
vt 0.522310 0.470950
vt 0.522250 0.464120
vt 0.521140 0.457560
vt 0.519550 0.451200
vt 0.517740 0.445280
vt 0.515850 0.439870
vt 0.514050 0.435260
vt 0.512130 0.431780
vt 0.509510 0.429590
vt 0.506560 0.428500
vt 0.503310 0.428660
vt 0.552960 0.430050
vt 0.555670 0.434690
vt 0.502470 0.310740
vt 0.502870 0.307950
vt 0.556970 0.424230
vt 0.559380 0.428130
vt 0.549960 0.424910
vt 0.503000 0.304030
vt 0.500650 0.308180
vt 0.500960 0.304650
vt 0.554290 0.418940
vt 0.546410 0.419790
vt 0.502990 0.299660
vt 0.500880 0.300390
vt 0.550190 0.413670
vt 0.542840 0.415040
vt 0.502990 0.295740
vt 0.500820 0.296670
vt 0.546610 0.409020
vt 0.539410 0.410890
vt 0.502890 0.292420
vt 0.500640 0.293430
vt 0.543190 0.405230
vt 0.502420 0.289600
vt 0.536400 0.407280
vt 0.500710 0.291100
vt 0.540620 0.402120
vt 0.501680 0.288030
vt 0.534080 0.404240
vt 0.500610 0.289690
vt 0.538800 0.400110
vt 0.501140 0.287480
vt 0.532560 0.401520
vt 0.500560 0.288980
vt 0.537870 0.399030
vt 0.500800 0.287320
vt 0.532030 0.398820
vt 0.500420 0.288430
vt 0.537630 0.398220
vt 0.500360 0.310660
vt 0.501970 0.312960
vt 0.558090 0.438830
vt 0.500250 0.312680
vt 0.561000 0.431490
vt 0.501220 0.315160
vt 0.560780 0.442330
vt 0.511070 0.476350
vt 0.516290 0.471640
vt 0.505790 0.433090
vt 0.503450 0.435560
vt 0.515410 0.467170
vt 0.508460 0.470310
vt 0.514320 0.461080
vt 0.507350 0.463930
vt 0.506570 0.457840
vt 0.513140 0.454830
vt 0.511890 0.449000
vt 0.505890 0.452180
vt 0.509770 0.434950
vt 0.507570 0.434440
vt 0.509930 0.438460
vt 0.505170 0.440230
vt 0.510720 0.443510
vt 0.505340 0.446640
vt 0.506730 0.105940
vt 0.504990 0.108180
vt 0.508750 0.102080
vt 0.509580 0.098050
vt 0.508000 0.093290
vt 0.504780 0.089210
vt 0.515540 0.086420
vt 0.521440 0.096960
vt 0.514030 0.097470
vt 0.511640 0.090730
vt 0.506510 0.085880
vt 0.511960 0.103580
vt 0.934890 0.242880
vt 0.928780 0.246240
vt 0.926650 0.238430
vt 0.933580 0.238160
vt 0.508210 0.108390
vt 0.505990 0.110330
vt 0.515890 0.105930
vt 0.509930 0.111680
vt 0.511960 0.127140
vt 0.504120 0.112310
vt 0.506880 0.113610
vt 0.504060 0.115370
vt 0.508560 0.121720
vt 0.945280 0.245610
vt 0.942930 0.244080
vt 0.945220 0.241360
vt 0.948490 0.243830
vt 0.502330 0.111330
vt 0.502020 0.115330
vt 0.939730 0.242920
vt 0.940200 0.239060
vt 0.504790 0.118090
vt 0.503080 0.158940
vt 0.502410 0.159420
vt 0.501610 0.160130
vt 0.503740 0.159980
vt 0.502640 0.160250
vt 0.501810 0.161270
vt 0.500740 0.163700
vt 0.502110 0.162650
vt 0.500620 0.160820
vt 0.500690 0.162040
vt 0.503630 0.158200
vt 0.504270 0.157400
vt 0.504910 0.156420
vt 0.505460 0.157820
vt 0.504130 0.158580
vt 0.504880 0.157640
vt 0.505520 0.155480
vt 0.505440 0.156560
vt 0.505700 0.154580
vt 0.506380 0.155480
vt 0.505970 0.153680
vt 0.506420 0.153810
vt 0.506230 0.154540
vt 0.506360 0.152750
vt 0.506910 0.153270
vt 0.507200 0.155210
vt 0.506940 0.151710
vt 0.507570 0.152450
vt 0.507550 0.150560
vt 0.508580 0.150990
vt 0.507630 0.149020
vt 0.508220 0.149140
vt 0.508890 0.147920
vt 0.507750 0.147570
vt 0.508350 0.147760
vt 0.533770 0.326950
vt 0.535660 0.332570
vt 0.508650 0.144780
vt 0.532750 0.320850
vt 0.538090 0.331900
vt 0.535860 0.326850
vt 0.535400 0.321600
vt 0.540290 0.331210
vt 0.507900 0.141370
vt 0.532180 0.315490
vt 0.533570 0.309650
vt 0.530090 0.310400
vt 0.529870 0.304260
vt 0.506710 0.137280
vt 0.527610 0.297890
vt 0.529760 0.296240
vt 0.521030 0.293130
vt 0.518160 0.292950
vt 0.505910 0.132780
vt 0.522870 0.292150
vt 0.516040 0.288480
vt 0.520380 0.286070
vt 0.517810 0.287080
vt 0.512740 0.283990
vt 0.508880 0.279150
vt 0.504350 0.128520
vt 0.513740 0.283040
vt 0.510140 0.278170
vt 0.505120 0.275900
vt 0.503010 0.272330
vt 0.501920 0.125520
vt 0.471190 0.233520
vt 0.477240 0.236530
vt 0.455200 0.226670
vt 0.459260 0.229740
vt 0.487060 0.225020
vt 0.479510 0.227460
vt 0.476680 0.221190
vt 0.485600 0.209360
vt 0.472550 0.206030
vt 0.469590 0.218890
vt 0.463470 0.221420
vt 0.462250 0.216060
vt 0.476730 0.191330
vt 0.488310 0.193470
vt 0.479260 0.176140
vt 0.487460 0.179450
vt 0.494130 0.180340
vt 0.494850 0.189840
vt 0.493220 0.162730
vt 0.495250 0.168860
vt 0.493780 0.169570
vt 0.491430 0.162990
vt 0.494180 0.162330
vt 0.496790 0.167790
vt 0.496710 0.174250
vt 0.496040 0.176830
vt 0.497440 0.171730
vt 0.491710 0.158440
vt 0.489970 0.158530
vt 0.492590 0.158400
vt 0.490870 0.154900
vt 0.489120 0.154940
vt 0.491770 0.155040
vt 0.490320 0.151310
vt 0.488690 0.151300
vt 0.491330 0.151090
vt 0.490120 0.147890
vt 0.488530 0.147660
vt 0.491080 0.147980
vt 0.490610 0.144390
vt 0.488760 0.143910
vt 0.491320 0.144770
vt 0.491360 0.140920
vt 0.489790 0.140250
vt 0.492050 0.141290
vt 0.492460 0.136710
vt 0.491020 0.136030
vt 0.493130 0.137110
vt 0.493710 0.132270
vt 0.492750 0.131720
vt 0.493940 0.132790
vt 0.495350 0.128270
vt 0.494740 0.127580
vt 0.495330 0.128850
vt 0.498020 0.125260
vt 0.497940 0.124490
vt 0.498120 0.125700
vt 0.491200 0.169860
vt 0.487020 0.169770
vt 0.498090 0.183510
vt 0.497830 0.188120
vt 0.498360 0.179950
vt 0.489110 0.163110
vt 0.486060 0.163480
vt 0.487940 0.158600
vt 0.485540 0.158840
vt 0.487260 0.154990
vt 0.485130 0.155110
vt 0.486830 0.151210
vt 0.484970 0.151090
vt 0.486710 0.147380
vt 0.484900 0.147070
vt 0.486970 0.143470
vt 0.485200 0.142960
vt 0.487900 0.139540
vt 0.485940 0.138650
vt 0.489200 0.135220
vt 0.487380 0.134170
vt 0.491150 0.130770
vt 0.489670 0.129320
vt 0.494040 0.126300
vt 0.493270 0.124220
vt 0.498020 0.122750
vt 0.498070 0.119410
vt 0.483170 0.169570
vt 0.479680 0.164660
vt 0.481880 0.155320
vt 0.483110 0.159310
vt 0.482620 0.164040
vt 0.483120 0.150850
vt 0.023700 0.236350
vt 0.013230 0.238920
vt 0.481510 0.146830
vt 0.483370 0.138570
vt 0.483620 0.142630
vt 0.482970 0.146820
vt 0.032270 0.235760
vt 0.485520 0.132690
vt 0.487980 0.127210
vt 0.059860 0.238850
vt 0.054940 0.240910
vt 0.051230 0.238250
vt 0.491530 0.121710
vt 0.495720 0.117820
vt 0.498870 0.111330
vt 0.498960 0.115320
vt 0.496950 0.115320
vt 0.496980 0.112350
vt 0.496430 0.108150
vt 0.497620 0.105800
vt 0.498920 0.107820
vt 0.498570 0.103390
vt 0.499480 0.104510
vt 0.495170 0.101140
vt 0.496330 0.103770
vt 0.494850 0.105840
vt 0.492770 0.102050
vt 0.497210 0.100480
vt 0.497830 0.102090
vt 0.492040 0.098140
vt 0.495030 0.098510
vt 0.497380 0.098830
vt 0.497850 0.092030
vt 0.496190 0.095330
vt 0.493890 0.093160
vt 0.496710 0.089060
vt 0.499150 0.095290
vt 0.498040 0.097060
vt 0.495250 0.110320
vt 0.493170 0.108310
vt 0.489670 0.103340
vt 0.487510 0.097790
vt 0.490690 0.089870
vt 0.495370 0.085710
vt 0.073370 0.238440
vt 0.070530 0.270410
vt 0.071650 0.265160
vt 0.060180 0.242650
vt 0.066430 0.238100
vt 0.065030 0.242800
vt 0.498620 0.385770
vt 0.498900 0.386900
vt 0.498310 0.387560
vt 0.497380 0.386020
vt 0.498770 0.158700
vt 0.499310 0.158910
vt 0.499190 0.159840
vt 0.498390 0.159320
vt 0.498450 0.384150
vt 0.496710 0.384120
vt 0.498450 0.158170
vt 0.497780 0.158760
vt 0.498520 0.382380
vt 0.496990 0.381970
vt 0.497940 0.157650
vt 0.497250 0.158290
vt 0.497090 0.380680
vt 0.498400 0.380650
vt 0.496650 0.157790
vt 0.497060 0.157360
vt 0.494970 0.380400
vt 0.494250 0.380850
vt 0.499150 0.160830
vt 0.498160 0.160150
vt 0.497340 0.159460
vt 0.496680 0.158980
vt 0.496130 0.158270
vt 0.496400 0.156880
vt 0.496010 0.157210
vt 0.495470 0.157480
vt 0.495760 0.156430
vt 0.495420 0.156480
vt 0.494800 0.156550
vt 0.495480 0.155610
vt 0.495020 0.155610
vt 0.494230 0.155660
vt 0.495180 0.154750
vt 0.494690 0.154760
vt 0.494080 0.154800
vt 0.494940 0.153880
vt 0.494410 0.153880
vt 0.493830 0.153920
vt 0.494180 0.152920
vt 0.494790 0.152900
vt 0.493470 0.152980
vt 0.494160 0.150370
vt 0.494520 0.151700
vt 0.493760 0.151800
vt 0.493290 0.150530
vt 0.492950 0.151920
vt 0.492460 0.150700
vt 0.493830 0.148850
vt 0.493090 0.149010
vt 0.492390 0.149150
vt 0.492910 0.147500
vt 0.493520 0.147340
vt 0.492300 0.147660
vt 0.492510 0.379180
vt 0.490510 0.380590
vt 0.488910 0.377060
vt 0.486720 0.378430
vt 0.485180 0.374410
vt 0.482160 0.375810
vt 0.481540 0.371460
vt 0.477800 0.372680
vt 0.478300 0.367600
vt 0.474380 0.368510
vt 0.471560 0.363510
vt 0.475290 0.362680
vt 0.499100 0.162050
vt 0.497970 0.161290
vt 0.497340 0.164750
vt 0.497700 0.162630
vt 0.499040 0.163680
vt 0.498940 0.166120
vt 0.498870 0.169160
vt 0.495800 0.378080
vt 0.494550 0.378570
vt 0.492650 0.375310
vt 0.491270 0.376070
vt 0.493740 0.374550
vt 0.496790 0.377280
vt 0.489700 0.372410
vt 0.488170 0.373180
vt 0.490890 0.371660
vt 0.483970 0.365810
vt 0.486870 0.369320
vt 0.485220 0.370220
vt 0.482070 0.366670
vt 0.485330 0.364940
vt 0.488190 0.368450
vt 0.480900 0.360830
vt 0.478970 0.361550
vt 0.482370 0.360080
vt 0.478250 0.354960
vt 0.476350 0.355540
vt 0.479790 0.354400
vt 0.476820 0.348570
vt 0.474860 0.348890
vt 0.478330 0.348230
vt 0.476290 0.341770
vt 0.474540 0.341850
vt 0.477860 0.341620
vt 0.475220 0.334980
vt 0.476920 0.335110
vt 0.478440 0.335060
vt 0.478430 0.322000
vt 0.477870 0.328560
vt 0.476300 0.328440
vt 0.476920 0.321900
vt 0.479900 0.322220
vt 0.479240 0.328610
vt 0.479520 0.316450
vt 0.477950 0.316260
vt 0.480850 0.316750
vt 0.482530 0.302890
vt 0.481580 0.307250
vt 0.479990 0.306930
vt 0.481070 0.302340
vt 0.483820 0.303230
vt 0.482800 0.307570
vt 0.480560 0.311650
vt 0.478850 0.311500
vt 0.481850 0.311950
vt 0.482430 0.297980
vt 0.483720 0.298500
vt 0.484960 0.298820
vt 0.485990 0.289540
vt 0.487190 0.290240
vt 0.485400 0.294250
vt 0.484200 0.293760
vt 0.488610 0.285480
vt 0.489800 0.286390
vt 0.488500 0.290690
vt 0.490930 0.286920
vt 0.486640 0.294620
vt 0.497140 0.160280
vt 0.496060 0.160020
vt 0.495640 0.158660
vt 0.494880 0.157740
vt 0.494300 0.156700
vt 0.493390 0.155650
vt 0.493550 0.154750
vt 0.493370 0.154030
vt 0.492890 0.153460
vt 0.498830 0.172660
vt 0.498600 0.176540
vt 0.495140 0.161340
vt 0.496220 0.277540
vt 0.492780 0.282360
vt 0.491950 0.281260
vt 0.495780 0.276840
vt 0.496650 0.278180
vt 0.493810 0.283040
vt 0.498880 0.273980
vt 0.498440 0.273170
vt 0.498950 0.274840
vt 0.472900 0.356260
vt 0.471530 0.349180
vt 0.471460 0.341660
vt 0.472450 0.334520
vt 0.473900 0.328090
vt 0.474760 0.321750
vt 0.475440 0.316110
vt 0.475900 0.311230
vt 0.477060 0.306400
vt 0.478620 0.301410
vt 0.480360 0.297150
vt 0.484050 0.288330
vt 0.482060 0.293000
vt 0.487130 0.283910
vt 0.469150 0.356900
vt 0.468020 0.349380
vt 0.468390 0.341510
vt 0.469650 0.334010
vt 0.471400 0.327700
vt 0.472420 0.321480
vt 0.472860 0.315800
vt 0.472920 0.310790
vt 0.474340 0.305840
vt 0.476310 0.300370
vt 0.478650 0.296740
vt 0.479100 0.293080
vt 0.482010 0.286800
vt 0.485850 0.282890
vt 0.494930 0.276040
vt 0.496850 0.272480
vt 0.491050 0.279220
vt 0.499600 0.101360
vt 0.500070 0.101900
vt 0.500460 0.099940
vt 0.500590 0.100030
vt 0.499040 0.100010
vt 0.499280 0.100780
vt 0.500300 0.099730
vt 0.500370 0.099860
vt 0.499130 0.099260
vt 0.500330 0.099580
vt 0.499970 0.097690
vt 0.499380 0.098460
vt 0.500510 0.099240
vt 0.500380 0.099430
vt 0.489330 0.278450
vt 0.494560 0.373970
vt 0.497440 0.376360
vt 0.492040 0.371080
vt 0.489570 0.367680
vt 0.486950 0.363910
vt 0.484290 0.359050
vt 0.481900 0.353570
vt 0.480460 0.347670
vt 0.480020 0.341410
vt 0.480520 0.335070
vt 0.481260 0.328840
vt 0.481920 0.322680
vt 0.482790 0.317280
vt 0.483670 0.312520
vt 0.485350 0.303390
vt 0.484460 0.308010
vt 0.486280 0.298920
vt 0.487830 0.294800
vt 0.491830 0.287240
vt 0.489640 0.290950
vt 0.496920 0.278720
vt 0.494470 0.283440
vt 0.498930 0.275690
vt 0.499050 0.339330
vt 0.499310 0.340130
vt 0.498300 0.341220
vt 0.497690 0.339470
vt 0.499350 0.338460
vt 0.498350 0.337550
vt 0.497190 0.342640
vt 0.496140 0.339740
vt 0.496980 0.335910
vt 0.467050 0.333130
vt 0.468980 0.327250
vt 0.470040 0.321140
vt 0.470220 0.315380
vt 0.470000 0.310240
vt 0.472090 0.305200
vt 0.474580 0.299110
vt 0.464510 0.332380
vt 0.466590 0.326810
vt 0.467650 0.320660
vt 0.468020 0.315300
vt 0.466580 0.309420
vt 0.470320 0.304240
vt 0.472600 0.297780
vt 0.477270 0.292070
vt 0.479390 0.285880
vt 0.493560 0.158190
vt 0.492600 0.155380
vt 0.492250 0.152640
vt 0.491680 0.147840
vt 0.491760 0.149240
vt 0.464440 0.326630
vt 0.462030 0.331680
vt 0.459890 0.330880
vt 0.464720 0.321490
vt 0.470510 0.296180
vt 0.494310 0.157940
vt 0.489790 0.356530
vt 0.491460 0.361390
vt 0.488830 0.362710
vt 0.486590 0.357930
vt 0.491210 0.366850
vt 0.493310 0.365790
vt 0.488040 0.351490
vt 0.484430 0.352590
vt 0.486940 0.346090
vt 0.483210 0.347030
vt 0.486540 0.340840
vt 0.482630 0.341190
vt 0.486710 0.335190
vt 0.483020 0.335170
vt 0.487390 0.329430
vt 0.483690 0.329100
vt 0.488350 0.323620
vt 0.484450 0.323100
vt 0.489350 0.318140
vt 0.485350 0.317790
vt 0.486130 0.313120
vt 0.489850 0.313560
vt 0.490410 0.303830
vt 0.490140 0.308920
vt 0.486600 0.308460
vt 0.487280 0.303570
vt 0.490770 0.299130
vt 0.487970 0.299020
vt 0.489260 0.294960
vt 0.491560 0.295130
vt 0.492740 0.291490
vt 0.490900 0.291190
vt 0.492820 0.287560
vt 0.494220 0.287990
vt 0.498100 0.281160
vt 0.496300 0.284690
vt 0.495160 0.283900
vt 0.497280 0.279520
vt 0.499330 0.278990
vt 0.499040 0.276910
vt 0.493390 0.370640
vt 0.495410 0.370270
vt 0.497690 0.374750
vt 0.495180 0.373400
vt 0.497050 0.369630
vt 0.498450 0.373110
vt 0.495570 0.364860
vt 0.494300 0.360200
vt 0.493240 0.355320
vt 0.491860 0.350270
vt 0.490830 0.345370
vt 0.490410 0.340510
vt 0.490560 0.335320
vt 0.491070 0.329820
vt 0.491960 0.324120
vt 0.493180 0.318410
vt 0.492720 0.313490
vt 0.497250 0.359620
vt 0.497860 0.364390
vt 0.498360 0.369180
vt 0.497140 0.354550
vt 0.496200 0.349680
vt 0.495350 0.344810
vt 0.493930 0.340110
vt 0.494090 0.335570
vt 0.494410 0.330330
vt 0.494800 0.325090
vt 0.495000 0.321050
vt 0.497090 0.319820
vt 0.495260 0.316130
vt 0.494420 0.312550
vt 0.497190 0.330720
vt 0.497360 0.325560
vt 0.497110 0.307430
vt 0.497340 0.311270
vt 0.495980 0.311720
vt 0.495960 0.307800
vt 0.498960 0.307850
vt 0.498750 0.311760
vt 0.497080 0.303340
vt 0.495710 0.303590
vt 0.498970 0.303940
vt 0.497150 0.299540
vt 0.495840 0.299480
vt 0.499160 0.300170
vt 0.497220 0.295930
vt 0.495990 0.295700
vt 0.499370 0.296640
vt 0.497330 0.292550
vt 0.496250 0.292230
vt 0.499560 0.293540
vt 0.497820 0.289740
vt 0.496890 0.289040
vt 0.499470 0.291230
vt 0.498740 0.288010
vt 0.498340 0.286940
vt 0.499350 0.289630
vt 0.499520 0.286060
vt 0.499660 0.287390
vt 0.499510 0.288650
vt 0.496530 0.315050
vt 0.494460 0.308480
vt 0.494320 0.303940
vt 0.494640 0.299500
vt 0.494910 0.295600
vt 0.495380 0.292060
vt 0.496210 0.288690
vt 0.497900 0.286190
vt 0.499210 0.284590
vt 0.498850 0.371830
vt 0.492890 0.304020
vt 0.492840 0.309020
vt 0.493120 0.299350
vt 0.493660 0.295430
vt 0.494400 0.291840
vt 0.495510 0.288400
vt 0.498820 0.283000
vt 0.497370 0.285520
vt 0.499580 0.281470
vt 0.499910 0.283730
vt 0.500120 0.285730
vt 0.500270 0.287260
vt 0.500050 0.287660
vt 0.465160 0.416530
vt 0.459870 0.410930
vt 0.462880 0.407300
vt 0.468570 0.412340
vt 0.465260 0.404290
vt 0.471610 0.408480
vt 0.456270 0.405310
vt 0.458910 0.402160
vt 0.460760 0.400170
vt 0.470820 0.421570
vt 0.474460 0.417130
vt 0.478090 0.412970
vt 0.479750 0.422020
vt 0.476190 0.426410
vt 0.483720 0.418030
vt 0.461630 0.421120
vt 0.456500 0.415100
vt 0.452880 0.409140
vt 0.467290 0.426390
vt 0.472910 0.431280
vt 0.458170 0.426100
vt 0.453040 0.419760
vt 0.449280 0.413330
vt 0.463900 0.431610
vt 0.469830 0.436630
vt 0.473900 0.404690
vt 0.466810 0.401550
vt 0.461770 0.399030
vt 0.475160 0.400740
vt 0.467370 0.398820
vt 0.462050 0.398100
vt 0.481540 0.408840
vt 0.484210 0.404520
vt 0.488230 0.414330
vt 0.493560 0.410940
vt 0.454830 0.431390
vt 0.449610 0.424720
vt 0.445680 0.417870
vt 0.460680 0.437200
vt 0.466910 0.442440
vt 0.451700 0.436850
vt 0.446650 0.429920
vt 0.442830 0.423490
vt 0.457600 0.443100
vt 0.464160 0.448700
vt 0.448650 0.442320
vt 0.443980 0.434780
vt 0.439920 0.428570
vt 0.454530 0.449370
vt 0.461500 0.455540
vt 0.445450 0.447700
vt 0.441560 0.439140
vt 0.451220 0.456070
vt 0.458860 0.463200
vt 0.447310 0.463100
vt 0.442030 0.452830
vt 0.456070 0.472000
vt 0.468000 0.468380
vt 0.467520 0.477870
vt 0.469300 0.460540
vt 0.471200 0.453540
vt 0.473390 0.447150
vt 0.475790 0.441250
vt 0.478320 0.435880
vt 0.480990 0.431150
vt 0.483920 0.427170
vt 0.487330 0.424010
vt 0.491190 0.421630
vt 0.495350 0.420000
vt 0.476990 0.471190
vt 0.479350 0.479360
vt 0.477070 0.464380
vt 0.478250 0.457750
vt 0.479860 0.451370
vt 0.481670 0.445460
vt 0.483520 0.440080
vt 0.485320 0.435410
vt 0.487250 0.431860
vt 0.489840 0.429690
vt 0.492830 0.428590
vt 0.496050 0.428770
vt 0.483150 0.471920
vt 0.488520 0.476830
vt 0.484050 0.467610
vt 0.485090 0.461420
vt 0.486260 0.455120
vt 0.487500 0.449240
vt 0.488660 0.443730
vt 0.489440 0.438670
vt 0.489580 0.435130
vt 0.491770 0.434560
vt 0.493530 0.433210
vt 0.495900 0.435650
vt 0.491080 0.470960
vt 0.492050 0.464410
vt 0.492790 0.458190
vt 0.493470 0.452430
vt 0.494020 0.446820
vt 0.494210 0.440370
vt 0.494100 0.113750
vt 0.491280 0.111750
vt 0.485850 0.106120
vt 0.484590 0.237940
vt 0.492460 0.241210
vt 0.499920 0.223380
vt 0.506650 0.234750
vt 0.499930 0.235180
vt 0.499960 0.209510
vt 0.499960 0.197520
vt 0.499980 0.192720
vt 0.499980 0.189040
vt 0.499910 0.183960
vt 0.499850 0.180460
vt 0.499810 0.176980
vt 0.499890 0.173000
vt 0.499900 0.166320
vt 0.499940 0.169360
vt 0.499900 0.163870
vt 0.499890 0.161020
vt 0.499890 0.162230
vt 0.499890 0.159990
vt 0.499860 0.158940
vt 0.499790 0.385730
vt 0.499750 0.387090
vt 0.499710 0.388270
vt 0.499780 0.384150
vt 0.499760 0.382390
vt 0.499800 0.379870
vt 0.499790 0.376460
vt 0.499820 0.377940
vt 0.499650 0.372250
vt 0.499700 0.374370
vt 0.499630 0.369130
vt 0.499690 0.364170
vt 0.499860 0.359410
vt 0.499910 0.354690
vt 0.499900 0.350370
vt 0.499860 0.343990
vt 0.499930 0.346590
vt 0.499870 0.340520
vt 0.499860 0.341940
vt 0.499990 0.339270
vt 0.499990 0.336660
vt 0.499990 0.338060
vt 0.499960 0.334580
vt 0.499980 0.330800
vt 0.499970 0.326130
vt 0.500030 0.321460
vt 0.499830 0.318510
vt 0.501060 0.081190
vt 0.500840 0.086420
vt 0.500860 0.089990
vt 0.500880 0.094460
vt 0.500800 0.097310
vt 0.500830 0.099680
vt 0.500800 0.098990
vt 0.500860 0.100120
vt 0.500820 0.102200
vt 0.501090 0.100020
vt 0.500770 0.105060
vt 0.501570 0.101880
vt 0.502090 0.104500
vt 0.500680 0.108520
vt 0.500590 0.111740
vt 0.502490 0.107820
vt 0.500470 0.115310
vt 0.500300 0.118790
vt 0.500150 0.121360
vt 0.500000 0.123300
vt 0.500010 0.124440
vt 0.500040 0.125120
vt 0.499920 0.270870
vt 0.499960 0.272020
vt 0.500010 0.273050
vt 0.500100 0.273920
vt 0.500110 0.274880
vt 0.500120 0.276290
vt 0.500090 0.278450
vt 0.500130 0.281060
vt 0.500320 0.283490
vt 0.500450 0.285650
vt 0.500570 0.287260
vt 0.500300 0.288300
vt 0.461970 0.397380
vt 0.467290 0.396300
vt 0.532190 0.396320
vt 0.537690 0.397530
vt 0.523500 0.396480
vt 0.475870 0.396520
vt 0.512770 0.399940
vt 0.486650 0.399940
vt 0.499690 0.408200
vt 0.499690 0.419450
vt 0.499690 0.429220
vt 0.499690 0.437350
vt 0.499690 0.443010
vt 0.499690 0.448410
vt 0.499690 0.453920
vt 0.499690 0.459660
vt 0.499690 0.466010
vt 0.499690 0.473350
vt 0.499690 0.482980
vt 0.483860 0.489850
vt 0.466640 0.489750
vt 0.515960 0.489710
vt 0.451620 0.481740
vt 0.533180 0.489320
vt 0.441920 0.469450
vt 0.547700 0.481070
vt 0.437140 0.456420
vt 0.556880 0.468990
vt 0.562050 0.456320
vt 0.500200 0.314560
vt 0.563720 0.444380
vt 0.435720 0.444590
vt 0.438750 0.442680
vt 0.497850 0.317470
vt 0.499640 0.316850
vt 0.562600 0.434690
vt 0.499840 0.315980
vt 0.563910 0.436760
vt 0.438700 0.432990
vt 0.437160 0.435950
vt 0.435790 0.437170
vt 0.497480 0.314390
vt 0.499220 0.314530
vt 0.498210 0.316200
vt 0.499390 0.315990
vt 0.493210 0.234780
vt 0.515300 0.237870
vt 0.507440 0.241180
vt 0.499950 0.242490
vt 0.530510 0.218750
vt 0.535300 0.231250
vt 0.464680 0.231330
vt 0.536600 0.221150
vt 0.071200 0.246270
vt 0.039490 0.235600
vt 0.037810 0.236880
vt 0.962940 0.236860
vt 0.961200 0.235670
vt 0.486510 0.086150
vt 0.494500 0.079340
vt 0.501260 0.075360
vt 0.507590 0.079580
vt 0.480570 0.097460
vt 0.071970 0.256510
vt 0.929530 0.270380
vt 0.928400 0.265110
vt 0.928040 0.256450
vt 0.057030 0.243600
vt 0.955800 0.236680
vt 0.949190 0.238670
vt 0.051760 0.243140
vt 0.047710 0.240990
vt 0.042660 0.238700
vt 0.044900 0.236440
vt 0.958480 0.238990
vt 0.952900 0.241640
vt 0.054730 0.244950
vt 0.529220 0.159570
vt 0.536240 0.170440
vt 0.543770 0.184840
vt 0.521370 0.149580
vt 0.977250 0.225120
vt 0.989360 0.227810
vt 0.963890 0.223130
vt 0.948110 0.221630
vt 0.561780 0.233600
vt 0.567430 0.241420
vt 0.571740 0.238940
vt 0.563860 0.229820
vt 0.925700 0.218560
vt 0.550660 0.197200
vt 0.922610 0.221920
vt 0.903770 0.210710
vt 0.903100 0.205480
vt 0.562320 0.218060
vt 0.568920 0.226710
vt 0.556590 0.208500
vt 0.576160 0.234770
vt 0.470790 0.159570
vt 0.463760 0.170440
vt 0.456260 0.184890
vt 0.478650 0.149580
vt 0.010660 0.227810
vt 0.022770 0.225120
vt 0.036140 0.223130
vt 0.051940 0.221650
vt 0.432520 0.241470
vt 0.438180 0.233650
vt 0.428200 0.238980
vt 0.436100 0.229870
vt 0.074380 0.218610
vt 0.449360 0.197260
vt 0.077450 0.221960
vt 0.096280 0.210770
vt 0.096960 0.205550
vt 0.431020 0.226750
vt 0.437650 0.218110
vt 0.443390 0.208560
vt 0.423790 0.234800
s 1
usemtl defaultMat.001
f 1/1/1 7/2/2 163/3/3 1306/4/4
f 6/5/5 1/1/1 1306/4/4 160/6/6
f 162/7/7 163/3/3 7/2/2 8/8/8
f 1297/9/9 3/10/10 4/11/11 161/12/12
f 161/12/12 4/11/11 5/13/13 90/14/14
f 1297/9/9 162/15/7 8/16/8 3/10/10
f 13/17/15 9/18/16 158/19/17 10/20/18
f 1302/21/19 14/22/20 15/23/21 1262/24/22
f 1262/24/22 15/23/21 11/25/23 12/26/24
f 12/26/24 13/17/15 10/20/18 1262/24/22
f 156/27/25 17/28/26 14/22/20 1302/21/19
f 157/29/27 16/30/28 17/28/26 156/27/25
f 1301/31/29 1298/32/30 2/33/30 18/34/31
f 157/29/27 1301/31/29 18/34/31 16/30/28
f 19/35/32 22/36/33 21/37/34 1261/38/35
f 81/39/36 24/40/37 26/41/38 29/42/39
f 71/43/40 23/44/41 28/45/42 27/46/43
f 81/39/36 29/42/39 28/45/42 23/44/41
f 1272/47/44 1261/38/35 21/37/34 20/48/45
f 20/48/45 30/49/46 1273/50/47 1272/47/44
f 1260/51/48 25/52/49 31/53/50 32/54/51
f 26/41/38 24/40/37 32/54/51 31/53/50
f 1260/51/48 1273/50/47 30/49/46 25/52/49
f 160/6/6 159/55/52 33/56/53 6/5/5
f 9/18/16 33/56/53 159/55/52 158/19/17
f 90/14/14 5/13/13 34/57/54 87/58/55
f 19/35/32 1261/38/35 1282/59/56 35/60/57
f 36/61/58 35/60/57 1282/59/56 84/62/59
f 34/57/54 36/61/58 84/62/59 87/58/55
f 37/63/60 1307/64/61 760/65/62 42/66/63
f 41/67/64 757/68/65 1307/64/61 37/63/60
f 759/69/66 43/70/67 42/66/63 760/65/62
f 1299/71/68 758/72/69 39/73/70 38/74/71
f 758/72/69 688/75/72 40/76/73 39/73/70
f 1299/71/68 38/74/74 43/77/67 759/78/66
f 48/79/75 45/80/76 755/81/77 44/82/78
f 1303/83/79 1264/84/80 50/85/81 49/86/82
f 1264/84/80 47/87/83 46/88/84 50/85/81
f 47/87/83 1264/84/80 45/80/76 48/79/75
f 753/89/85 1303/83/79 49/86/82 52/90/86
f 754/91/87 753/89/85 52/90/86 51/92/88
f 1300/93/89 53/94/90 2/95/91 1298/96/91
f 754/91/87 51/92/88 53/94/90 1300/93/89
f 54/97/92 1263/98/93 56/99/94 57/100/95
f 678/101/96 63/102/97 61/103/98 59/104/99
f 71/43/40 27/46/43 62/105/100 58/106/101
f 678/101/96 58/106/101 62/105/100 63/102/97
f 1277/107/102 55/108/103 56/99/94 1263/98/93
f 55/108/103 1277/107/102 1276/109/104 64/110/105
f 679/111/106 66/112/107 65/113/108 60/114/109
f 61/103/98 65/113/108 66/112/107 59/104/99
f 679/111/106 60/114/109 64/110/105 1276/109/104
f 757/68/65 41/67/64 67/115/110 756/116/111
f 44/82/78 755/81/77 756/116/111 67/115/110
f 688/75/72 685/117/112 68/118/113 40/76/73
f 54/97/92 69/119/114 1285/120/115 1263/98/93
f 70/121/116 682/122/117 1285/120/115 69/119/114
f 68/118/113 685/117/112 682/122/117 70/121/116
f 32/54/51 24/40/37 1289/123/118 1290/124/119
f 1272/47/44 1273/50/47 1293/125/120 1294/126/121
f 1268/127/122 82/128/123 85/129/124 1269/130/125
f 84/62/59 1275/131/126 86/132/127 87/58/55
f 86/132/127 85/129/124 88/133/128 89/134/129
f 87/58/55 86/132/127 89/134/129 90/14/14
f 133/135/130 132/136/131 110/137/132 111/138/133
f 111/138/134 110/137/132 141/139/135 142/140/136
f 132/136/131 131/141/137 109/142/138 110/137/132
f 110/137/132 109/142/138 140/143/139 141/139/135
f 131/141/137 130/144/140 108/145/141 109/142/138
f 109/142/138 108/145/141 139/146/142 140/143/139
f 130/144/140 129/147/143 107/148/144 108/145/141
f 108/145/141 107/148/144 138/149/145 139/146/142
f 129/147/143 128/150/146 106/151/147 107/148/144
f 107/148/144 106/151/147 137/152/148 138/149/145
f 128/150/146 127/153/149 105/154/150 106/151/147
f 106/151/147 105/154/150 136/155/151 137/152/148
f 127/153/149 126/156/152 104/157/153 105/154/150
f 1314/158/154 1315/159/155 119/160/156 118/161/157
f 162/7/7 118/162/158 119/163/159 163/3/3
f 119/160/156 1315/159/155 1316/164/160 120/165/161
f 119/163/159 120/166/162 1306/4/4 163/3/3
f 120/165/162 1316/164/163 132/136/131 133/135/130
f 128/150/146 129/147/143 118/161/158 1308/167/164
f 127/153/149 128/150/146 1308/167/164 1309/168/165
f 1297/9/9 117/169/166 118/161/158 162/15/7
f 127/153/149 1309/168/165 1310/170/167 126/156/152
f 161/12/12 116/171/168 117/169/166 1297/9/9
f 90/14/14 89/134/129 116/171/168 161/12/12
f 171/172/169 169/173/170 166/174/171 165/175/172
f 169/173/170 170/176/173 167/177/174 166/174/171
f 165/178/172 166/179/171 174/180/175 173/181/176
f 166/179/171 167/182/174 175/183/177 174/180/175
f 167/182/174 168/184/178 176/185/179 175/183/177
f 170/176/173 172/186/180 168/187/178 167/177/174
f 181/188/181 180/189/182 189/190/183 190/191/184
f 180/189/182 179/192/185 188/193/186 189/190/183
f 179/192/185 178/194/187 187/195/188 188/193/186
f 168/184/178 186/196/189 177/197/190 176/185/179
f 178/194/187 177/197/190 186/196/189 187/195/188
f 172/186/180 195/198/191 225/199/192 168/187/178
f 168/187/178 225/199/192 226/200/193 186/201/189
f 225/199/192 251/202/194 227/203/195 226/200/196
f 226/200/196 227/203/195 187/204/188 186/201/197
f 227/203/195 228/205/198 188/206/186 187/204/188
f 251/202/194 250/207/199 228/205/198 227/203/195
f 228/205/198 229/208/200 189/209/183 188/206/186
f 250/207/199 238/210/201 229/208/200 228/205/198
f 190/211/184 189/209/183 229/208/200 230/212/202
f 230/212/202 229/208/200 238/210/201 237/213/203
f 190/191/184 191/214/204 182/215/205 181/188/181
f 230/212/202 231/216/206 191/217/204 190/211/184
f 237/213/203 236/218/207 231/216/206 230/212/202
f 88/133/128 125/219/208 116/171/168 89/134/129
f 221/220/209 224/221/210 220/222/211 219/223/212
f 105/154/150 104/157/153 135/224/213 136/155/151
f 220/222/211 257/225/214 255/226/215 219/223/212
f 135/224/213 258/227/216 257/225/217 91/228/218
f 126/156/152 125/219/208 103/229/219 104/157/153
f 104/157/153 103/229/219 258/227/216 135/224/213
f 257/225/217 258/227/216 256/230/220 255/226/215
f 258/227/216 103/229/219 259/231/221 256/230/220
f 125/219/208 88/133/128 260/232/222 103/229/219
f 103/229/219 260/232/222 261/233/223 259/231/221
f 191/217/204 231/216/206 254/234/224 253/235/225
f 235/236/226 254/234/224 231/216/206 236/218/207
f 264/237/227 263/238/228 266/239/229 267/240/230
f 263/238/228 262/241/231 265/242/232 266/239/229
f 235/236/226 239/243/233 265/242/232 254/234/224
f 266/239/229 265/242/232 239/243/233 240/244/234
f 254/234/224 265/242/232 262/241/231 253/235/225
f 240/244/234 241/245/235 267/240/230 266/239/229
f 271/246/236 270/247/237 249/248/238 242/249/239
f 111/138/133 112/250/240 134/251/241 133/135/130
f 133/135/130 134/251/241 121/252/242 120/165/162
f 142/140/136 143/253/243 112/250/244 111/138/134
f 112/250/240 113/254/245 278/255/246 134/251/241
f 113/254/245 114/256/247 279/257/248 278/255/246
f 143/253/243 281/258/249 113/254/250 112/250/244
f 281/258/249 282/259/251 114/256/247 113/254/250
f 282/259/251 283/260/252 115/261/253 114/256/247
f 147/262/254 1351/263/255 1352/264/256 298/265/257
f 147/262/254 298/265/257 299/266/258 148/267/259
f 300/268/260 149/269/261 1326/270/262 1327/271/263
f 149/269/261 300/268/260 301/272/264 150/273/265
f 114/256/247 115/261/253 280/274/266 279/257/248
f 195/198/191 196/275/267 251/202/194 225/199/192
f 196/275/267 197/276/268 250/207/199 251/202/194
f 197/276/268 232/277/269 238/210/201 250/207/199
f 232/277/269 198/278/270 237/213/203 238/210/201
f 198/278/270 199/279/271 236/218/207 237/213/203
f 199/279/271 200/280/272 235/236/226 236/218/207
f 200/280/272 201/281/273 239/243/233 235/236/226
f 201/281/273 202/282/274 240/244/234 239/243/233
f 202/282/274 203/283/275 241/245/235 240/244/234
f 203/283/275 248/284/276 249/248/238 241/245/235
f 249/248/238 248/284/276 204/285/277 242/249/239
f 204/285/277 205/286/278 243/287/279 242/249/239
f 241/245/235 249/248/238 270/247/237 267/240/230
f 242/249/239 243/287/279 272/288/280 271/246/236
f 245/289/281 246/290/282 275/291/283 274/292/284
f 335/293/285 334/294/286 274/292/284 275/291/283
f 332/295/287 331/296/288 271/246/236 272/288/280
f 267/240/230 270/247/237 330/297/289 264/237/227
f 331/296/288 330/297/289 270/247/237 271/246/236
f 91/228/218 92/298/290 136/155/151 135/224/213
f 92/298/290 93/299/291 137/152/148 136/155/151
f 93/299/291 94/300/292 138/149/145 137/152/148
f 143/253/243 142/140/136 98/301/293 99/302/294
f 142/140/136 141/139/135 97/303/295 98/301/293
f 141/139/135 140/143/139 96/304/296 97/303/295
f 94/300/292 95/305/297 139/146/142 138/149/145
f 140/143/139 139/146/142 95/305/297 96/304/296
f 220/222/211 224/221/210 91/228/298 257/225/214
f 221/220/209 194/306/299 223/307/300 224/221/210
f 94/300/292 93/299/291 345/308/301 346/309/302
f 93/299/303 92/298/304 344/310/305 345/308/306
f 91/228/298 224/221/210 344/310/305 92/298/304
f 223/307/300 352/311/307 344/310/305 224/221/210
f 345/308/306 344/310/305 352/311/307 353/312/308
f 308/313/309 309/314/310 200/280/272 199/279/271
f 309/314/310 310/315/311 201/281/273 200/280/272
f 310/315/311 311/316/312 202/282/274 201/281/273
f 311/316/312 312/317/313 203/283/275 202/282/274
f 312/317/313 313/318/314 248/284/276 203/283/275
f 248/284/276 313/318/314 314/319/315 204/285/277
f 314/319/315 315/320/316 205/286/278 204/285/277
f 304/321/317 305/322/318 197/276/268 196/275/267
f 305/322/318 306/323/319 232/277/269 197/276/268
f 306/323/319 307/324/320 198/278/270 232/277/269
f 198/278/270 307/324/320 308/313/309 199/279/271
f 305/322/318 1365/325/321 1366/326/322 306/323/319
f 306/323/319 1366/326/322 1367/327/323 307/324/320
f 358/328/324 1368/329/325 1367/327/323 377/330/326
f 308/313/309 1368/329/325 1369/331/327 309/314/310
f 309/314/310 1369/331/327 1370/332/328 310/315/311
f 311/316/312 310/315/311 1370/332/328 1371/333/329
f 312/317/313 311/316/312 1371/333/329 1372/334/330
f 313/318/314 312/317/313 1372/334/330 1373/335/331
f 314/319/315 313/318/314 1373/335/331 1374/336/332
f 314/319/315 1374/336/332 1375/337/333 315/320/316
f 380/338/334 381/339/335 359/340/336 358/328/324
f 381/339/335 382/341/337 360/342/338 359/340/336
f 382/341/337 383/343/339 361/344/340 360/342/338
f 383/343/339 384/345/341 362/346/342 361/344/340
f 384/345/341 385/347/343 363/348/344 362/346/342
f 385/347/343 386/349/345 364/350/346 363/348/344
f 386/349/345 387/351/347 365/352/348 364/350/346
f 392/353/349 393/354/350 383/343/339 382/341/337
f 391/355/351 392/353/349 382/341/337 381/339/335
f 393/354/350 394/356/352 384/345/341 383/343/339
f 394/356/352 395/357/353 385/347/343 384/345/341
f 395/357/353 396/358/354 386/349/345 385/347/343
f 325/359/355 328/360/356 327/361/357 324/362/358
f 407/363/359 406/364/360 402/365/361 401/366/362
f 326/367/363 327/361/357 406/364/360 407/363/359
f 402/365/361 403/368/364 395/357/353 394/356/352
f 358/328/324 377/330/326 379/369/365 380/338/334
f 389/370/366 390/371/367 380/338/334 379/369/365
f 381/339/335 380/338/334 390/371/367 391/355/351
f 390/371/367 389/370/366 441/372/368 440/373/369
f 390/371/367 440/373/369 399/374/370 391/355/351
f 399/374/370 400/375/371 392/353/349 391/355/351
f 376/376/372 378/377/373 379/369/365 377/330/326
f 389/370/366 439/378/374 442/379/375 441/372/368
f 379/369/365 378/377/373 439/378/374 389/370/366
f 375/380/376 374/381/377 378/377/373 376/376/372
f 375/380/376 1365/325/321 1376/382/378 374/381/377
f 439/378/374 445/383/379 443/384/380 442/379/375
f 378/377/373 374/381/377 445/383/379 439/378/374
f 400/375/371 401/366/362 393/354/350 392/353/349
f 394/356/352 393/354/350 401/366/362 402/365/361
f 342/385/381 341/386/382 334/294/286 335/293/285
f 339/387/383 338/388/384 331/296/288 332/295/287
f 331/296/288 338/388/384 337/389/385 330/297/289
f 330/390/289 337/391/385 185/392/386 264/393/227
f 264/393/227 185/392/386 184/394/387 263/395/228
f 184/394/387 183/396/388 262/397/231 263/395/228
f 253/398/225 252/399/389 182/215/205 191/214/204
f 262/397/231 183/396/388 252/399/389 253/398/225
f 143/253/243 99/302/294 100/400/390 281/258/249
f 322/401/391 452/402/392 288/403/393 234/404/394
f 322/401/391 1377/405/395 1378/406/396 452/402/392
f 372/407/397 470/408/398 471/409/399 453/410/400
f 327/361/357 328/360/356 405/411/401 406/364/360
f 406/364/360 405/411/401 403/368/364 402/365/361
f 405/411/401 483/412/402 404/413/403 403/368/364
f 403/368/364 404/413/403 396/358/354 395/357/353
f 396/358/354 397/414/404 387/351/347 386/349/345
f 483/412/402 489/415/405 490/416/406 404/413/403
f 404/413/403 490/416/406 397/414/404 396/358/354
f 489/415/405 484/417/407 491/418/408 490/416/406
f 423/419/409 424/420/410 485/421/411 484/417/407
f 424/420/410 425/422/412 486/423/413 485/421/411
f 487/424/414 486/423/413 425/422/412 426/425/415
f 490/416/406 491/418/408 398/426/416 397/414/404
f 484/417/407 485/421/411 398/426/416 491/418/408
f 485/421/411 486/423/413 492/427/417 398/426/416
f 487/424/414 466/428/418 492/427/417 486/423/413
f 397/414/404 398/426/416 388/429/419 387/351/347
f 398/426/416 492/427/417 493/430/420 388/429/419
f 466/428/418 447/431/421 493/430/420 492/427/417
f 368/432/422 367/433/423 447/431/421 448/434/424
f 387/351/347 388/429/419 366/435/425 365/352/348
f 388/429/419 493/430/420 494/436/426 366/435/425
f 447/431/421 367/433/423 494/436/426 493/430/420
f 315/320/316 1375/337/333 1379/437/427 316/438/428
f 368/432/422 1380/439/429 1381/440/430 367/433/423
f 316/438/428 1379/437/427 1382/441/431 495/442/432
f 495/442/432 1382/441/431 1381/440/430 317/443/433
f 245/289/281 206/444/434 207/445/435 246/290/282
f 318/446/436 207/445/435 206/444/434 317/443/433
f 315/320/316 316/438/428 209/447/437 205/286/278
f 466/428/418 467/448/438 448/434/424 447/431/421
f 426/425/415 427/449/439 488/450/440 487/424/414
f 372/407/397 371/451/441 451/452/442 470/408/398
f 451/452/442 371/451/441 499/453/443 498/454/444
f 372/407/397 1377/405/395 1383/455/445 371/451/441
f 1384/456/446 1383/455/445 321/457/447 500/458/448
f 322/401/391 234/404/394 233/459/449 321/457/447
f 499/453/443 370/460/450 450/461/451 498/454/444
f 448/434/424 449/462/452 369/463/453 368/432/422
f 449/462/452 503/464/454 504/465/455 369/463/453
f 450/461/451 370/460/450 504/465/455 503/464/454
f 370/460/450 499/453/443 1384/456/446 1385/466/456
f 319/467/457 318/446/436 1380/439/429 1386/468/458
f 505/469/459 319/467/457 1386/468/458 1387/470/460
f 1387/470/460 1385/466/456 320/471/461 505/469/459
f 318/446/436 319/467/457 269/472/462 207/445/435
f 487/424/414 488/450/440 467/448/438 466/428/418
f 467/448/438 468/473/463 449/462/452 448/434/424
f 467/448/438 488/450/440 507/474/464 468/473/463
f 427/449/439 428/475/465 507/474/464 488/450/440
f 468/473/463 502/476/466 503/464/454 449/462/452
f 429/477/467 508/478/468 507/474/464 428/475/465
f 507/474/464 508/478/468 502/476/466 468/473/463
f 503/464/454 502/476/466 469/479/469 450/461/451
f 502/476/466 508/478/468 509/480/470 469/479/469
f 429/477/467 430/481/471 509/480/470 508/478/468
f 469/479/469 497/482/472 498/454/444 450/461/451
f 431/483/473 510/484/474 509/480/470 430/481/471
f 509/480/470 510/484/474 497/482/472 469/479/469
f 498/454/444 497/482/472 475/485/475 451/452/442
f 432/486/476 511/487/477 510/484/474 431/483/473
f 510/484/474 511/487/477 475/485/475 497/482/472
f 475/485/475 476/488/478 470/408/398 451/452/442
f 475/485/475 511/487/477 512/489/479 476/488/478
f 432/486/480 481/490/481 512/489/479 511/487/482
f 476/488/478 477/491/483 471/409/484 470/408/485
f 476/488/478 512/489/479 513/492/486 477/491/483
f 481/490/481 479/493/487 513/492/486 512/489/479
f 205/286/278 209/447/437 244/494/488 243/287/279
f 243/287/279 244/494/488 273/495/489 272/288/280
f 273/495/489 333/496/490 332/295/287 272/288/280
f 333/496/490 340/497/491 339/387/383 332/295/287
f 273/495/489 244/494/488 515/498/492 516/499/493
f 334/294/286 517/500/494 516/499/493 274/292/284
f 333/496/490 273/495/489 516/499/493 517/500/494
f 209/447/437 496/501/495 515/498/492 244/494/488
f 316/438/428 495/442/432 496/501/495 209/447/437
f 317/443/433 206/444/434 496/501/495 495/442/432
f 245/289/281 515/498/492 496/501/495 206/444/434
f 274/292/284 516/499/493 515/498/492 245/289/281
f 319/467/457 505/469/459 506/502/496 269/472/462
f 320/471/461 208/503/497 506/502/496 505/469/459
f 207/445/435 269/472/462 268/504/498 246/290/282
f 506/502/496 519/505/499 268/504/498 269/472/462
f 275/291/283 276/506/500 336/507/501 335/293/285
f 246/290/282 268/504/498 276/506/500 275/291/283
f 320/471/461 500/458/448 501/508/502 208/503/497
f 321/457/447 233/459/449 501/508/502 500/458/448
f 290/509/503 289/510/504 233/459/449 234/404/394
f 506/502/496 208/503/497 247/511/505 519/505/499
f 100/400/390 101/512/506 282/259/251 281/258/249
f 101/512/506 102/513/507 283/260/252 282/259/251
f 288/403/393 287/514/508 290/509/503 234/404/394
f 208/503/497 501/508/502 521/515/509 247/511/505
f 233/459/449 289/510/504 521/515/509 501/508/502
f 293/516/510 1353/517/511 1354/518/512 527/519/513
f 298/265/257 1352/264/256 1353/517/511 293/516/510
f 293/516/510 294/520/514 299/266/258 298/265/257
f 527/519/513 528/521/515 294/520/514 293/516/510
f 1327/271/263 1328/522/516 295/523/517 300/268/260
f 1328/522/516 1329/524/518 529/525/519 295/523/517
f 295/523/517 296/526/520 301/272/264 300/268/260
f 529/525/519 530/527/521 296/526/520 295/523/517
f 327/361/357 326/367/363 323/528/522 324/362/358
f 565/529/523 566/530/524 563/531/525 562/532/526
f 562/532/526 563/531/525 560/533/527 559/534/528
f 559/534/528 560/533/527 557/535/529 556/536/530
f 556/536/530 557/535/529 554/537/531 553/538/532
f 553/538/532 554/537/531 551/539/533 550/540/534
f 550/540/534 551/539/533 539/541/535 538/542/536
f 538/542/536 539/541/535 536/543/537 535/544/538
f 535/544/538 536/543/537 533/545/539 532/546/540
f 533/545/539 546/547/541 543/548/542 532/546/540
f 546/547/541 547/549/543 544/550/544 543/548/542
f 547/549/543 548/551/545 545/552/546 544/550/544
f 568/553/547 569/554/548 563/531/525 566/530/524
f 569/554/548 570/555/549 560/533/527 563/531/525
f 570/555/549 571/556/550 557/535/529 560/533/527
f 571/556/550 572/557/551 554/537/531 557/535/529
f 572/557/551 573/558/552 551/539/533 554/537/531
f 573/558/552 574/559/553 539/541/535 551/539/533
f 574/559/553 575/560/554 536/543/537 539/541/535
f 575/560/554 576/561/555 533/545/539 536/543/537
f 576/561/555 577/562/556 546/547/541 533/545/539
f 577/562/556 578/563/557 547/549/543 546/547/541
f 547/549/543 578/563/557 579/564/558 548/551/545
f 580/565/559 581/566/560 569/554/548 568/553/547
f 581/566/560 582/567/561 570/555/549 569/554/548
f 582/567/561 583/568/562 571/556/550 570/555/549
f 583/568/562 584/569/563 572/557/551 571/556/550
f 584/569/563 585/570/564 573/558/552 572/557/551
f 585/570/564 586/571/565 574/559/553 573/558/552
f 586/571/565 587/572/566 575/560/554 574/559/553
f 575/560/554 587/572/566 588/573/567 576/561/555
f 576/561/555 588/573/567 589/574/568 577/562/556
f 577/562/556 589/574/568 590/575/569 578/563/557
f 578/563/557 590/575/569 591/576/570 579/564/558
f 580/565/559 593/577/571 594/578/572 581/566/560
f 581/566/560 594/578/572 595/579/573 582/567/561
f 582/567/561 595/579/573 596/580/574 583/568/562
f 583/568/562 596/580/574 597/581/575 584/569/563
f 584/569/563 597/581/575 598/582/576 585/570/564
f 585/570/564 598/582/576 599/583/577 586/571/565
f 586/571/565 599/583/577 600/584/578 587/572/566
f 587/572/566 600/584/578 601/585/579 588/573/567
f 588/573/567 601/585/579 602/586/580 589/574/568
f 589/574/568 602/586/580 603/587/581 590/575/569
f 590/575/569 603/587/581 604/588/582 591/576/570
f 556/536/530 555/589/583 558/590/584 559/534/528
f 414/591/585 415/592/586 426/425/415 425/422/412
f 558/590/584 555/589/583 619/593/587 618/594/588
f 553/538/532 552/595/589 555/589/583 556/536/530
f 415/592/586 416/596/590 427/449/439 426/425/415
f 415/592/586 619/597/587 620/598/591 416/596/590
f 555/589/583 552/595/589 620/599/591 619/593/587
f 550/540/534 549/600/592 552/595/589 553/538/532
f 416/596/590 417/601/593 428/475/465 427/449/439
f 416/596/590 620/598/591 621/602/594 417/601/593
f 552/595/589 549/600/592 621/603/594 620/599/591
f 538/542/536 537/604/595 549/600/592 550/540/534
f 417/601/593 418/605/596 429/477/467 428/475/465
f 417/601/593 621/602/594 622/606/597 418/605/596
f 549/600/592 537/604/595 622/607/597 621/603/594
f 535/544/538 534/608/598 537/604/595 538/542/536
f 418/605/596 419/609/599 430/481/471 429/477/467
f 418/605/596 622/606/597 623/610/600 419/609/599
f 537/604/595 534/608/598 623/611/600 622/607/597
f 419/609/599 420/612/601 431/483/473 430/481/471
f 532/546/540 531/613/602 534/608/598 535/544/538
f 419/609/599 623/610/600 624/614/603 420/612/601
f 534/608/598 531/613/602 624/615/603 623/611/600
f 420/612/601 421/616/604 432/486/476 431/483/473
f 532/546/540 543/548/542 540/617/605 531/613/602
f 420/612/601 624/614/603 625/618/606 421/616/604
f 531/613/602 540/617/605 625/619/606 624/615/603
f 421/616/604 482/620/607 481/490/608 432/486/476
f 543/548/542 544/550/544 541/621/609 540/617/605
f 421/616/604 625/618/606 626/622/610 482/620/607
f 540/617/605 541/621/609 626/623/610 625/619/606
f 481/490/608 482/620/607 480/624/611 479/493/612
f 544/550/544 545/552/546 542/625/613 541/621/609
f 482/620/607 626/622/610 627/626/614 480/624/611
f 541/621/609 542/625/613 627/627/614 626/623/610
f 414/591/585 618/628/588 619/597/587 415/592/586
f 425/422/412 424/420/410 413/629/615 414/591/585
f 558/590/584 561/630/616 562/532/526 559/534/528
f 413/629/615 629/631/617 618/628/588 414/591/585
f 618/594/588 629/632/617 561/630/616 558/590/584
f 424/420/410 423/419/409 412/633/618 413/629/615
f 561/630/616 564/634/619 565/529/523 562/532/526
f 593/577/571 606/635/620 607/636/621 594/578/572
f 616/637/622 617/638/623 604/588/582 603/587/581
f 607/636/621 608/639/624 595/579/573 594/578/572
f 606/635/620 637/640/625 608/639/624 607/636/621
f 608/639/624 609/641/626 596/580/574 595/579/573
f 637/640/625 638/642/627 609/641/626 608/639/624
f 638/642/627 639/643/628 610/644/629 609/641/626
f 609/641/626 610/644/629 597/581/575 596/580/574
f 610/644/629 611/645/630 598/582/576 597/581/575
f 639/643/628 640/646/631 611/645/630 610/644/629
f 614/647/632 615/648/633 602/586/580 601/585/579
f 603/587/581 602/586/580 615/648/633 616/637/622
f 614/647/632 613/649/634 642/650/635 615/648/633
f 601/585/579 600/584/578 613/649/634 614/647/632
f 616/637/622 615/648/633 642/650/635 617/638/623
f 611/645/630 612/651/636 599/583/577 598/582/576
f 640/646/631 641/652/637 612/651/636 611/645/630
f 600/584/578 599/583/577 612/651/636 613/649/634
f 613/649/634 612/651/636 641/652/637 642/650/635
f 152/653/638 1355/654/639 1351/263/255 147/262/254
f 147/262/254 148/267/259 153/655/640 152/653/638
f 1330/656/641 1326/270/262 149/269/261 154/657/642
f 150/273/265 155/658/643 154/657/642 149/269/261
f 1342/659/644 1304/660/645 1331/661/646 648/662/647
f 291/663/648 648/662/647 154/657/642 155/658/643
f 153/655/640 1330/656/641 1331/661/646 647/664/649
f 645/665/650 1304/666/645 1324/667/651 1320/668/652
f 646/669/653 1356/670/654 1355/654/639 152/653/638
f 647/664/649 646/669/653 152/653/638 153/655/640
f 645/671/650 649/672/655 646/669/653 647/664/649
f 134/251/241 278/255/246 122/673/656 121/252/242
f 644/674/657 1356/670/654 1357/675/658 643/676/659
f 279/257/248 123/677/660 122/673/656 278/255/246
f 643/678/659 1357/679/658 1346/680/661 650/681/662
f 151/682/663 644/674/657 643/676/659 124/683/664
f 649/684/655 645/665/650 1320/668/652 1321/685/665
f 643/676/659 650/686/662 280/274/266 124/683/664
f 280/274/266 650/686/662 123/677/660 279/257/248
f 176/185/179 212/687/666 211/688/667 175/183/177
f 175/183/177 211/688/667 210/689/668 174/180/175
f 212/687/666 355/690/669 651/691/670 211/688/667
f 211/688/667 651/691/670 652/692/671 210/689/668
f 194/306/299 193/693/672 222/694/673 223/307/300
f 174/180/175 210/689/668 192/695/674 173/181/176
f 210/689/668 652/692/671 653/696/675 192/695/674
f 222/694/673 193/693/672 653/696/675 652/692/671
f 176/185/179 177/197/190 213/697/676 212/687/666
f 178/194/187 214/698/677 213/697/676 177/197/190
f 179/192/185 215/699/678 214/698/677 178/194/187
f 222/694/673 355/690/669 352/311/307 223/307/300
f 652/692/671 651/691/670 355/690/669 222/694/673
f 352/311/307 355/690/669 356/700/679 353/312/308
f 356/700/679 355/690/669 654/701/680 655/702/681
f 213/697/676 654/701/680 355/690/669 212/687/666
f 214/698/677 655/702/681 654/701/680 213/697/676
f 180/189/182 216/703/682 215/699/678 179/192/185
f 214/698/677 215/699/678 656/704/683 655/702/681
f 181/188/181 217/705/684 216/703/682 180/189/182
f 216/703/682 357/706/685 656/704/683 215/699/678
f 181/188/181 182/215/205 218/707/686 217/705/684
f 217/705/684 218/707/686 658/708/687 657/709/688
f 252/399/389 454/710/689 218/707/686 182/215/205
f 655/702/681 656/704/683 357/706/685 356/700/679
f 217/705/684 657/709/688 357/706/685 216/703/682
f 218/707/686 454/710/689 659/711/690 658/708/687
f 353/312/308 354/712/691 346/309/692 345/308/306
f 356/700/679 357/706/685 354/712/691 353/312/308
f 658/708/687 659/711/690 357/706/685 657/709/688
f 252/399/389 183/396/388 455/713/693 454/710/689
f 357/706/685 659/711/690 660/714/694 354/712/691
f 454/710/689 455/713/693 660/714/694 659/711/690
f 455/713/693 456/715/695 347/716/696 660/714/694
f 183/396/388 184/394/387 456/715/695 455/713/693
f 184/394/387 185/392/386 457/717/697 456/715/695
f 94/300/292 346/309/302 347/716/698 95/305/297
f 354/712/691 660/714/694 347/716/696 346/309/692
f 457/717/697 661/718/699 347/716/696 456/715/695
f 95/305/297 347/716/698 348/719/700 96/304/296
f 185/392/386 337/391/385 458/720/701 457/717/697
f 347/716/696 661/718/699 662/721/702 348/719/703
f 457/717/697 458/720/701 662/721/702 661/718/699
f 337/389/385 338/388/384 459/722/704 458/723/701
f 96/304/296 348/719/700 349/724/705 97/303/295
f 338/388/384 339/387/383 460/725/706 459/722/704
f 662/726/702 663/727/707 349/728/708 348/729/703
f 460/725/706 349/728/708 663/727/707 459/722/704
f 458/723/701 459/722/704 663/727/707 662/726/702
f 349/724/708 350/730/709 98/301/710 97/303/711
f 460/725/706 461/731/712 350/732/709 349/728/708
f 340/497/491 518/733/713 350/732/709 461/731/712
f 341/386/382 462/734/714 350/732/709 518/733/713
f 339/387/383 340/497/491 461/731/712 460/725/706
f 341/386/382 518/733/713 517/500/494 334/294/286
f 517/500/494 518/733/713 340/497/491 333/496/490
f 350/730/709 351/735/715 99/302/716 98/301/710
f 462/734/714 463/736/717 351/737/715 350/732/709
f 341/386/382 342/385/381 463/736/717 462/734/714
f 336/507/501 343/738/718 342/385/381 335/293/285
f 519/505/499 520/739/719 276/506/500 268/504/498
f 351/735/715 465/740/720 100/400/721 99/302/716
f 276/506/500 520/739/719 343/738/718 336/507/501
f 342/385/381 343/738/718 464/741/722 463/736/717
f 247/511/505 277/742/723 520/739/719 519/505/499
f 463/736/717 464/741/722 465/743/720 351/737/715
f 520/739/719 277/742/723 664/744/724 343/738/718
f 343/738/718 664/744/724 465/743/720 464/741/722
f 521/515/509 525/745/725 277/742/723 247/511/505
f 521/515/509 289/510/504 302/746/726 525/745/725
f 465/740/720 522/747/727 101/512/728 100/400/721
f 664/744/729 665/748/730 522/749/731 465/743/732
f 302/746/726 522/749/727 665/748/733 525/745/725
f 277/742/723 525/745/725 665/748/733 664/744/724
f 290/509/503 303/750/734 302/746/726 289/510/504
f 287/514/508 523/751/735 303/750/734 290/509/503
f 302/746/726 303/750/734 523/751/735 522/749/727
f 101/512/728 522/747/727 523/752/735 102/513/736
f 66/112/107 1291/753/737 1292/754/738 59/104/99
f 1277/107/102 1295/755/739 1296/756/740 1276/109/104
f 680/757/741 1271/758/742 1270/759/743 683/760/744
f 684/761/745 681/762/746 1279/763/747 1278/764/748
f 683/760/744 684/761/745 687/765/749 686/766/750
f 684/761/745 685/117/112 688/75/72 687/765/749
f 686/766/750 687/765/749 714/767/751 723/768/752
f 723/768/752 701/769/753 865/770/754 686/766/750
f 687/765/749 688/75/72 758/72/69 714/767/751
f 690/771/755 689/772/756 733/773/757 734/774/758
f 949/775/759 826/776/760 689/772/761 690/771/762
f 733/773/757 689/772/756 861/777/763 862/778/764
f 821/779/765 861/777/763 689/772/761 826/776/760
f 691/780/766 690/771/755 734/774/758 735/781/767
f 950/782/768 949/775/759 690/771/762 691/780/769
f 692/783/770 691/780/766 735/781/767 736/784/771
f 951/785/772 950/782/773 691/780/766 692/783/770
f 693/786/774 692/783/770 736/784/771 737/787/775
f 952/788/776 951/785/772 692/783/770 693/786/774
f 694/789/777 693/786/774 737/787/775 738/790/778
f 953/791/779 952/788/776 693/786/774 694/789/777
f 695/792/780 694/789/777 738/790/778 739/793/781
f 954/794/782 953/791/779 694/789/777 695/792/780
f 696/795/783 695/792/780 739/793/781 740/796/784
f 955/797/785 954/794/786 695/792/787 696/795/788
f 697/798/789 696/795/783 740/796/784 741/799/790
f 956/800/791 955/797/785 696/795/792 697/798/793
f 698/801/794 697/798/789 741/799/790 887/802/795
f 1059/803/796 956/800/791 697/798/793 698/801/797
f 699/804/798 698/801/794 887/802/795 888/805/799
f 1111/806/800 1059/803/796 698/801/797 699/804/801
f 700/807/802 699/804/798 888/805/799 889/808/803
f 1112/809/804 1111/806/800 699/804/801 700/807/805
f 702/810/806 701/769/753 723/768/752 724/811/807
f 733/773/757 862/778/764 701/769/753 702/810/806
f 863/812/808 866/813/809 865/770/754 701/769/753
f 860/814/810 863/812/808 701/769/753 862/778/764
f 703/815/811 702/810/806 724/811/807 725/816/812
f 734/774/758 733/773/757 702/810/806 703/815/811
f 704/817/813 703/815/811 725/816/812 726/818/814
f 735/781/767 734/774/758 703/815/811 704/817/813
f 705/819/815 704/817/813 726/818/814 727/820/816
f 736/784/771 735/781/767 704/817/813 705/819/815
f 706/821/817 705/819/815 727/820/816 728/822/818
f 737/787/775 736/784/771 705/819/815 706/821/817
f 707/823/819 706/821/817 728/822/818 729/824/820
f 738/790/778 737/787/775 706/821/817 707/823/819
f 708/825/821 707/823/819 729/824/820 730/826/822
f 739/793/823 738/790/824 707/823/819 708/825/821
f 709/827/825 708/825/821 730/826/822 731/828/826
f 740/796/784 739/793/781 708/825/821 709/827/825
f 710/829/827 709/827/825 731/828/826 732/830/828
f 741/799/790 740/796/784 709/827/825 710/829/829
f 711/831/830 710/829/827 732/830/828 884/832/831
f 887/802/795 741/799/790 710/829/829 711/831/832
f 712/833/833 711/831/830 884/832/831 885/834/834
f 888/805/799 887/802/795 711/831/832 712/833/835
f 713/835/836 712/833/833 885/834/834 886/836/837
f 889/808/803 888/805/799 712/833/835 713/835/838
f 714/767/751 1311/837/839 724/811/807 723/768/752
f 1299/71/68 715/838/840 714/767/751 758/72/69
f 716/839/841 1313/840/842 1312/841/843 715/838/840
f 759/78/66 716/839/841 715/838/840 1299/71/68
f 716/839/841 1317/842/844 728/822/818 727/820/816
f 760/65/62 717/843/845 716/844/841 759/69/66
f 717/845/846 718/846/847 1319/847/848 1318/848/849
f 760/65/62 1307/64/850 718/849/851 717/843/845
f 732/830/828 731/828/826 718/846/851 719/850/852
f 884/832/831 732/830/828 719/850/852 720/851/853
f 756/116/111 1323/852/854 1345/853/855 1350/854/856
f 885/834/834 884/832/831 720/851/853 721/855/857
f 885/834/834 721/855/857 1241/856/858 886/836/837
f 748/857/859 722/858/860 1234/859/861 1235/860/862
f 1241/856/858 1234/859/861 722/858/860 886/836/837
f 1358/861/863 1359/862/864 743/863/865 748/857/859
f 1359/862/864 1360/864/866 900/865/867 743/863/865
f 745/866/868 744/867/869 749/868/870 750/869/871
f 902/870/872 901/871/873 744/867/869 745/866/868
f 1332/872/874 1333/873/875 745/866/868 750/869/871
f 1333/873/875 1334/874/876 902/870/872 745/866/868
f 747/875/877 746/876/878 751/877/879 752/878/880
f 904/879/881 903/880/882 746/876/878 747/875/877
f 1235/860/862 1361/881/883 1358/861/863 748/857/859
f 750/869/871 749/868/870 1237/882/884 1238/883/885
f 1335/884/886 1332/872/874 750/869/871 1238/883/885
f 752/878/880 751/877/879 1239/885/887 894/886/888
f 1303/83/79 1325/887/889 45/80/76 1264/84/80
f 1300/93/890 1298/96/891 1338/888/892 1339/889/893
f 1240/890/894 1323/852/854 1322/891/895 1236/892/896
f 765/893/897 767/894/898 761/895/899 762/896/900
f 762/897/900 761/898/899 772/899/901 773/900/902
f 766/901/903 765/893/897 762/896/900 763/902/904
f 763/903/905 762/897/900 773/900/902 774/904/905
f 769/905/906 766/901/903 763/902/904 764/906/907
f 764/907/907 763/903/905 774/904/905 775/908/908
f 769/905/906 764/906/907 827/909/909 795/910/910
f 776/911/911 785/912/912 764/907/907 775/908/908
f 828/913/913 827/909/909 764/906/907 785/914/912
f 773/900/914 772/899/915 792/915/916 810/916/917
f 774/904/918 773/900/914 810/916/917 811/917/919
f 775/908/908 774/904/918 811/917/919 812/918/920
f 776/911/911 775/908/908 812/918/920 813/919/921
f 786/920/922 785/912/912 776/911/911 777/921/923
f 777/921/924 776/911/911 813/919/921 814/922/925
f 787/923/926 786/920/922 777/921/923 778/924/927
f 778/924/928 777/921/924 814/922/925 815/925/929
f 788/926/930 787/923/931 778/924/928 779/927/932
f 779/927/932 778/924/928 815/925/929 816/928/933
f 789/929/934 788/926/930 779/927/932 780/930/935
f 780/930/935 779/927/932 816/928/933 817/931/936
f 790/932/937 789/929/934 780/930/935 781/933/938
f 781/933/938 780/930/935 817/931/936 818/934/939
f 790/932/937 781/933/938 854/935/940 855/936/941
f 1048/937/942 854/935/940 781/933/938 818/934/939
f 869/938/943 868/939/944 782/940/945 783/941/946
f 783/941/946 782/940/945 1049/942/947 1050/943/948
f 854/935/940 782/940/945 868/939/944 855/936/941
f 1048/937/942 1049/942/947 782/940/945 854/935/940
f 870/944/949 869/938/943 783/941/946 784/945/950
f 784/945/950 783/941/946 1050/943/948 1051/946/951
f 870/944/949 784/945/950 942/947/952 935/948/953
f 942/947/952 784/945/950 1051/946/951 1052/949/954
f 829/950/955 828/913/913 785/914/912 786/951/956
f 830/952/957 829/950/955 786/951/956 787/953/931
f 831/954/958 830/952/957 787/953/931 788/955/930
f 832/956/959 831/954/958 788/955/930 789/957/934
f 833/958/960 832/956/959 789/957/934 790/959/937
f 833/958/960 790/959/937 855/960/941 856/961/961
f 810/916/917 792/915/916 1244/962/962 1243/963/963
f 825/964/964 824/965/965 793/966/966 794/967/967
f 1243/963/963 1244/962/962 793/966/966 824/965/965
f 826/776/760 825/964/964 794/967/967 823/968/968
f 796/969/969 795/910/910 827/909/909 853/970/970
f 797/971/971 796/969/969 853/970/970 852/972/972
f 908/973/973 907/974/974 796/969/969 797/971/971
f 834/975/975 797/971/971 852/972/972 840/976/976
f 909/977/977 908/973/973 797/971/971 834/975/975
f 799/978/978 798/979/979 839/980/980 838/981/981
f 911/982/982 910/983/983 798/979/979 799/978/978
f 840/976/976 839/980/980 798/979/979 834/975/975
f 834/975/975 798/979/979 910/983/983 909/977/977
f 800/984/984 799/978/978 838/981/981 837/985/985
f 912/986/986 911/982/982 799/978/978 800/984/984
f 801/987/987 800/984/984 837/985/985 841/988/988
f 913/989/989 912/986/986 800/984/984 801/987/987
f 802/990/990 801/987/987 841/988/988 842/991/991
f 914/992/992 913/989/989 801/987/987 802/990/990
f 803/993/993 802/990/990 842/991/991 843/994/994
f 915/995/995 914/992/992 802/990/990 803/993/993
f 851/996/996 850/997/997 803/993/993 843/994/994
f 916/998/998 915/995/995 803/993/993 850/997/997
f 805/999/999 804/1000/1000 844/1001/1001 845/1002/1002
f 918/1003/1003 917/1004/1004 804/1000/1000 805/999/999
f 844/1001/1001 804/1000/1000 850/997/997 851/996/996
f 850/997/997 804/1000/1000 917/1004/1004 916/998/998
f 809/1005/1005 805/999/999 845/1002/1002 846/1006/1006
f 919/1007/1007 918/1003/1003 805/999/999 809/1005/1005
f 807/1008/1008 806/1009/1009 847/1010/1010 848/1011/1011
f 921/1012/1012 920/1013/1013 806/1009/1009 807/1008/1008
f 847/1010/1010 806/1009/1009 1086/1014/1014 1104/1015/1015
f 1085/1016/1016 1086/1014/1014 806/1009/1009 920/1013/1013
f 874/1017/1017 875/1018/1018 807/1008/1008 848/1011/1011
f 922/1019/1019 921/1012/1012 807/1008/1008 875/1018/1018
f 849/1020/1020 808/1021/1021 1096/1022/1022 1108/1023/1023
f 1110/1024/1024 1091/1025/1025 808/1021/1021 849/1020/1020
f 923/1026/1026 808/1021/1021 1091/1025/1025 1090/1027/1027
f 1095/1028/1028 1096/1022/1022 808/1021/1021 923/1026/1026
f 1104/1015/1015 1086/1014/1014 809/1005/1005 846/1006/1006
f 919/1007/1007 809/1005/1005 1086/1014/1014 1085/1016/1016
f 811/917/919 810/916/917 1243/963/963 1242/1029/1029
f 812/918/920 811/917/919 1242/1029/1029 960/1030/1030
f 813/919/921 812/918/920 960/1030/1030 1246/1031/1031
f 814/922/925 813/919/921 1246/1031/1031 1247/1032/1032
f 815/925/929 814/922/925 1247/1032/1032 1248/1033/1033
f 816/928/933 815/925/929 1248/1033/1033 962/1034/1034
f 817/931/936 816/928/933 962/1034/1034 1249/1035/1035
f 818/934/939 817/931/936 1249/1035/1035 1250/1036/1036
f 1048/937/942 818/934/939 1250/1036/1036 1251/1037/1037
f 826/776/760 823/968/968 820/1038/1038 821/779/765
f 821/779/765 820/1038/1038 859/1039/1039 861/777/763
f 957/1040/1040 960/1030/1030 824/965/965 825/964/964
f 1242/1029/1029 1243/963/963 824/965/965 960/1030/1030
f 949/775/759 957/1040/1040 825/964/964 826/776/760
f 829/950/955 853/970/970 827/909/909 828/913/913
f 852/972/972 853/970/970 829/950/955 830/952/957
f 840/976/976 852/972/972 830/952/957 831/954/958
f 839/980/980 840/976/976 831/954/958 832/956/959
f 838/981/981 839/980/980 832/956/959 833/958/960
f 838/981/981 833/958/960 856/961/961 837/985/985
f 836/1041/1041 835/1042/1042 892/1043/1043 893/1044/1044
f 925/1045/1045 924/1046/1046 835/1042/1042 836/1041/1041
f 892/1043/1043 835/1042/1042 1091/1025/1025 1110/1024/1024
f 1090/1027/1027 1091/1025/1025 835/1042/1042 924/1046/1046
f 891/1047/1047 836/1041/1041 893/1044/1044 890/1048/1048
f 1046/1049/1049 925/1045/1045 836/1041/1041 891/1047/1047
f 841/988/988 837/985/985 856/961/961 871/1050/1050
f 842/991/991 841/988/988 871/1050/1050 872/1051/1051
f 843/994/994 842/991/991 872/1051/1051 873/1052/1052
f 851/996/996 843/994/994 873/1052/1052 876/1053/1053
f 845/1002/1002 844/1001/1001 877/1054/1054 878/1055/1055
f 876/1053/1053 877/1054/1054 844/1001/1001 851/996/996
f 846/1006/1006 845/1002/1002 878/1055/1055 879/1056/1056
f 1105/1057/1057 1104/1015/1015 846/1006/1006 879/1056/1056
f 848/1011/1011 847/1010/1010 880/1058/1058 881/1059/1059
f 880/1058/1058 847/1010/1010 1104/1015/1015 1105/1057/1057
f 874/1017/1017 848/1011/1011 881/1059/1059 882/1060/1060
f 883/1061/1061 849/1020/1020 1108/1023/1023 1109/1062/1062
f 1113/1063/1063 1110/1024/1024 849/1020/1020 883/1061/1061
f 856/961/961 855/960/941 868/1064/944 871/1050/1050
f 862/778/764 861/777/763 859/1039/1039 860/814/810
f 872/1051/1051 871/1050/1050 868/1064/944 869/1065/943
f 873/1052/1052 872/1051/1051 869/1065/943 870/1066/949
f 873/1052/1052 870/1066/949 935/1067/953 876/1053/1053
f 875/1018/1018 874/1017/1017 1108/1023/1023 1096/1022/1022
f 1109/1062/1062 1108/1023/1023 874/1017/1017 882/1060/1060
f 922/1019/1019 875/1018/1018 1096/1022/1022 1095/1028/1028
f 877/1054/1054 876/1053/1053 935/1067/953 936/1068/1064
f 878/1055/1055 877/1054/1054 936/1068/1064 937/1069/1065
f 879/1056/1056 878/1055/1055 937/1069/1065 938/1070/1066
f 1106/1071/1067 1105/1057/1057 879/1056/1056 938/1070/1066
f 881/1059/1059 880/1058/1058 939/1072/1068 940/1073/1069
f 939/1072/1068 880/1058/1058 1105/1057/1057 1106/1071/1067
f 882/1060/1060 881/1059/1059 940/1073/1069 941/1074/1070
f 948/1075/1071 1109/1062/1062 882/1060/1060 941/1074/1070
f 948/1075/1071 1256/1076/1072 883/1061/1061 1109/1062/1062
f 1113/1063/1063 883/1061/1061 1256/1076/1072 1257/1077/1073
f 906/1078/1074 1112/1079/804 890/1048/1048 893/1044/1044
f 893/1044/1044 892/1043/1043 905/1080/1075 906/1078/1074
f 905/1080/1075 892/1043/1043 1110/1024/1024 1113/1063/1063
f 1360/864/866 1363/1081/1076 895/1082/1077 900/865/867
f 1363/1081/1076 1364/1083/1078 1115/1084/1079 895/1082/1077
f 897/1085/1080 896/1086/1081 901/871/873 902/870/872
f 1117/1087/1082 1116/1088/1083 896/1086/1081 897/1085/1080
f 1334/874/876 1336/1089/1084 897/1085/1080 902/870/872
f 1336/1089/1084 1337/1090/1085 1117/1087/1082 897/1085/1080
f 899/1091/1086 898/1092/1087 903/880/882 904/879/881
f 1119/1093/1088 1118/1094/1089 898/1092/1087 899/1091/1086
f 906/1078/1074 905/1080/1075 1111/1095/800 1112/1079/804
f 1111/1095/800 905/1080/1075 1113/1063/1063 1257/1077/1073
f 907/974/974 908/973/973 1388/1096/1090 1389/1097/1091
f 908/973/973 909/977/977 1390/1098/1092 1388/1096/1090
f 909/977/977 910/983/983 1391/1099/1093 1390/1098/1092
f 910/983/983 911/982/982 1392/1100/1094 1391/1099/1093
f 911/982/982 912/986/986 1393/1101/1095 1392/1100/1094
f 912/986/986 913/989/989 1394/1102/1096 1393/1101/1095
f 914/992/992 1395/1103/1097 1394/1102/1096 913/989/989
f 915/995/995 1396/1104/1098 1395/1103/1097 914/992/992
f 916/998/998 1397/1105/1099 1396/1104/1098 915/995/995
f 917/1004/1004 1398/1106/1100 1397/1105/1099 916/998/998
f 917/1004/1004 918/1003/1003 1399/1107/1101 1398/1106/1100
f 918/1003/1003 919/1007/1007 1400/1108/1102 1399/1107/1101
f 1401/1109/1103 1400/1108/1102 919/1007/1007 1085/1016/1016
f 921/1012/1012 1402/1110/1104 1403/1111/1105 920/1013/1013
f 1403/1111/1105 1401/1109/1103 1085/1016/1016 920/1013/1013
f 922/1019/1019 1404/1112/1106 1402/1110/1104 921/1012/1012
f 1095/1028/1028 1405/1113/1107 1404/1112/1106 922/1019/1019
f 1090/1027/1027 1406/1114/1108 1407/1115/1109 923/1026/1026
f 923/1026/1026 1407/1115/1109 1405/1113/1107 1095/1028/1028
f 925/1045/1045 1408/1116/1110 1409/1117/1111 924/1046/1046
f 924/1046/1046 1409/1117/1111 1406/1114/1108 1090/1027/1027
f 1410/1118/1112 1408/1116/1110 925/1045/1045 1046/1049/1049
f 928/1119/1113 927/1120/1114 932/1121/1115 933/1122/1116
f 929/1123/1117 928/1119/1113 933/1122/1116 934/1124/1118
f 933/1122/1116 932/1121/1115 1011/1125/1119 1010/1126/1120
f 934/1124/1118 933/1122/1116 1010/1126/1120 1009/1127/1121
f 936/1068/1064 935/1067/953 942/1128/952 943/1129/1122
f 937/1069/1065 936/1068/1064 943/1129/1122 944/1130/1123
f 938/1070/1066 937/1069/1065 944/1130/1123 945/1131/1124
f 1107/1132/1125 1106/1071/1067 938/1070/1066 945/1131/1124
f 940/1073/1069 939/1072/1068 946/1133/1126 947/1134/1127
f 946/1133/1126 939/1072/1068 1106/1071/1067 1107/1132/1125
f 941/1074/1070 940/1073/1069 947/1134/1127 948/1075/1071
f 943/1129/1122 942/1128/952 1052/1135/954 1053/1136/1128
f 944/1130/1123 943/1129/1122 1053/1136/1128 1054/1137/1129
f 945/1131/1124 944/1130/1123 1054/1137/1129 1055/1138/1130
f 955/1139/785 1107/1132/1125 945/1131/1124 1055/1138/1130
f 947/1134/1127 946/1133/1126 1056/1140/1131 1057/1141/1132
f 1056/1140/1131 946/1133/1126 1107/1132/1125 955/1139/785
f 948/1075/1071 947/1134/1127 1057/1141/1132 1058/1142/1133
f 1059/1143/796 1256/1076/1072 948/1075/1071 1058/1142/1133
f 958/1144/1134 957/1040/1040 949/775/759 950/782/768
f 959/1145/1135 958/1144/1136 950/782/773 951/785/772
f 1252/1146/1137 959/1145/1135 951/785/772 952/788/1138
f 1254/1147/1139 1253/1148/1140 952/788/1138 953/791/1141
f 1049/942/947 1252/1146/1137 952/788/1138 1050/943/948
f 1050/943/948 952/788/1138 1253/1148/1140 1051/946/951
f 1255/1149/1142 1254/1150/1139 953/1151/1141 954/1152/786
f 1055/1138/1130 1054/1137/1129 954/1152/786 955/1139/785
f 1053/1136/1128 1255/1149/1142 954/1152/786 1054/1137/1129
f 1057/1141/1132 1056/1140/1131 955/1139/785 956/1153/791
f 1057/1141/1132 956/1153/791 1059/1143/796 1058/1142/1133
f 961/1154/1143 960/1030/1030 957/1040/1040 958/1144/1134
f 962/1034/1034 961/1154/1143 958/1144/1134 959/1145/1135
f 962/1034/1034 959/1145/1135 1252/1146/1137 1251/1037/1037
f 1247/1032/1032 1246/1031/1031 960/1030/1030 961/1154/1143
f 1248/1033/1033 1247/1032/1032 961/1154/1143 962/1034/1034
f 1249/1035/1035 962/1034/1034 1251/1037/1037 1250/1036/1036
f 985/1155/1144 984/1156/1145 963/1157/1146 964/1158/1147
f 981/1159/1148 963/1157/1146 984/1156/1145 983/1160/1149
f 986/1161/1150 985/1155/1144 964/1158/1147 965/1162/1151
f 987/1163/1152 986/1161/1150 965/1162/1151 966/1164/1153
f 988/1165/1154 987/1163/1152 966/1164/1153 967/1166/1155
f 989/1167/1156 988/1165/1154 967/1166/1155 968/1168/1157
f 990/1169/1158 989/1167/1156 968/1168/1157 969/1170/1159
f 991/1171/1160 990/1169/1158 969/1170/1159 970/1172/1161
f 992/1173/1162 991/1171/1160 970/1172/1161 971/1174/1163
f 992/1173/1162 971/1174/1163 1084/1175/1164 1083/1176/1165
f 1041/1177/1166 1040/1178/1167 972/1179/1168 973/1180/1169
f 1083/1176/1165 1084/1175/1164 972/1179/1168 1040/1178/1167
f 1042/1181/1170 1041/1177/1166 973/1180/1169 974/1182/1171
f 1042/1181/1170 974/1182/1171 1094/1183/1172 1093/1184/1173
f 1043/1185/1174 975/1186/1175 1089/1187/1176 1088/1188/1177
f 1093/1184/1173 1094/1183/1172 975/1186/1175 1043/1185/1174
f 1064/1189/1178 1044/1190/1179 976/1191/1180 977/1192/1181
f 1088/1188/1177 1089/1187/1176 976/1191/1180 1044/1190/1179
f 1065/1193/1182 1064/1189/1178 977/1192/1181 1047/1194/1183
f 980/1195/1184 982/1196/1185 978/1197/1186 979/1198/1187
f 1033/1199/1188 1038/1200/1189 978/1197/1186 982/1196/1185
f 983/1160/1149 982/1196/1185 980/1195/1184 981/1159/1148
f 993/1201/1190 1033/1199/1188 982/1196/1185 983/1160/1149
f 994/1202/1191 993/1201/1190 983/1160/1149 984/1156/1145
f 995/1203/1192 994/1202/1191 984/1156/1145 985/1155/1144
f 996/1204/1193 995/1203/1192 985/1155/1144 986/1161/1150
f 997/1205/1194 996/1204/1193 986/1161/1150 987/1163/1152
f 998/1206/1195 997/1205/1194 987/1163/1152 988/1165/1154
f 999/1207/1196 998/1206/1195 988/1165/1154 989/1167/1156
f 1000/1208/1197 999/1207/1196 989/1167/1156 990/1169/1158
f 1001/1209/1198 1000/1208/1197 990/1169/1158 991/1171/1160
f 1002/1210/1199 1001/1209/1198 991/1171/1160 992/1173/1162
f 1002/1210/1199 992/1173/1162 1083/1176/1165 1082/1211/1200
f 1034/1212/1201 1035/1213/1202 993/1201/1190 994/1202/1191
f 1033/1199/1188 993/1201/1190 1035/1213/1202 1036/1214/1203
f 1003/1215/1204 1034/1212/1201 994/1202/1191 995/1203/1192
f 1004/1216/1205 1003/1215/1204 995/1203/1192 996/1204/1193
f 1005/1217/1206 1004/1216/1205 996/1204/1193 997/1205/1194
f 1006/1218/1207 1005/1217/1206 997/1205/1194 998/1206/1195
f 1007/1219/1208 1006/1218/1207 998/1206/1195 999/1207/1196
f 1008/1220/1209 1007/1219/1208 999/1207/1196 1000/1208/1197
f 1080/1221/1210 1008/1220/1209 1000/1208/1197 1001/1209/1198
f 1081/1222/1211 1080/1221/1210 1001/1209/1198 1002/1210/1199
f 1074/1223/1212 1081/1222/1211 1002/1210/1199 1075/1224/1213
f 1075/1224/1213 1002/1210/1199 1082/1211/1200 1076/1225/1214
f 1010/1126/1120 1011/1125/1119 1005/1217/1206 1006/1218/1207
f 1009/1127/1121 1010/1126/1120 1006/1218/1207 1007/1219/1208
f 1073/1226/1215 1009/1127/1121 1007/1219/1208 1008/1220/1209
f 1073/1226/1215 1008/1220/1209 1080/1221/1210 1079/1227/1216
f 1016/1228/1217 1015/1229/1218 1025/1230/1219 1026/1231/1220
f 1217/1232/1221 1216/1233/1222 1015/1229/1218 1016/1228/1217
f 1017/1234/1223 1016/1228/1217 1026/1231/1220 1027/1235/1224
f 1218/1236/1225 1217/1232/1221 1016/1228/1217 1017/1234/1223
f 1018/1237/1226 1017/1234/1223 1027/1235/1224 1028/1238/1227
f 1219/1239/1228 1218/1236/1225 1017/1234/1223 1018/1237/1226
f 1019/1240/1229 1018/1237/1226 1028/1238/1227 1029/1241/1230
f 1220/1242/1231 1219/1239/1228 1018/1237/1226 1019/1240/1229
f 1020/1243/1232 1019/1240/1229 1029/1241/1230 1030/1244/1233
f 1221/1245/1234 1220/1242/1231 1019/1240/1229 1020/1243/1232
f 1021/1246/1235 1020/1243/1232 1030/1244/1233 1031/1247/1236
f 1222/1248/1237 1221/1245/1234 1020/1243/1232 1021/1246/1235
f 1022/1249/1238 1021/1246/1235 1031/1247/1236 1032/1250/1239
f 1223/1251/1240 1222/1248/1237 1021/1246/1235 1022/1249/1238
f 1071/1252/1241 1072/1253/1242 1022/1249/1238 1032/1250/1239
f 1224/1254/1243 1223/1251/1240 1022/1249/1238 1072/1253/1242
f 1025/1230/1219 1024/1255/1244 1075/1224/1213 1076/1225/1214
f 1026/1231/1220 1025/1230/1219 1076/1225/1214 1077/1256/1245
f 1027/1235/1224 1026/1231/1220 1077/1256/1245 1078/1257/1246
f 1028/1238/1227 1027/1235/1224 1078/1257/1246 1097/1258/1247
f 1029/1241/1230 1028/1238/1227 1097/1258/1247 1098/1259/1248
f 1030/1244/1233 1029/1241/1230 1098/1259/1248 1099/1260/1249
f 1031/1247/1236 1030/1244/1233 1099/1260/1249 1100/1261/1250
f 1032/1250/1239 1031/1247/1236 1100/1261/1250 1101/1262/1251
f 1071/1252/1241 1032/1250/1239 1101/1262/1251 1102/1263/1252
f 1037/1264/1253 1038/1200/1189 1033/1199/1188 1036/1214/1203
f 1061/1265/1254 1060/1266/1255 1040/1178/1167 1041/1177/1166
f 1082/1211/1200 1083/1176/1165 1040/1178/1167 1060/1266/1255
f 1062/1267/1256 1061/1265/1254 1041/1177/1166 1042/1181/1170
f 1062/1267/1256 1042/1181/1170 1093/1184/1173 1092/1268/1257
f 1063/1269/1258 1043/1185/1174 1088/1188/1177 1087/1270/1259
f 1092/1268/1257 1093/1184/1173 1043/1185/1174 1063/1269/1258
f 1067/1271/1260 1066/1272/1261 1044/1190/1262 1064/1189/1263
f 1087/1270/1259 1088/1188/1177 1044/1190/1179 1066/1272/1264
f 1049/942/947 1048/937/942 1251/1037/1037 1252/1146/1137
f 1052/949/954 1051/946/951 1253/1148/1140 1254/1147/1139
f 1053/1136/1128 1052/1135/954 1254/1150/1139 1255/1149/1142
f 1257/1077/1073 1256/1076/1072 1059/1143/796 1111/1095/800
f 1078/1257/1246 1077/1256/1245 1060/1266/1255 1061/1265/1254
f 1076/1225/1214 1082/1211/1200 1060/1266/1255 1077/1256/1245
f 1097/1258/1247 1078/1257/1246 1061/1265/1254 1062/1267/1256
f 1098/1259/1248 1097/1258/1247 1062/1267/1256 1092/1268/1257
f 1100/1261/1250 1099/1260/1249 1063/1269/1258 1087/1270/1259
f 1092/1268/1257 1063/1269/1258 1099/1260/1249 1098/1259/1248
f 1068/1273/1265 1067/1271/1266 1064/1189/1178 1065/1193/1182
f 1102/1263/1252 1101/1262/1251 1066/1272/1264 1067/1271/1267
f 1087/1270/1259 1066/1272/1264 1101/1262/1251 1100/1261/1250
f 1103/1274/1268 1102/1263/1269 1067/1271/1270 1068/1273/1271
f 1072/1253/1242 1071/1252/1241 1069/1275/1272 1070/1276/1273
f 1102/1263/1269 1103/1274/1268 1069/1275/1272 1071/1252/1274
f 1072/1253/1242 1070/1276/1273 1225/1277/1275 1224/1254/1243
f 1080/1221/1210 1081/1222/1211 1074/1223/1212 1079/1227/1216
f 1125/1278/1276 1124/1279/1277 1121/1280/1278 1122/1281/1279
f 1122/1281/1279 1121/1280/1278 1130/1282/1280 1137/1283/1281
f 1221/1284/1234 1222/1285/1237 1121/1280/1278 1124/1279/1277
f 1130/1282/1280 1121/1280/1278 1222/1285/1237 1223/1286/1240
f 1126/1287/1282 1125/1278/1276 1122/1281/1279 1123/1288/1283
f 1123/1288/1283 1122/1281/1279 1137/1283/1281 1140/1289/1284
f 1126/1287/1282 1123/1288/1283 1172/1290/1285 1171/1291/1286
f 1173/1292/1287 1172/1290/1285 1123/1288/1283 1140/1289/1284
f 1128/1293/1288 1127/1294/1289 1124/1279/1277 1125/1278/1276
f 1220/1295/1231 1221/1284/1234 1124/1279/1277 1127/1294/1289
f 1129/1296/1290 1128/1293/1288 1125/1278/1276 1126/1287/1282
f 1129/1296/1290 1126/1287/1282 1171/1291/1286 1170/1297/1291
f 1144/1298/1292 1143/1299/1293 1127/1294/1289 1128/1293/1288
f 1219/1300/1228 1220/1295/1231 1127/1294/1289 1143/1299/1293
f 1145/1301/1294 1144/1298/1292 1128/1293/1288 1129/1296/1290
f 1145/1301/1294 1129/1296/1290 1170/1297/1291 1169/1302/1295
f 1138/1303/1296 1137/1283/1281 1130/1282/1280 1131/1304/1297
f 1131/1304/1297 1130/1282/1280 1223/1286/1240 1224/1305/1243
f 1139/1306/1298 1138/1303/1296 1131/1304/1297 1132/1307/1299
f 1132/1307/1299 1131/1304/1297 1224/1305/1243 1225/1308/1275
f 1141/1309/1300 1140/1289/1284 1137/1283/1281 1138/1303/1296
f 1142/1310/1301 1141/1309/1300 1138/1303/1296 1139/1306/1298
f 1174/1311/1302 1173/1292/1287 1140/1289/1284 1141/1309/1300
f 1175/1312/1303 1174/1311/1302 1141/1309/1300 1142/1310/1301
f 1147/1313/1304 1146/1314/1305 1143/1299/1293 1144/1298/1292
f 1218/1315/1225 1219/1300/1228 1143/1299/1293 1146/1314/1305
f 1148/1316/1306 1147/1313/1304 1144/1298/1292 1145/1301/1294
f 1148/1316/1306 1145/1301/1294 1169/1302/1295 1168/1317/1307
f 1150/1318/1308 1149/1319/1309 1146/1314/1305 1147/1313/1304
f 1217/1320/1221 1218/1315/1225 1146/1314/1305 1149/1319/1309
f 1151/1321/1310 1150/1318/1308 1147/1313/1304 1148/1316/1306
f 1151/1321/1310 1148/1316/1306 1168/1317/1307 1167/1322/1311
f 1153/1323/1312 1152/1324/1313 1149/1319/1309 1150/1318/1308
f 1216/1325/1222 1217/1320/1221 1149/1319/1309 1152/1324/1313
f 1154/1326/1314 1153/1323/1312 1150/1318/1308 1151/1321/1310
f 1154/1326/1314 1151/1321/1310 1167/1322/1311 1166/1327/1315
f 1156/1328/1316 1155/1329/1317 1152/1324/1313 1153/1323/1312
f 1157/1330/1318 1156/1328/1316 1153/1323/1312 1154/1326/1314
f 1157/1330/1318 1154/1326/1314 1166/1327/1315 1165/1331/1319
f 1160/1332/1320 1159/1333/1321 1156/1328/1316 1157/1330/1318
f 1160/1332/1320 1157/1330/1318 1165/1331/1319 1164/1334/1322
f 1178/1335/1323 1177/1336/1324 1164/1334/1322 1165/1331/1319
f 1179/1337/1325 1178/1335/1323 1165/1331/1319 1166/1327/1315
f 1180/1338/1326 1179/1337/1325 1166/1327/1315 1167/1322/1311
f 1181/1339/1327 1180/1338/1326 1167/1322/1311 1168/1317/1307
f 1182/1340/1328 1181/1339/1327 1168/1317/1307 1169/1302/1295
f 1183/1341/1329 1182/1340/1328 1169/1302/1295 1170/1297/1291
f 1184/1342/1330 1183/1341/1329 1170/1297/1291 1171/1291/1286
f 1185/1343/1331 1184/1342/1330 1171/1291/1286 1172/1290/1285
f 1186/1344/1332 1185/1343/1331 1172/1290/1285 1173/1292/1287
f 1187/1345/1333 1186/1344/1332 1173/1292/1287 1174/1311/1302
f 1188/1346/1334 1187/1345/1333 1174/1311/1302 1175/1312/1303
f 1191/1347/1335 1190/1348/1336 1177/1336/1324 1178/1335/1323
f 1192/1349/1337 1191/1347/1335 1178/1335/1323 1179/1337/1325
f 1193/1350/1338 1192/1349/1337 1179/1337/1325 1180/1338/1326
f 1194/1351/1339 1193/1350/1338 1180/1338/1326 1181/1339/1327
f 1195/1352/1340 1194/1351/1339 1181/1339/1327 1182/1340/1328
f 1196/1353/1341 1195/1352/1340 1182/1340/1328 1183/1341/1329
f 1197/1354/1342 1196/1353/1341 1183/1341/1329 1184/1342/1330
f 1198/1355/1343 1197/1354/1342 1184/1342/1330 1185/1343/1331
f 1199/1356/1344 1198/1355/1343 1185/1343/1331 1186/1344/1332
f 1200/1357/1345 1199/1356/1344 1186/1344/1332 1187/1345/1333
f 1201/1358/1346 1200/1357/1345 1187/1345/1333 1188/1346/1334
f 1204/1359/1347 1203/1360/1348 1190/1348/1336 1191/1347/1335
f 1205/1361/1349 1204/1359/1347 1191/1347/1335 1192/1349/1337
f 1206/1362/1350 1205/1361/1349 1192/1349/1337 1193/1350/1338
f 1207/1363/1351 1206/1362/1350 1193/1350/1338 1194/1351/1339
f 1208/1364/1352 1207/1363/1351 1194/1351/1339 1195/1352/1340
f 1209/1365/1353 1208/1364/1352 1195/1352/1340 1196/1353/1341
f 1210/1366/1354 1209/1365/1353 1196/1353/1341 1197/1354/1342
f 1211/1367/1355 1210/1366/1354 1197/1354/1342 1198/1355/1343
f 1212/1368/1356 1211/1367/1355 1198/1355/1343 1199/1356/1344
f 1213/1369/1357 1212/1368/1356 1199/1356/1344 1200/1357/1345
f 1214/1370/1358 1213/1369/1357 1200/1357/1345 1201/1358/1346
f 1205/1361/1349 1228/1371/1359 1203/1360/1348 1204/1359/1347
f 1229/1372/1360 1228/1371/1359 1205/1361/1349 1206/1362/1350
f 1230/1373/1361 1229/1372/1360 1206/1362/1350 1207/1363/1351
f 1231/1374/1362 1230/1373/1361 1207/1363/1351 1208/1364/1352
f 1232/1375/1363 1231/1374/1362 1208/1364/1352 1209/1365/1353
f 1233/1376/1364 1232/1375/1363 1209/1365/1353 1210/1366/1354
f 1212/1368/1356 1233/1376/1364 1210/1366/1354 1211/1367/1355
f 1214/1370/1358 1233/1376/1364 1212/1368/1356 1213/1369/1357
f 1237/882/884 1361/881/883 1362/1377/1365 1240/1378/894
f 1237/882/884 1240/1378/894 1236/1379/896 1238/883/885
f 678/101/96 1284/1380/1366 1287/1381/1367 58/106/101
f 72/1382/1368 82/128/123 1265/1383/1369 1267/1384/1370
f 73/1385/1371 72/1382/1368 680/757/741 683/760/744
f 82/128/123 72/1382/1368 73/1385/1371 85/129/124
f 683/760/744 686/766/750 666/1386/1372 73/1385/1371
f 666/1386/1372 88/133/128 85/129/124 73/1385/1371
f 865/770/754 867/1387/1373 666/1386/1372 686/766/750
f 866/813/809 857/1388/1374 867/1387/1373 865/770/754
f 88/133/128 666/1386/1372 867/1387/1373 260/232/222
f 866/813/809 863/812/808 864/1389/1375 857/1388/1374
f 260/232/222 867/1387/1373 857/1388/1374 261/233/223
f 864/1389/1375 259/231/221 261/233/223 857/1388/1374
f 860/814/810 858/1390/1376 864/1389/1375 863/812/808
f 860/814/810 859/1039/1039 667/1391/1377 858/1390/1376
f 259/231/221 864/1389/1375 858/1390/1376 256/230/220
f 256/230/220 858/1390/1376 667/1391/1377 255/226/215
f 255/226/215 667/1391/1377 819/1392/1378 219/223/212
f 859/1039/1039 820/1038/1038 819/1392/1378 667/1391/1377
f 794/967/967 668/1393/1379 822/1394/1380 823/968/968
f 219/223/212 819/1392/1378 822/1394/1380 221/220/209
f 820/1038/1038 823/968/968 822/1394/1380 819/1392/1378
f 221/220/209 822/1394/1380 668/1393/1379 194/306/299
f 194/306/299 668/1393/1379 791/1395/1381 193/693/672
f 794/967/967 793/966/966 791/1395/1381 668/1393/1379
f 792/915/916 669/1396/1382 1245/1397/1383 1244/962/962
f 193/693/672 791/1395/1381 1245/1397/1383 653/696/675
f 793/966/966 1244/962/962 1245/1397/1383 791/1395/1381
f 653/696/675 1245/1397/1383 669/1396/1382 192/695/674
f 771/1398/1384 669/1396/1382 792/915/916 772/899/915
f 761/898/899 670/1399/1385 771/1398/1386 772/899/901
f 192/695/674 669/1396/1382 771/1398/1384 173/181/176
f 173/181/176 771/1398/1386 670/1399/1385 165/178/172
f 765/893/897 74/1400/1387 768/1401/1388 767/894/898
f 165/175/172 670/1402/1385 768/1401/1388 171/172/169
f 761/895/899 767/894/898 768/1401/1388 670/1402/1385
f 171/172/169 768/1401/1388 74/1400/1387 169/173/170
f 164/1403/1389 74/1400/1387 765/893/897 766/901/903
f 169/173/170 74/1400/1387 164/1403/1389 170/176/173
f 769/905/906 770/1404/1390 164/1403/1389 766/901/903
f 195/198/191 75/1405/1391 304/321/317 196/275/267
f 796/969/969 907/974/974 75/1405/1391 795/910/910
f 170/176/173 164/1403/1389 770/1404/1390 172/186/180
f 172/186/180 770/1404/1390 75/1405/1391 195/198/191
f 769/905/906 795/910/910 75/1405/1391 770/1404/1390
f 373/1406/1392 374/381/377 1376/382/378 1411/1407/1393
f 373/1406/1394 1411/1407/1395 1389/1097/1091 978/1197/1186
f 1037/1264/1253 444/1408/1396 1039/1409/1397 1038/1200/1189
f 374/381/377 373/1406/1392 1039/1409/1398 445/383/379
f 978/1197/1186 1038/1200/1189 1039/1409/1397 373/1406/1394
f 1036/1214/1203 434/1410/1399 444/1408/1396 1037/1264/1253
f 445/383/379 1039/1409/1398 444/1408/1400 443/384/380
f 443/384/380 444/1408/1400 434/1410/1401 442/379/375
f 442/379/375 434/1410/1401 435/1411/1402 441/372/368
f 1036/1214/1203 1035/1213/1202 435/1411/1403 434/1410/1399
f 441/372/368 435/1411/1402 436/1412/1404 440/373/369
f 1035/1213/1202 1034/1212/1201 436/1412/1404 435/1411/1403
f 440/373/369 436/1412/1404 437/1413/1405 399/374/370
f 1003/1215/1204 437/1413/1405 436/1412/1404 1034/1212/1201
f 399/374/370 437/1413/1405 438/1414/1406 400/375/371
f 1004/1216/1205 438/1414/1406 437/1413/1405 1003/1215/1204
f 1011/1125/1119 408/1415/1407 446/1416/1408 1005/1217/1206
f 400/375/371 438/1414/1406 446/1416/1408 401/366/362
f 1005/1217/1206 446/1416/1408 438/1414/1406 1004/1216/1205
f 401/366/362 446/1416/1408 408/1415/1407 407/363/359
f 927/1120/1114 926/1417/1409 931/1418/1410 932/1121/1115
f 407/363/359 408/1415/1407 931/1418/1410 326/367/363
f 932/1121/1115 931/1418/1410 408/1415/1407 1011/1125/1119
f 671/1419/1411 927/1120/1114 928/1119/1113
f 671/1419/1411 323/528/522 926/1417/1409
f 671/1419/1411 928/1119/1113 929/1123/1117
f 326/367/363 931/1418/1410 926/1417/1409 323/528/522
f 671/1419/1411 324/362/358 323/528/522
f 325/359/355 324/362/358 671/1419/1411
f 671/1419/1411 926/1417/1409 927/1120/1114
f 929/1123/1117 934/1124/1118 329/1420/1412 930/1421/1413
f 930/1421/1413 325/359/355 671/1419/1411
f 930/1421/1413 671/1419/1411 929/1123/1117
f 325/359/355 930/1421/1413 329/1420/1412 328/360/356
f 1009/1127/1121 409/1422/1414 329/1420/1412 934/1124/1118
f 328/360/356 329/1420/1412 409/1422/1414 405/411/401
f 1073/1226/1215 1045/1423/1415 409/1422/1414 1009/1127/1121
f 1073/1226/1215 1079/1227/1216 1013/1424/1416 1045/1423/1415
f 405/411/401 409/1422/1414 1045/1423/1415 483/412/402
f 1079/1227/1216 1074/1223/1212 1012/1425/1417 1013/1424/1416
f 483/412/402 1045/1423/1415 1013/1424/1416 489/415/405
f 489/415/405 1013/1424/1416 1012/1425/1417 484/417/407
f 484/417/407 1012/1425/1417 411/1426/1418 423/419/409
f 752/878/880 894/886/888 144/1427/1419 76/1428/1420
f 144/1427/1421 291/663/648 155/658/643 76/1428/1422
f 150/273/265 145/1429/1423 76/1428/1422 155/658/643
f 76/1428/1420 145/1429/1423 747/875/877 752/878/880
f 301/272/264 672/1430/1424 145/1429/1423 150/273/265
f 145/1429/1423 672/1430/1424 904/879/881 747/875/877
f 296/526/520 673/1431/1425 672/1430/1424 301/272/264
f 672/1430/1424 673/1431/1425 899/1091/1086 904/879/881
f 674/1432/1426 1116/1088/1083 1117/1087/1082
f 674/1432/1426 528/521/515 527/519/513
f 1120/1433/1427 530/527/521 674/1432/1426
f 674/1432/1426 1115/1084/1079 1364/1083/1078
f 674/1432/1426 1119/1093/1088 1120/1433/1427
f 530/527/521 1120/1433/1427 673/1431/1425 296/526/520
f 673/1431/1425 1120/1433/1427 1119/1093/1088 899/1091/1086
f 529/525/519 1329/524/518 674/1432/1426
f 530/527/521 529/525/519 674/1432/1426
f 527/519/513 1354/518/512 674/1432/1426
f 674/1432/1426 1117/1087/1082 1337/1090/1085
f 674/1432/1426 1118/1094/1089 1119/1093/1088
f 1115/1084/1079 1114/1434/1428 80/1435/1429 895/1082/1077
f 674/1432/1426 526/1436/1430 1114/1434/1428
f 1115/1084/1079 674/1432/1426 1114/1434/1428
f 80/1435/1429 79/1437/1431 900/865/867 895/1082/1077
f 292/1438/1432 80/1435/1429 1114/1434/1428 526/1436/1430
f 297/1439/1433 79/1437/1431 80/1435/1429 292/1438/1432
f 743/863/865 900/865/867 79/1437/1431 742/1440/1434
f 742/1440/1434 677/1441/1435 748/857/859 743/863/865
f 146/1442/1436 742/1440/1434 79/1437/1431 297/1439/1433
f 677/1441/1435 676/1443/1437 722/858/860 748/857/859
f 151/682/663 677/1441/1435 742/1440/1434 146/1442/1436
f 676/1443/1437 675/1444/1438 886/836/837 722/858/860
f 124/683/664 676/1443/1437 677/1441/1435 151/682/663
f 675/1444/1438 285/1445/1439 713/835/838 886/836/837
f 280/274/266 675/1444/1440 676/1443/1437 124/683/664
f 713/835/838 285/1445/1439 284/1446/1441 889/808/803
f 115/261/253 285/1445/1442 675/1444/1440 280/274/266
f 889/808/803 284/1446/1441 78/1447/1443 700/807/802
f 283/260/252 284/1446/1444 285/1445/1442 115/261/253
f 102/513/507 78/1447/1445 284/1446/1444 283/260/252
f 700/807/805 78/1447/1446 524/1448/1447 1112/809/804
f 1112/1079/804 524/1449/1447 286/1450/1448 890/1048/1048
f 523/752/735 524/1448/1449 78/1447/1450 102/513/736
f 286/1450/1448 77/1451/1451 891/1047/1047 890/1048/1048
f 287/514/508 286/1450/1448 524/1449/1449 523/751/735
f 288/403/393 77/1451/1451 286/1450/1448 287/514/508
f 891/1047/1047 77/1451/1451 472/1452/1452 1046/1049/1049
f 452/402/392 472/1452/1452 77/1451/1451 288/403/393
f 452/402/392 1378/406/396 1412/1453/1453 472/1452/1452
f 473/1454/1454 1047/1194/1183 1410/1118/1112 1412/1453/1453
f 471/409/399 474/1455/1455 473/1454/1456 453/410/400
f 1047/1194/1183 473/1454/1454 474/1455/1457 1065/1193/1182
f 477/491/1458 478/1456/1459 474/1455/1455 471/409/399
f 474/1455/1457 478/1456/1460 1068/1273/1271 1065/1193/1182
f 1103/1274/1268 514/1457/1461 433/1458/1462 1069/1275/1272
f 513/492/486 514/1457/1461 478/1456/1460 477/491/483
f 478/1456/1460 514/1457/1461 1103/1274/1268 1068/1273/1271
f 433/1458/1462 422/1459/1463 1070/1276/1273 1069/1275/1272
f 479/493/1464 433/1458/1462 514/1457/1461 513/492/486
f 480/624/1465 422/1459/1466 433/1458/1462 479/493/1464
f 1070/1276/1273 422/1459/1463 628/1460/1467 1225/1277/1275
f 627/626/614 628/1460/1467 422/1459/1463 480/624/611
f 1132/1307/1299 1225/1308/1275 628/1461/1467 1133/1462/1468
f 542/625/613 1133/1463/1468 628/1464/1467 627/627/614
f 545/552/546 1134/1465/1469 1133/1463/1468 542/625/613
f 1133/1462/1468 1134/1466/1469 1139/1306/1298 1132/1307/1299
f 548/551/545 1135/1467/1470 1134/1465/1469 545/552/546
f 1134/1466/1469 1135/1468/1470 1142/1310/1301 1139/1306/1298
f 1136/1469/1471 592/1470/1472 1188/1346/1334 1175/1312/1303
f 579/564/558 1136/1469/1471 1135/1467/1470 548/551/545
f 1135/1468/1470 1136/1469/1471 1175/1312/1303 1142/1310/1301
f 591/576/570 592/1470/1472 1136/1469/1471 579/564/558
f 1188/1346/1334 592/1470/1472 605/1471/1473 1201/1358/1346
f 604/588/582 605/1471/1473 592/1470/1472 591/576/570
f 1201/1358/1346 605/1471/1473 1215/1472/1474 1214/1370/1358
f 1215/1472/1474 636/1473/1475 1233/1376/1364 1214/1370/1358
f 617/638/623 1215/1472/1474 605/1471/1473 604/588/582
f 636/1473/1475 635/1474/1476 1232/1375/1363 1233/1376/1364
f 642/650/635 636/1473/1475 1215/1472/1474 617/638/623
f 635/1474/1476 634/1475/1477 1231/1374/1362 1232/1375/1363
f 641/652/637 635/1474/1476 636/1473/1475 642/650/635
f 634/1475/1477 633/1476/1478 1230/1373/1361 1231/1374/1362
f 640/646/631 634/1475/1477 635/1474/1476 641/652/637
f 633/1476/1478 632/1477/1479 1229/1372/1360 1230/1373/1361
f 639/643/628 633/1476/1478 634/1475/1477 640/646/631
f 632/1477/1479 631/1478/1480 1228/1371/1359 1229/1372/1360
f 638/642/627 632/1477/1479 633/1476/1478 639/643/628
f 637/640/625 631/1478/1480 632/1477/1479 638/642/627
f 1203/1360/1348 1202/1479/1481 1189/1480/1482 1190/1348/1336
f 606/635/620 1202/1479/1481 631/1478/1480 637/640/625
f 1228/1371/1359 631/1478/1480 1202/1479/1481 1203/1360/1348
f 1190/1348/1336 1189/1480/1482 1176/1481/1483 1177/1336/1324
f 593/577/571 1189/1482/1482 1202/1479/1481 606/635/620
f 1177/1336/1324 1176/1481/1483 1163/1483/1484 1164/1334/1322
f 580/565/559 1176/1484/1483 1189/1482/1482 593/577/571
f 1164/1334/1322 1163/1483/1484 1162/1485/1485 1160/1332/1320
f 568/553/547 1163/1486/1484 1176/1484/1483 580/565/559
f 1160/1332/1320 1162/1485/1485 1161/1487/1486 1159/1333/1321
f 566/530/524 1162/1488/1485 1163/1486/1484 568/553/547
f 565/529/523 1161/1489/1486 1162/1488/1485 566/530/524
f 412/633/618 630/1490/1487 629/631/617 413/629/615
f 564/634/619 567/1491/1488 1161/1489/1486 565/529/523
f 1161/1487/1486 567/1492/1488 1158/1493/1489 1159/1333/1321
f 1024/1255/1244 1023/1494/1490 1074/1223/1212 1075/1224/1213
f 1012/1425/1417 1074/1223/1212 1023/1494/1490 411/1426/1418
f 423/419/409 411/1426/1418 410/1495/1491 412/633/618
f 629/632/617 630/1496/1487 564/634/619 561/630/616
f 410/1495/1491 1227/1497/1492 630/1490/1487 412/633/618
f 564/634/619 630/1496/1487 1227/1498/1492 567/1491/1488
f 1156/1328/1316 1159/1333/1321 1158/1493/1489 1155/1329/1317
f 1155/1329/1317 1226/1499/1493 1216/1325/1222 1152/1324/1313
f 1158/1493/1489 1259/1500/1494 1226/1499/1493 1155/1329/1317
f 1227/1501/1492 1259/1500/1494 1158/1493/1489 567/1492/1488
f 1015/1229/1218 1014/1502/1495 1024/1255/1244 1025/1230/1219
f 1216/1233/1222 1226/1503/1493 1014/1502/1495 1015/1229/1218
f 1024/1255/1244 1014/1502/1495 1258/1504/1496 1023/1494/1490
f 1259/1505/1494 1258/1504/1496 1014/1502/1495 1226/1503/1493
f 1023/1494/1490 1258/1504/1496 410/1495/1497 411/1426/1418
f 410/1495/1497 1258/1504/1496 1259/1505/1494 1227/1497/1492
f 72/1382/1368 1267/1384/1370 1266/1506/1498 680/757/741
f 1280/1507/1499 1286/1508/1500 1265/1383/1369 82/128/123
f 1286/1508/1500 1288/1509/1501 1267/1384/1370 1265/1383/1369
f 1267/1384/1370 1288/1509/1501 1287/1381/1367 1266/1506/1498
f 81/39/36 1280/1507/1499 1289/123/118 24/40/37
f 83/1510/1502 1281/1511/1503 1290/124/119 1269/130/125
f 66/112/107 679/111/106 1283/1512/1504 1291/753/737
f 1271/758/742 680/757/741 1284/1380/1366 1292/754/738
f 1270/759/743 681/762/746 684/761/745 683/760/744
f 83/1510/1502 1269/130/125 85/129/124 86/132/127
f 1273/50/47 1260/51/48 1281/1511/1503 1293/125/120
f 1275/131/126 84/62/59 1282/59/56 1294/126/121
f 1263/98/93 1285/120/115 1295/755/739 1277/107/102
f 681/762/746 1283/1512/1504 1296/756/740 1279/763/747
f 1268/127/122 1269/130/125 1290/124/119 1289/123/118
f 1274/1513/1505 1275/131/126 1294/126/121 1293/125/120
f 1291/753/737 1270/759/743 1271/758/742 1292/754/738
f 1278/764/748 1279/763/747 1296/756/740 1295/755/739
f 1284/1380/1366 680/757/741 1266/1506/1498 1287/1381/1367
f 81/39/36 23/44/41 1286/1508/1500 1280/1507/1499
f 1286/1508/1500 23/44/41 71/43/40 1288/1509/1501
f 71/43/40 58/106/101 1287/1381/1367 1288/1509/1501
f 1280/1507/1499 82/128/123 1268/127/122 1289/123/118
f 1281/1511/1503 1260/51/48 32/54/51 1290/124/119
f 681/762/746 1270/759/743 1291/753/737 1283/1512/1504
f 678/101/96 59/104/99 1292/754/738 1284/1380/1366
f 83/1510/1502 1274/1513/1505 1293/125/120 1281/1511/1503
f 1261/38/35 1272/47/44 1294/126/121 1282/59/56
f 1285/120/115 682/122/117 1278/764/748 1295/755/739
f 1283/1512/1504 679/111/106 1276/109/104 1296/756/740
f 1304/666/645 156/27/25 1302/21/19 1324/667/651
f 1236/892/896 1322/891/895 1325/887/889 1305/1514/1506
f 1307/64/850 1347/1515/1507 719/1516/852 718/849/851
f 121/1517/242 1348/1518/1508 1306/4/4 120/166/162
f 1274/1513/1505 83/1510/1502 86/132/127 1275/131/126
f 1278/764/748 682/122/117 685/117/112 684/761/745
f 117/169/166 116/171/168 1310/170/167 1309/168/165
f 725/816/812 724/811/807 1311/837/839 1312/841/843
f 1313/840/842 726/818/814 725/816/812 1312/841/843
f 125/219/208 126/156/152 1310/170/167 116/171/168
f 715/838/840 1312/841/843 1311/837/839 714/767/751
f 118/161/158 117/169/166 1309/168/165 1308/167/164
f 727/820/816 726/818/814 1313/840/842 716/839/841
f 1314/158/1509 130/144/140 131/141/137 1315/159/1510
f 1315/159/1510 131/141/137 132/136/131 1316/164/163
f 729/824/820 728/822/818 1317/842/844 1318/848/1511
f 730/826/822 729/824/820 1318/848/1511 1319/847/1512
f 129/147/143 130/144/140 1314/158/1509 118/161/158
f 717/845/846 1318/848/849 1317/842/1513 716/839/1514
f 731/828/826 730/826/822 1319/847/1512 718/846/851
f 1324/667/651 10/20/18 158/19/17 1320/668/652
f 158/19/17 159/55/52 1321/685/665 1320/668/652
f 1323/852/854 756/116/111 755/81/77 1322/891/895
f 755/81/77 45/80/76 1325/887/889 1322/891/895
f 1302/21/19 1262/24/22 10/20/18 1324/667/651
f 1303/83/79 753/89/85 1305/1514/1506 1325/887/889
f 894/886/888 1239/885/887 1341/1519/1515 1339/1520/893
f 144/1427/1421 1338/1521/1516 1340/1522/1517 291/663/648
f 1335/884/886 1238/883/885 1236/1379/896 1305/1523/1506
f 291/663/648 1340/1522/1517 1342/659/644 648/662/647
f 148/267/259 299/266/258 1327/271/263 1326/270/262
f 1327/271/263 299/266/258 294/520/514 1328/522/516
f 1328/522/516 294/520/514 528/521/515 1329/524/518
f 1330/656/641 153/655/640 148/267/259 1326/270/262
f 154/657/642 648/662/647 1331/661/646 1330/656/641
f 1332/872/874 751/877/879 746/876/878 1333/873/875
f 1333/873/875 746/876/878 903/880/882 1334/874/876
f 1335/884/886 1239/885/887 751/877/879 1332/872/874
f 1334/874/876 903/880/882 898/1092/1087 1336/1089/1084
f 1336/1089/1084 898/1092/1087 1118/1094/1089 1337/1090/1085
f 1337/1090/1085 1118/1094/1089 674/1432/1426
f 1329/524/518 528/521/515 674/1432/1426
f 753/89/85 754/91/87 1341/1524/1515 1305/1514/1506
f 645/671/650 647/664/649 1331/661/646 1304/660/645
f 144/1427/1419 894/886/888 1339/1520/893 1338/1521/892
f 754/91/87 1300/93/890 1339/889/893 1341/1524/1515
f 1338/1525/1516 1298/32/1518 1301/31/1519 1340/1526/1517
f 1340/1526/1517 1301/31/1519 157/29/1520 1342/1527/644
f 1342/1527/644 157/29/1520 156/27/25 1304/666/645
f 1341/1519/1515 1239/885/887 1335/884/886 1305/1523/1506
f 1240/890/894 1362/1528/1365 1345/853/855 1323/852/854
f 160/6/1521 1343/1529/1522 1349/1530/1523 159/55/52
f 1241/1531/858 721/1532/857 1350/854/856 1345/853/855
f 720/1533/853 719/1516/852 1347/1515/1507 1344/1534/1524
f 1343/1529/1522 160/6/1521 1306/4/4 1348/1518/1508
f 1343/1529/1522 122/1535/656 123/1536/660 1349/1530/1523
f 122/1535/656 1343/1529/1522 1348/1518/1508 121/1517/242
f 757/68/65 1344/1534/1524 1347/1515/1507 1307/64/850
f 650/681/662 1346/680/661 1349/1530/1523 123/1536/660
f 1346/680/661 1321/685/665 159/55/52 1349/1530/1523
f 721/1532/857 720/1533/853 1344/1534/1524 1350/854/856
f 756/116/111 1350/854/856 1344/1534/1524 757/68/65
f 1351/263/255 146/1442/1436 297/1439/1433 1352/264/256
f 1353/517/511 292/1438/1432 526/1436/1430 1354/518/512
f 1352/264/256 297/1439/1433 292/1438/1432 1353/517/511
f 1355/654/639 151/682/663 146/1442/1436 1351/263/255
f 644/674/657 151/682/663 1355/654/639 1356/670/654
f 646/669/653 649/672/655 1357/675/658 1356/670/654
f 749/868/870 744/867/869 1359/862/864 1358/861/863
f 744/867/869 901/871/873 1360/864/866 1359/862/864
f 1237/882/884 749/868/870 1358/861/863 1361/881/883
f 901/871/873 896/1086/1081 1363/1081/1076 1360/864/866
f 896/1086/1081 1116/1088/1083 1364/1083/1078 1363/1081/1076
f 1235/860/862 1234/859/861 1362/1377/1365 1361/881/883
f 1234/1537/861 1241/1531/858 1345/853/855 1362/1528/1365
f 649/684/655 1321/685/665 1346/680/661 1357/679/658
f 1354/518/512 526/1436/1430 674/1432/1426
f 1364/1083/1078 1116/1088/1083 674/1432/1426
f 1365/325/321 375/380/376 376/376/372 1366/326/322
f 1366/326/322 376/376/372 377/330/326 1367/327/323
f 1368/329/325 308/313/309 307/324/320 1367/327/323
f 358/328/324 359/340/336 1369/331/327 1368/329/325
f 359/340/336 360/342/338 1370/332/328 1369/331/327
f 360/342/338 361/344/340 1371/333/329 1370/332/328
f 361/344/340 362/346/342 1372/334/330 1371/333/329
f 362/346/342 363/348/344 1373/335/331 1372/334/330
f 363/348/344 364/350/346 1374/336/332 1373/335/331
f 1374/336/332 364/350/346 365/352/348 1375/337/333
f 1365/325/321 305/322/318 304/321/317 1376/382/378
f 1377/405/395 372/407/397 453/410/400 1378/406/396
f 1375/337/333 365/352/348 366/435/425 1379/437/427
f 318/446/436 317/443/433 1381/440/430 1380/439/429
f 1379/437/427 366/435/425 494/436/426 1382/441/431
f 1382/441/431 494/436/426 367/433/423 1381/440/430
f 322/401/391 321/457/447 1383/455/445 1377/405/395
f 499/453/443 371/451/441 1383/455/445 1384/456/446
f 500/458/448 320/471/461 1385/466/456 1384/456/446
f 368/432/422 369/463/453 1386/468/458 1380/439/429
f 369/463/453 504/465/455 1387/470/460 1386/468/458
f 504/465/455 370/460/450 1385/466/456 1387/470/460
f 979/1198/1187 978/1197/1186 1389/1097/1091 1388/1096/1090
f 980/1195/1184 979/1198/1187 1388/1096/1090 1390/1098/1092
f 981/1159/1148 980/1195/1184 1390/1098/1092 1391/1099/1093
f 963/1157/1146 981/1159/1148 1391/1099/1093 1392/1100/1094
f 1393/1101/1095 964/1158/1147 963/1157/1146 1392/1100/1094
f 965/1162/1151 964/1158/1147 1393/1101/1095 1394/1102/1096
f 1395/1103/1097 966/1164/1153 965/1162/1151 1394/1102/1096
f 1396/1104/1098 967/1166/1155 966/1164/1153 1395/1103/1097
f 1397/1105/1099 968/1168/1157 967/1166/1155 1396/1104/1098
f 1398/1106/1100 969/1170/1159 968/1168/1157 1397/1105/1099
f 970/1172/1161 969/1170/1159 1398/1106/1100 1399/1107/1101
f 971/1174/1163 970/1172/1161 1399/1107/1101 1400/1108/1102
f 1084/1175/1164 971/1174/1163 1400/1108/1102 1401/1109/1103
f 973/1180/1169 972/1179/1168 1403/1111/1105 1402/1110/1104
f 972/1179/1168 1084/1175/1164 1401/1109/1103 1403/1111/1105
f 1404/1112/1106 974/1182/1171 973/1180/1169 1402/1110/1104
f 1405/1113/1107 1094/1183/1172 974/1182/1171 1404/1112/1106
f 1406/1114/1108 1089/1187/1176 975/1186/1175 1407/1115/1109
f 1407/1115/1109 975/1186/1175 1094/1183/1172 1405/1113/1107
f 977/1192/1181 976/1191/1180 1409/1117/1111 1408/1116/1110
f 1409/1117/1111 976/1191/1180 1089/1187/1176 1406/1114/1108
f 1047/1194/1183 977/1192/1181 1408/1116/1110 1410/1118/1112
f 304/321/317 75/1405/1391 1411/1407/1393 1376/382/378
f 1411/1407/1395 75/1405/1391 907/974/974 1389/1097/1091
f 1378/406/396 453/410/400 473/1454/1456 1412/1453/1453
f 1046/1049/1049 472/1452/1452 1412/1453/1453 1410/1118/1112
f 1414/1538/1525 1415/1539/1526 4/11/11 3/10/10
f 1415/1539/1526 1416/1540/1527 5/13/13 4/11/11
f 3/10/10 8/16/1528 1419/1541/1529 1414/1538/1525
f 8/8/1528 7/2/1530 1418/1542/1531 1419/1543/1529
f 7/2/2 1/1/1 1413/1544/1532 1418/1542/1533
f 6/5/5 1417/1545/1534 1413/1544/1532 1/1/1
f 22/36/33 19/35/32 1423/1546/1535 1420/1547/1536
f 1421/1548/1537 1420/1547/1536 1423/1546/1535 1422/1549/1538
f 1426/1550/1539 1417/1545/1534 6/5/5 33/56/53
f 1427/1551/1540 34/57/54 5/13/13 1416/1540/1527
f 1428/1552/1541 9/18/16 13/17/15 12/26/24
f 1428/1552/1541 12/26/24 11/25/23 1429/1553/1542
f 33/56/53 9/18/16 1428/1552/1541 1426/1550/1539
f 1426/1550/1539 1428/1552/1541 1429/1553/1542 1425/1554/1543
f 1422/1549/1538 1423/1546/1535 19/35/32 35/60/57
f 35/60/57 1430/1555/1544 1424/1556/1545 1422/1549/1538
f 35/60/57 36/61/58 1431/1557/1546 1430/1555/1544
f 1431/1557/1546 36/61/58 34/57/54 1427/1551/1540
f 1421/1548/1537 1422/1549/1538 1424/1556/1545 1432/1558/1547
f 1434/1559/1548 38/74/71 39/73/70 1435/1560/1549
f 1435/1560/1549 39/73/70 40/76/73 1436/1561/1550
f 38/74/71 1434/1559/1548 1439/1562/1551 43/77/1552
f 43/70/1552 1439/1563/1551 1438/1564/1553 42/66/63
f 42/66/63 1438/1564/1553 1433/1565/1554 37/63/60
f 41/67/64 37/63/60 1433/1565/1555 1437/1566/1556
f 57/100/95 1440/1567/1557 1443/1568/1558 54/97/92
f 1441/1569/1559 1442/1570/1560 1443/1568/1558 1440/1567/1557
f 1446/1571/1561 67/115/110 41/67/1562 1437/1566/1563
f 1447/1572/1564 1436/1561/1550 40/76/73 68/118/113
f 1448/1573/1565 47/87/83 48/79/75 44/82/78
f 1448/1573/1565 1449/1574/1566 46/88/84 47/87/83
f 67/115/110 1446/1571/1561 1448/1573/1565 44/82/78
f 1446/1571/1561 1445/1575/1567 1449/1574/1566 1448/1573/1565
f 1442/1570/1560 69/119/114 54/97/92 1443/1568/1558
f 69/119/114 1442/1570/1560 1444/1576/1568 1450/1577/1569
f 69/119/114 1450/1577/1569 1451/1578/1570 70/121/116
f 1451/1578/1570 1447/1572/1564 68/118/113 70/121/116
f 1441/1569/1559 1452/1579/1571 1444/1576/1568 1442/1570/1560
