# Blender 5.1.2
# www.blender.org
mtllib zoe.extra.Special_VaM_Dedicated_905.Genital.mtl
o Genitalia-default_1452.002
v 1.611007 89.103165 -0.192421
v 0.000000 96.744843 -7.501217
v 2.519288 90.137787 4.199670
v 2.975089 91.045242 5.160267
v 3.760633 92.334938 6.068911
v 1.634959 88.689575 -1.875897
v 1.905961 88.973289 1.432274
v 2.192524 89.368637 2.774571
v 1.876232 88.204491 -4.331159
v 1.792845 88.361824 -5.337948
v 2.843585 87.869217 -5.928310
v 2.266244 87.913948 -5.622134
v 2.229532 87.825546 -4.988618
v 1.965557 88.793762 -6.886594
v 2.343966 88.149521 -6.391153
v 0.525273 91.920380 -6.941419
v 1.144124 90.073723 -7.256902
v 0.245471 93.172615 -6.875774
v 6.734900 97.557808 8.260807
v 5.833880 98.204834 8.432913
v 6.282339 98.078056 8.268535
v 6.705670 97.935005 8.330163
v 0.904314 98.707222 9.301420
v 2.849864 98.763054 9.155309
v 4.522937 98.655540 8.849275
v 2.789582 98.933113 9.224988
v 0.000000 98.817276 9.324088
v 0.905419 98.890846 9.350825
v 1.894529 98.907936 9.296462
v 5.306686 98.428307 8.659529
v 3.594632 98.840576 9.069010
v 3.650043 98.614235 9.005503
v 1.889226 88.173874 -3.525780
v 4.583999 93.797356 6.781953
v 6.169697 96.374550 8.009847
v 5.330036 95.085320 7.407571
v -1.611007 89.103165 -0.192421
v -2.519288 90.137787 4.199670
v -2.975089 91.045242 5.160267
v -3.760633 92.334938 6.068911
v -1.634959 88.689575 -1.875897
v -1.905961 88.973289 1.432274
v -2.192524 89.368637 2.774571
v -1.876232 88.204491 -4.331158
v -1.792845 88.361816 -5.337948
v -2.843585 87.869217 -5.928310
v -2.266244 87.913948 -5.622134
v -2.229532 87.825546 -4.988618
v -1.965557 88.793762 -6.886594
v -2.343966 88.149521 -6.391153
v -0.525273 91.920387 -6.941419
v -1.144124 90.073723 -7.256902
v -0.245471 93.172615 -6.875774
v -6.734901 97.557808 8.260807
v -5.833879 98.204834 8.432913
v -6.282339 98.078056 8.268535
v -6.705670 97.935013 8.330163
v -0.904314 98.707222 9.301420
v -2.849864 98.763046 9.155309
v -4.522937 98.655540 8.849275
v -2.789582 98.933113 9.224988
v -0.905419 98.890846 9.350825
v -1.894529 98.907936 9.296462
v -5.306687 98.428307 8.659529
v -3.594632 98.840569 9.069010
v -3.650043 98.614227 9.005503
v -1.889226 88.173874 -3.525780
v -4.586762 93.797173 6.782933
v -6.169697 96.374557 8.009847
v -5.330037 95.085320 7.407571
v 0.000000 98.654343 9.277609
v 0.000000 96.076355 8.428074
v -0.000000 94.758858 7.812490
v 0.000347 90.135727 1.901810
v -0.000552 90.229912 1.557409
v -0.000000 92.540680 -6.327448
v 0.013966 90.444962 -3.113122
v 0.000000 90.592224 -3.304591
v 0.000022 90.345665 -4.925344
v 0.000000 90.618568 -4.809929
v 1.925050 98.764404 9.252347
v 1.608384 96.107224 8.459692
v 3.495501 95.420654 7.990032
v 5.041153 95.065948 7.368769
v 1.882472 94.518631 7.639635
v 3.676694 93.940865 7.172252
v 4.327923 93.759933 6.921112
v 1.520123 93.199631 7.202690
v 3.013937 92.504158 6.621412
v 3.643445 92.246758 6.478636
v 0.230421 91.593170 4.857852
v 0.354312 90.962936 3.291950
v 0.349668 90.687737 2.485827
v 0.364314 90.489609 1.668612
v 0.392893 90.401520 0.754739
v 0.434275 90.392685 -0.204342
v 0.424611 90.461456 -0.540042
v 0.412415 90.448677 -1.007830
v 0.416022 90.482651 -1.584879
v 0.355256 90.493530 -2.147044
v 0.320455 90.548347 -2.672880
v 0.091387 90.604797 -3.174695
v 0.341699 91.843163 6.080016
v 0.246017 91.067612 5.256211
v 0.217403 90.503761 4.473105
v 0.161581 90.085983 3.623857
v 0.160721 89.813721 2.897377
v 0.166988 89.676971 2.120697
v 0.185612 89.597855 1.285412
v 0.225610 89.598869 0.553330
v 0.242080 89.550751 -0.305920
v 0.199362 89.608345 -1.075904
v 0.170420 89.695305 -1.823544
v 0.173536 89.761879 -2.542065
v 0.104658 90.049057 -3.309773
v 2.488309 91.175262 5.749816
v 2.306630 90.132027 4.296861
v 1.988515 89.716393 3.117902
v 1.656474 89.494850 1.666294
v 1.606644 89.544785 0.444602
v 1.533581 89.425346 -0.296622
v 1.449122 89.353432 -1.094954
v 1.234611 89.368248 -1.964016
v 0.294118 89.784668 -3.633061
v 1.217772 91.646767 6.108457
v 1.121919 90.832886 5.131834
v 1.087042 90.264503 4.274106
v 1.115159 89.948601 3.461722
v 1.122720 89.700798 2.752512
v 1.100139 89.629562 2.049114
v 1.072382 89.518227 1.149738
v 1.004524 89.501442 0.418295
v 0.921046 89.526863 -0.419006
v 0.846772 89.543594 -1.203740
v 0.308943 91.481606 5.088834
v 0.127380 90.561890 3.333698
v 0.093968 90.445892 2.618665
v 0.079696 90.177422 1.762484
v 0.151044 90.049973 0.875070
v 0.284855 89.978493 -0.497965
v 0.365643 90.034538 -0.523507
v 0.421758 90.077164 -1.068784
v 0.434210 90.129662 -1.754879
v -0.001177 93.160103 -6.586005
v 0.000001 92.136040 -6.104824
v 0.180175 90.067543 -4.903979
v 0.457205 90.256302 -5.200350
v 0.498349 90.447929 -5.451778
v 0.341558 91.104866 -5.952220
v 0.167466 91.649788 -6.087385
v 0.265191 89.913055 -4.207520
v 0.512236 89.941315 -5.107520
v 0.532186 90.126945 -5.389998
v 0.369148 90.911598 -6.187982
v 0.186132 91.695297 -6.307099
v 0.985718 89.835487 -7.278885
v 0.436700 91.577347 -7.269698
v 1.685113 88.548424 -4.483980
v 1.792888 88.828217 -3.488449
v 1.747139 89.131165 -1.744259
v 2.913606 90.905670 5.777131
v 2.107691 89.605385 2.549508
v 1.848241 89.425819 1.324249
v 0.000114 90.154587 1.833215
v 0.031801 90.098328 1.938313
v 0.068102 90.148384 1.889960
v 0.084487 90.208870 1.801670
v 0.092690 90.221527 1.706057
v 0.038085 90.139847 1.908024
v 0.043829 90.165710 1.840896
v 0.020394 90.125320 1.930954
v 0.035143 90.213356 1.766830
v 0.030962 90.056587 1.897282
v 0.050450 90.047951 1.882828
v 0.072585 90.047134 1.766126
v 0.098118 90.079742 1.676115
v 0.179064 90.058189 1.581408
v 0.219720 90.129944 1.424320
v 0.261456 90.197418 1.275862
v 0.294181 90.212784 1.104361
v 0.313646 90.190582 0.913437
v 0.328980 90.171021 0.689705
v 0.379667 90.215500 0.358792
v 0.393989 90.251755 0.163099
v 0.405415 90.314476 -0.000859
v 0.168162 90.153770 1.468150
v 0.190874 90.159149 1.271859
v 0.229934 90.108284 1.119755
v 0.261575 90.084503 0.895884
v 0.268390 90.075432 0.658253
v 0.293661 90.018669 0.430054
v 0.047243 90.139320 2.180396
v 0.100179 90.731911 3.225589
v 0.055042 91.132881 4.255987
v 0.048149 90.214867 1.604789
v 0.055941 90.126022 1.401523
v 0.109358 89.976181 1.206645
v 0.162769 89.770439 0.894883
v 0.180529 89.671295 0.652713
v 0.197039 89.579681 0.222784
v 0.206266 89.533249 -0.084853
v 0.190197 89.531227 -0.335447
v 0.161535 89.563072 -0.564838
v 0.134230 89.689781 -0.962029
v 0.134873 89.852692 -1.181027
v 0.131226 89.466736 -1.742110
v 0.151699 89.456985 -2.070177
v 0.060673 89.931870 -2.659652
v 0.134558 89.699547 -1.356026
v 0.064778 90.095314 2.090418
v 0.143403 90.062813 2.008343
v 0.190460 90.077232 1.902654
v 0.238248 90.093575 1.748565
v 0.273257 90.170235 1.553553
v 0.289391 90.265236 1.420012
v 0.315998 90.309860 1.286787
v 0.339865 90.280464 1.103123
v 0.361620 90.286285 0.906237
v 0.074734 91.581947 5.278846
v 0.147876 91.565338 5.082559
v 0.060895 91.302917 4.834170
v 0.137471 90.691071 2.988508
v 0.153174 91.056725 3.584077
v 0.148991 91.357986 4.655972
v 0.116064 90.193420 1.601807
v 0.145917 90.154373 1.495059
v 0.159712 90.107292 1.352673
v 0.201391 90.026398 1.196811
v 0.236845 89.972511 0.995175
v 0.259184 89.937195 0.764940
v 0.277647 89.861504 0.562826
v 0.133962 89.871185 1.050050
v 0.053997 90.108139 -2.839270
v 0.044015 90.312828 -2.968157
v 0.243401 89.643799 0.256222
v 0.219434 89.718002 0.644949
v 0.210870 89.805931 0.929140
v 0.176077 89.885567 1.068183
v 0.241644 89.597534 -0.085988
v 0.242664 89.598373 -0.315631
v 0.215216 89.617485 -0.539504
v 0.193450 89.706757 -0.949975
v 0.178621 89.871208 -1.168459
v 0.181869 89.721046 -1.354462
v 0.178222 89.522125 -1.729614
v 0.190907 89.457283 -2.028177
v 0.113173 89.920006 -2.646024
v 0.148854 89.614342 -0.754523
v 0.208083 89.640869 -0.744191
v 0.154638 89.992027 1.230851
v 0.134458 90.112701 1.406633
v 0.367027 90.176903 0.533442
v 0.332208 89.954819 0.212255
v 0.289464 89.800858 0.280021
v 0.095048 91.983772 5.799084
v 0.155798 92.160164 5.992497
v 0.187422 91.920502 5.230942
v 0.316097 92.010880 5.719113
v 0.213540 92.254494 6.160813
v 0.290846 92.752487 6.843270
v 0.153902 92.686539 6.514742
v 0.336991 89.960747 0.052333
v 0.340601 89.945786 -0.188978
v 0.330475 89.955292 -0.392725
v 0.297437 89.747993 -0.023058
v 0.285155 89.736893 -0.248995
v 0.272052 89.759827 -0.478643
v 0.167196 89.595284 -2.341117
v 0.124123 89.590820 -2.377828
v 0.247179 89.761871 -0.700315
v 0.233670 89.805412 -0.923422
v 0.199250 89.964081 -1.153885
v 0.200576 89.836441 -1.337247
v 0.207113 89.678909 -1.708262
v 0.184480 89.571419 -1.989578
v 0.189741 89.667397 -2.277094
v 0.151196 89.987480 -2.628305
v 0.778368 89.634048 -1.919982
v 0.641664 89.713768 -2.589312
v 0.293412 89.788681 -3.342501
v 0.400470 90.231026 -2.249934
v 0.329577 90.410240 -2.741623
v 0.118601 90.374802 -3.324764
v -0.000441 90.547043 -3.344477
v 0.000241 90.391319 -3.468100
v 0.014697 90.472389 -3.199599
v 0.062727 90.456612 -3.091620
v 0.037716 90.433151 -3.079450
v 0.096295 90.121109 -2.854800
v 0.078030 90.330788 -2.993930
v 0.195039 91.808762 -6.593605
v 0.170063 90.619316 -4.810643
v 0.364602 90.756035 -4.994971
v 0.387994 90.930550 -5.162363
v 0.144195 91.351868 -5.424678
v 0.065057 91.518051 -5.486385
v 0.191895 90.314651 -4.929018
v 0.526278 90.490784 -5.158160
v 0.541449 90.686562 -5.364391
v 0.299575 91.217972 -5.762234
v 0.141328 91.606369 -5.872257
v 0.123581 90.244606 -2.869640
v 0.098497 90.357384 -2.995713
v 0.008393 90.141716 1.356321
v 0.062302 89.986244 1.202252
v 0.098921 89.885010 1.019753
v 0.118888 89.777130 0.833937
v 0.137032 89.675507 0.586724
v 0.155008 89.575676 0.154770
v 0.164958 89.536613 -0.113337
v 0.151888 89.532547 -0.338611
v 0.124717 89.567802 -0.562301
v 0.107562 89.632683 -0.748916
v 0.109387 89.699944 -0.944202
v 0.110600 89.851402 -1.173366
v 0.106989 89.723480 -1.352053
v 0.087790 89.529869 -1.739314
v 0.093272 89.471016 -2.056787
v 0.105826 89.609093 -2.368408
v 0.036765 89.977577 -2.636466
v 0.024536 90.165794 -2.818611
v 0.026348 90.314537 -2.954090
v 0.035264 90.370369 -0.422650
v 0.057662 90.367126 -0.478034
v 0.038368 90.359665 -0.539840
v 0.078149 90.370270 -0.393362
v 0.113476 90.355110 -0.476639
v 0.087235 90.356117 -0.567004
v -0.000220 90.365837 -0.609307
v 0.279866 89.985207 -0.624969
v 0.253833 89.960655 -0.946478
v 0.224840 90.067322 -1.145245
v 0.212842 89.949181 -1.338424
v 0.215193 89.820946 -1.697919
v 0.208902 89.741653 -1.965656
v 0.202756 89.743950 -2.231353
v 0.360117 90.232918 -0.349583
v 0.298776 90.089737 -0.951158
v 0.281870 90.201431 -1.146194
v 0.256373 90.073723 -1.345589
v 0.223437 89.951202 -1.706597
v 0.220158 89.881241 -1.968409
v 0.199386 89.892044 -2.371972
v 0.345468 90.872932 3.099027
v 0.360144 90.716835 2.383240
v 0.380464 90.574104 1.630938
v 0.408371 90.561325 0.591194
v 0.474164 90.569908 -0.318478
v 0.361325 90.323692 -1.292884
v 0.267880 90.344482 -1.545301
v 0.205373 90.345657 -2.005748
v 0.277419 90.663261 2.587521
v 0.319750 90.721382 2.302483
v 0.337307 90.530586 1.616042
v 0.171314 90.508850 2.573470
v 0.315075 90.508949 2.034191
v 0.334594 90.428253 1.487518
v 0.079554 89.806183 0.471906
v 0.096012 89.740501 0.124440
v 0.112761 89.707153 -0.118675
v 0.123862 89.736008 -0.316247
v 0.117596 89.747940 -0.512118
v 0.106281 89.778458 -0.707708
v 0.110717 89.829773 -0.917483
v 0.102528 89.998558 -1.153182
v 0.097700 89.904793 -1.356047
v 0.096781 89.703369 -1.727661
v 0.078821 89.601105 -2.002316
v 0.077905 89.704895 -2.342498
v 0.044243 90.089386 -2.626014
v 0.016502 90.226578 -2.807667
v 0.010896 90.336418 -2.946019
v -0.000427 90.204147 1.355057
v 0.003710 90.165291 1.279392
v 0.019982 90.008965 1.142252
v 0.065537 89.964340 0.978449
v 0.078330 89.896317 0.716795
v 0.063269 90.068520 0.971684
v 0.078204 90.002098 0.668665
v 0.091318 89.958496 0.402129
v 0.108993 89.907402 0.109070
v 0.143231 89.891960 -0.093777
v 0.167406 89.931007 -0.283766
v 0.184825 89.942627 -0.477328
v 0.195850 89.951881 -0.678198
v 0.194145 89.995407 -0.900655
v 0.174526 90.203461 -1.151385
v 0.154378 90.120842 -1.382066
v 0.021544 90.144554 0.627194
v 0.042606 90.146034 0.379894
v 0.074520 90.151581 0.190572
v 0.134885 90.121033 -0.056509
v 0.201607 90.131264 -0.273353
v 0.224384 90.129890 -0.458741
v 0.234370 90.137756 -0.644579
v 0.230304 90.154953 -0.873649
v 0.202342 90.285110 -1.104056
v 0.180558 90.283211 -1.401185
v 0.067493 90.320625 0.233570
v 0.111649 90.433662 0.014767
v 0.174164 90.296806 -0.284187
v 0.226761 90.281837 -0.463626
v 0.221465 90.293365 -0.627911
v 0.201591 90.296532 -0.851259
v 0.127293 90.333092 -0.600732
v 0.167220 90.317146 -0.470174
v 0.126558 90.337860 -0.350750
v -0.000000 90.409470 -0.294057
v -0.000025 90.356850 -0.676547
v -0.002152 90.476761 -1.375037
v 0.001249 90.365196 -1.298962
v 0.023821 90.481026 -1.474802
v 0.048451 90.468605 -1.568901
v 0.040873 90.443245 -1.688136
v 0.073165 90.418205 -1.842298
v 0.050959 90.419846 -2.034577
v 0.080887 90.405518 -2.236579
v 0.072305 90.388107 -2.418720
v 0.071139 90.382050 -2.568201
v 0.034557 90.421875 -2.690177
v 0.021340 90.462959 -2.756933
v 0.020717 90.483559 -2.771141
v 0.042237 90.412971 -1.419161
v 0.073164 90.404129 -1.549608
v 0.072690 90.351891 -1.657936
v 0.094001 90.353722 -1.818483
v 0.080650 90.321129 -2.037463
v 0.100539 90.325470 -2.243911
v 0.096584 90.311874 -2.430832
v 0.070179 90.322426 -2.577785
v 0.070246 90.332321 -2.675115
v 0.046095 90.331421 -2.801493
v 0.000000 90.339584 -2.888772
v -0.000000 90.256546 0.994997
v -0.000000 90.302467 0.662744
v -0.000000 90.314171 0.442126
v -0.000000 90.369316 0.274006
v -0.000000 90.477173 0.048536
v 0.016975 90.169098 0.963183
v 0.049914 90.283310 0.388621
v 0.024816 90.245209 0.650377
v 0.016437 90.216469 0.971316
v 0.001895 90.214424 1.097199
v 0.000820 90.224098 1.146847
v 0.000671 90.186157 1.167782
v -0.000000 90.465210 -0.172750
v 0.118391 89.977371 -1.781043
v 0.107809 89.940979 -2.024876
v 0.097136 89.923698 -2.306152
v 0.056100 90.141212 -2.618087
v 0.034807 90.268250 -2.793696
v 0.024566 90.417885 -3.051387
v 0.014080 90.418289 -3.024122
v 0.381239 90.329063 0.778497
v 0.395603 90.388374 0.619578
v 0.411545 90.461136 0.406682
v 0.426028 90.411484 0.064719
v 0.424181 90.357498 -0.336824
v 0.330547 90.213608 -0.945687
v 0.316876 90.207657 -1.140547
v 0.277667 90.214577 -1.356620
v 0.220593 90.157913 -1.732522
v 0.213974 90.090355 -1.988042
v 0.205403 90.033478 -2.344233
v 0.176385 90.258217 -2.547260
v 0.136986 90.200317 -1.790902
v 0.123592 90.163002 -2.028804
v 0.111905 90.129288 -2.275473
v 0.082909 90.228012 -2.599250
v 0.013528 90.360100 -2.939257
v 0.006140 90.423714 -3.001193
v 0.011680 90.434929 -3.068903
v 0.016154 90.436600 -3.035494
v 0.013196 90.440582 -3.011338
v 0.049323 90.295647 -2.842949
v 0.022027 90.360977 -2.906064
v 0.004496 90.396072 -2.964905
v 0.011046 90.407089 -2.976245
v 0.005751 90.328804 -2.890673
v 0.003736 90.483147 -2.772887
v 0.016606 90.327332 -2.867433
v 0.018031 90.481133 -2.771024
v 0.107953 90.337334 -0.831564
v 0.080421 90.370049 -1.350655
v 0.112121 90.351318 -1.502146
v 0.113378 90.305122 -1.639126
v 0.122557 90.296883 -1.786267
v 0.112419 90.258293 -2.025760
v 0.098506 90.360916 -1.042211
v 0.171198 90.323524 -1.086291
v 0.156903 90.354248 -1.254633
v 0.159827 90.248627 -1.598945
v 0.138639 90.062317 -1.570875
v 0.104656 89.806816 -1.525741
v 0.107856 89.621117 -1.528315
v 0.137670 89.603302 -1.527704
v 0.079887 90.270744 -2.686768
v 0.056006 90.220055 -2.689103
v 0.029686 90.165604 -2.689965
v 0.041136 90.071983 -2.709863
v 0.072249 90.001518 -2.734084
v 0.103751 90.153488 -2.459792
v 0.085971 90.015594 -2.484807
v 0.052846 89.916801 -2.489389
v 0.070356 89.838028 -2.517938
v 0.092168 89.789871 -2.533091
v 0.114183 90.242279 -2.248928
v 0.105426 90.242752 -2.440607
v 0.058897 90.271248 -2.589631
v 0.084090 90.298111 -2.681472
v 0.053292 90.302406 -2.815469
v 0.024206 90.353905 -2.880510
v 0.009404 90.365486 -2.919320
v 0.007660 90.368401 -2.924514
v 0.187064 89.652573 -1.518905
v 0.207309 89.774696 -1.514187
v 0.218868 89.924629 -1.514693
v 0.236080 90.120644 -1.519620
v 0.134448 89.778839 -2.503846
v 0.174828 89.831680 -2.458589
v 0.107647 90.024895 -2.744947
v 0.157642 90.319443 -2.877157
v 0.079323 90.497940 -3.083767
v 0.000288 90.520226 -3.246874
v 0.134449 90.083931 -2.721154
v 0.099760 90.966248 -4.703832
v 0.212955 91.029190 -4.809927
v 0.226652 91.098793 -4.909889
v 0.104619 91.340973 -5.087304
v 0.045533 91.424812 -5.124324
v 0.329510 91.041122 -2.600088
v 0.571399 91.234024 -2.546326
v 0.723451 91.464104 -2.440819
v 0.396423 91.014580 -2.409166
v 0.666445 91.192345 -2.323588
v 0.827511 91.435928 -2.210978
v 0.430715 91.007622 -2.123791
v 0.719353 91.176781 -1.990984
v 0.893010 91.397903 -2.032992
v 0.252543 91.064873 -2.680760
v 0.172901 91.025513 -2.658407
v 0.080876 91.017601 -2.689385
v 0.452144 91.262428 -2.708665
v 0.316762 91.290466 -2.760653
v 0.164001 91.281204 -2.730840
v 0.585165 91.511154 -2.690319
v 0.413556 91.552422 -2.709608
v 0.212440 91.549515 -2.709581
v 0.443102 90.998840 -1.966944
v 0.735838 91.119202 -1.720015
v 0.923502 91.349472 -1.600371
v 0.424818 90.970543 -1.536297
v 0.705102 91.129059 -1.363134
v 0.906785 91.349442 -1.208369
v 0.396477 90.989693 -1.220571
v 0.636973 91.142975 -1.006495
v 0.852294 91.355347 -0.807174
v 0.323142 90.993462 -0.959571
v 0.544087 91.140152 -0.680527
v 0.751651 91.338593 -0.399100
v 0.244199 91.012283 -0.735158
v 0.415753 91.151413 -0.381692
v 0.589802 91.344681 -0.007574
v 0.132721 91.033058 -0.560641
v 0.234074 91.186295 -0.133632
v 0.339426 91.378120 0.302487
v -0.000000 91.037834 -0.477808
v 0.451895 91.711296 0.706544
v 0.744869 91.666138 0.284199
v 0.907861 91.649704 -0.183428
v 0.987719 91.653511 -0.640372
v 1.015499 91.654678 -1.078649
v 0.998992 91.655296 -1.490072
v 0.938633 91.695953 -1.915673
v 0.861663 91.713913 -2.247139
v 0.753965 91.722107 -2.390146
v 0.606508 91.778107 -2.507103
v 0.422846 91.795479 -2.623238
v 0.215334 91.786003 -2.634547
v 0.515251 92.167435 0.862528
v 0.801111 92.073547 0.407941
v 0.941988 92.030510 -0.088512
v 1.002101 92.014587 -0.545908
v 1.003299 91.997284 -0.988684
v 0.963491 91.978989 -1.394732
v 0.884993 91.961723 -1.746416
v 0.797894 91.949638 -2.045225
v 0.691620 91.946251 -2.312259
v 0.549186 91.967003 -2.373765
v 0.375608 91.983505 -2.488283
v 0.195921 92.006180 -2.503808
v 0.000000 92.008118 -2.533678
v 0.483985 92.571327 0.709953
v 0.741119 92.437004 0.346449
v 0.856409 92.382645 -0.082150
v 0.900237 92.344551 -0.513275
v 0.888355 92.300041 -0.926626
v 0.822492 92.252792 -1.313488
v 0.753346 92.210556 -1.635197
v 0.678573 92.178337 -1.903723
v 0.589066 92.157715 -2.115161
v 0.468846 92.202126 -2.213450
v 0.334507 92.198280 -2.299404
v 0.183996 92.257797 -2.302138
v -0.000000 92.293266 -2.277594
v 0.436362 92.799187 0.381043
v 0.647264 92.657867 0.227247
v 0.684839 92.668930 -0.073343
v 0.702570 92.646347 -0.476509
v 0.668366 92.589958 -0.877450
v 0.622492 92.510727 -1.229916
v 0.564817 92.432198 -1.525209
v 0.520271 92.352554 -1.794799
v 0.502977 92.283669 -1.983159
v 0.401362 92.323730 -1.998680
v 0.316405 92.319176 -2.088877
v 0.203748 92.423309 -1.961090
v 0.052521 90.685913 -1.745458
v 0.091173 90.679604 -1.921893
v 0.065165 90.727531 -1.983303
v 0.102700 90.735725 -2.200265
v 0.093503 90.741486 -2.417378
v 0.091717 90.763824 -2.539850
v 0.053362 90.778831 -2.600493
v 0.033981 90.792854 -2.649476
v 0.028988 90.801453 -2.671993
v 0.012876 90.811020 -2.687967
v -0.000000 90.811386 -2.688352
v 0.069005 90.670235 -1.592225
v 0.030708 90.680885 -1.461387
v -0.021537 93.002258 0.045842
v 0.000000 92.998260 -0.348413
v -0.000000 92.943108 -0.706475
v 0.000000 92.862366 -1.034775
v 0.000000 92.754089 -1.339989
v 0.000000 92.636909 -1.611581
v 0.418478 92.882225 -0.036907
v 0.401315 92.883148 -0.440748
v 0.382682 92.825310 -0.790247
v 0.349813 92.744484 -1.120542
v 0.316359 92.647987 -1.399686
v 0.296968 92.505722 -1.750046
v 0.674808 89.563789 -3.440170
v 0.498832 89.720055 -3.954984
v 0.821622 89.380325 -5.113639
v 0.585356 89.656631 -4.617651
v 0.606149 89.758072 -5.100672
v 0.412464 90.810158 -6.373677
v 0.832919 89.461456 -4.585531
v 0.973347 89.432518 -2.751633
v 0.121198 90.322517 2.458148
v 0.085829 90.443291 2.658829
v 0.081556 90.486710 2.838652
v 0.240949 90.333954 2.083670
v 0.298845 90.386986 1.826846
v 0.307228 90.365875 1.575860
v 0.352807 90.345978 1.210913
v 0.371114 90.359795 1.055238
v 0.390137 90.417252 1.033751
v 0.397238 90.502449 0.909097
v 0.433444 90.499725 0.143125
v 0.444754 90.467567 -0.330505
v 0.397615 90.336159 -0.956138
v 0.167919 90.081421 -2.598787
v 0.167280 90.195183 -2.732393
v 0.000004 93.560036 7.336880
v -0.003016 92.026161 5.904492
v -0.000296 91.165344 4.363655
v -0.024679 90.120750 2.125829
v -0.019319 90.101738 1.946587
v -0.000003 90.472336 -0.502933
v 0.000001 91.964806 -5.978689
v -0.000774 91.616661 -5.498902
v 0.000000 91.287094 -4.581843
v 0.003808 90.124619 -3.485346
v 0.003753 90.069870 -3.701286
v 0.004091 90.109924 -4.179190
v -1.925050 98.764404 9.252347
v -4.536449 98.440872 8.785700
v -1.608384 96.107224 8.459692
v -3.495501 95.420654 7.990032
v -5.024482 95.119736 7.302629
v -1.882472 94.518623 7.639635
v -3.676694 93.940865 7.172252
v -4.327923 93.759933 6.921112
v -1.520123 93.199631 7.202690
v -3.013937 92.504158 6.621412
v -3.643445 92.246758 6.478636
v -0.228856 91.595818 4.857522
v -0.354312 90.962936 3.291950
v -0.349668 90.687737 2.485827
v -0.364313 90.489609 1.668612
v -0.392929 90.401535 0.754778
v -0.434339 90.392715 -0.204254
v -0.424689 90.461540 -0.539929
v -0.412101 90.448540 -1.008232
v -0.408775 90.481255 -1.583833
v -0.352948 90.492752 -2.145314
v -0.317896 90.547165 -2.670791
v -0.089292 90.603966 -3.173017
v -0.341708 91.843155 6.080016
v -0.245978 91.067680 5.256207
v -0.217431 90.503738 4.473065
v -0.161581 90.085983 3.623857
v -0.160720 89.813721 2.897377
v -0.166988 89.676971 2.120697
v -0.185613 89.597855 1.285412
v -0.225840 89.599365 0.553037
v -0.242161 89.550362 -0.305944
v -0.199362 89.608345 -1.075905
v -0.163744 89.718086 -1.820917
v -0.173536 89.761879 -2.542065
v -0.104181 90.048721 -3.312927
v -2.488309 91.175262 5.749816
v -2.306630 90.132027 4.296861
v -1.988515 89.716393 3.117902
v -1.656474 89.494850 1.666293
v -1.606644 89.544785 0.444602
v -1.533581 89.425339 -0.296622
v -1.449122 89.353432 -1.094954
v -1.234611 89.368248 -1.964016
v -0.286196 89.785652 -3.624592
v -1.217772 91.646759 6.108457
v -1.121919 90.832886 5.131834
v -1.087043 90.264503 4.274107
v -1.115159 89.948601 3.461722
v -1.122720 89.700798 2.752512
v -1.100139 89.629562 2.049115
v -1.072382 89.518227 1.149738
v -1.004524 89.501442 0.418295
v -0.921046 89.526863 -0.419006
v -0.846772 89.543594 -1.203740
v -0.308616 91.482048 5.088773
v -0.127485 90.561905 3.333894
v -0.093853 90.446060 2.619218
v -0.080187 90.177315 1.763020
v -0.151404 90.049797 0.875703
v -0.268420 89.984039 -0.497097
v -0.365733 90.034363 -0.523307
v -0.421604 90.077133 -1.068761
v -0.434290 90.129738 -1.754902
v 0.001620 90.137901 -4.855553
v -0.180175 90.067543 -4.903979
v -0.457205 90.256302 -5.200350
v -0.498349 90.447929 -5.451778
v -0.341558 91.104866 -5.952219
v -0.167499 91.649757 -6.087383
v -0.263848 89.911064 -4.211428
v -0.512236 89.941315 -5.107521
v -0.532186 90.126945 -5.389998
v -0.369148 90.911591 -6.187982
v -0.186141 91.695290 -6.307095
v -0.985718 89.835487 -7.278885
v -0.436700 91.577347 -7.269698
v -1.685113 88.548424 -4.483980
v -1.792888 88.828217 -3.488449
v -1.747139 89.131165 -1.744259
v -2.913606 90.905670 5.777131
v -2.107691 89.605385 2.549508
v -1.848241 89.425819 1.324249
v -0.027092 90.103920 1.935046
v -0.067759 90.148285 1.889714
v -0.084597 90.208847 1.801545
v -0.093147 90.221596 1.705966
v -0.037681 90.139755 1.907803
v -0.043639 90.165657 1.840760
v -0.017183 90.125267 1.930815
v -0.010831 90.125877 1.934064
v -0.035758 90.213463 1.766750
v -0.000303 90.217911 1.751667
v -0.025042 90.065079 1.907744
v -0.029407 90.056770 1.896666
v -0.050574 90.047989 1.879998
v -0.072652 90.046989 1.765770
v -0.098256 90.079834 1.676261
v -0.179145 90.058212 1.581408
v -0.219649 90.129944 1.424358
v -0.260402 90.197121 1.275715
v -0.293260 90.212311 1.103721
v -0.307239 90.188530 0.911983
v -0.317266 90.169250 0.684916
v -0.375763 90.214470 0.354398
v -0.391755 90.251778 0.159119
v -0.399488 90.312187 -0.009562
v -0.168316 90.153496 1.467380
v -0.190068 90.158806 1.271459
v -0.227718 90.107391 1.118816
v -0.258487 90.083549 0.895274
v -0.265061 90.074471 0.657749
v -0.286375 90.017067 0.430132
v -0.000046 90.738518 3.335565
v -0.045038 90.139717 2.179873
v -0.101033 90.731544 3.225551
v -0.059895 91.131729 4.257100
v -0.048696 90.214928 1.604633
v -0.059262 90.125793 1.399092
v -0.120856 89.980286 1.202636
v -0.169916 89.771408 0.892857
v -0.190910 89.673462 0.652903
v -0.216114 89.581795 0.227998
v -0.228659 89.533752 -0.073497
v -0.207180 89.533661 -0.331961
v -0.183937 89.564560 -0.556090
v -0.162736 89.689850 -0.939051
v -0.143006 89.853210 -1.172228
v -0.067218 89.499565 -1.741995
v -0.115521 89.466110 -2.058411
v -0.047902 89.925865 -2.647078
v -0.127285 89.700569 -1.362253
v -0.059897 90.099998 2.096136
v -0.143308 90.062790 2.008169
v -0.190523 90.077225 1.902664
v -0.241626 90.092880 1.749703
v -0.273025 90.170288 1.553481
v -0.288455 90.265503 1.420001
v -0.315075 90.310143 1.286853
v -0.331874 90.281509 1.104626
v -0.357595 90.284607 0.901872
v 0.039648 91.630951 5.354245
v -0.079708 91.581085 5.278903
v -0.152724 91.563896 5.082833
v 0.047852 91.320686 4.923036
v -0.066863 91.301926 4.834229
v -0.138027 90.690994 2.988761
v -0.154464 91.056587 3.583945
v -0.152192 91.358078 4.655594
v -0.116286 90.193436 1.601717
v -0.146672 90.154114 1.493995
v -0.162113 90.106590 1.349581
v -0.202250 90.024704 1.192131
v -0.232494 89.970436 0.992492
v -0.250592 89.935165 0.764765
v -0.270360 89.861038 0.560048
v -0.142966 89.875351 1.046158
v -0.051805 90.105835 -2.837065
v -0.034884 90.319923 -2.966046
v -0.256691 89.645348 0.259518
v -0.221275 89.719414 0.642418
v -0.214376 89.805862 0.926446
v -0.185611 89.893936 1.063166
v -0.260637 89.599342 -0.079996
v -0.265186 89.599678 -0.305996
v -0.232604 89.618324 -0.531943
v -0.211959 89.708603 -0.938219
v -0.182646 89.872169 -1.166429
v -0.169310 89.721672 -1.365565
v -0.134721 89.530197 -1.726620
v -0.150784 89.490021 -2.041177
v -0.105252 89.917053 -2.639688
v -0.171057 89.616051 -0.748786
v -0.230755 89.641502 -0.737005
v -0.162054 89.991554 1.225509
v -0.137485 90.112045 1.403313
v -0.360071 90.174400 0.524487
v -0.328047 89.954788 0.210026
v -0.283188 89.798866 0.281608
v -0.000524 92.821220 6.747811
v -0.001470 92.220055 6.062244
v -0.096267 91.984146 5.799107
v -0.157306 92.159523 5.992517
v -0.188375 91.920219 5.231071
v -0.315957 92.010147 5.718813
v -0.213605 92.254486 6.160818
v -0.001700 92.448112 6.296119
v -0.290846 92.752487 6.843270
v -0.153902 92.686539 6.514741
v -0.000033 93.202354 7.024490
v -0.335971 89.961121 0.049791
v -0.336497 89.945229 -0.193357
v -0.301557 89.947083 -0.465870
v -0.303869 89.749008 -0.022025
v -0.282883 89.737717 -0.252311
v -0.272135 89.759422 -0.477596
v -0.167445 89.593369 -2.340424
v -0.122842 89.586937 -2.376137
v -0.258961 89.763428 -0.697603
v -0.238282 89.804169 -0.919719
v -0.204585 89.964600 -1.150323
v -0.185941 89.835503 -1.349584
v -0.198615 89.677353 -1.706955
v -0.137609 89.596420 -2.008904
v -0.184061 89.665276 -2.275370
v -0.135992 89.987976 -2.628139
v -0.778368 89.634048 -1.919982
v -0.641664 89.713768 -2.589312
v -0.289155 89.788147 -3.335385
v -0.400725 90.231026 -2.249962
v -0.329681 90.410446 -2.741744
v -0.118601 90.374802 -3.324764
v -0.061824 90.458954 -3.092615
v -0.036492 90.436012 -3.080729
v -0.102818 90.123047 -2.859728
v -0.066959 90.331306 -2.986151
v -0.195039 91.808769 -6.593602
v -0.170063 90.619308 -4.810649
v -0.364602 90.756050 -4.994967
v -0.387994 90.930550 -5.162363
v -0.144223 91.351883 -5.424657
v -0.065734 91.517914 -5.486271
v -0.191907 90.315071 -4.928930
v -0.526278 90.490791 -5.158157
v -0.541449 90.686562 -5.364391
v -0.299575 91.217972 -5.762234
v -0.141488 91.606323 -5.872232
v -0.122980 90.243675 -2.869004
v -0.089992 90.359383 -2.990093
v -0.017504 90.142937 1.354305
v -0.074270 89.987289 1.198764
v -0.106042 89.883766 1.016351
v -0.126057 89.777328 0.832975
v -0.149586 89.677757 0.587889
v -0.178541 89.577263 0.163784
v -0.173482 89.537209 -0.110152
v -0.161756 89.535500 -0.340574
v -0.148412 89.568756 -0.557060
v -0.138998 89.633911 -0.747411
v -0.127167 89.700752 -0.936383
v -0.120109 89.851540 -1.168076
v -0.101998 89.725296 -1.356479
v -0.046757 89.535400 -1.736009
v -0.075624 89.477081 -2.059515
v -0.086273 89.604836 -2.363661
v -0.020591 89.978195 -2.638482
v -0.025043 90.164154 -2.818353
v -0.015928 90.320625 -2.951519
v -0.000041 90.366119 -0.391606
v -0.034330 90.371796 -0.426721
v -0.055464 90.367516 -0.480211
v -0.037414 90.359604 -0.540225
v -0.000010 90.359528 -0.565453
v -0.000156 90.370209 -0.358887
v -0.078483 90.370529 -0.393830
v -0.113359 90.355354 -0.477310
v -0.086693 90.356255 -0.567636
v -0.263930 89.956993 -0.762944
v -0.252477 89.959076 -0.946055
v -0.229429 90.068054 -1.138323
v -0.210832 89.949280 -1.340218
v -0.204988 89.821808 -1.696953
v -0.201113 89.740738 -1.964334
v -0.192403 89.742577 -2.229550
v -0.358664 90.231781 -0.350829
v -0.299315 90.089172 -0.949896
v -0.282246 90.201233 -1.145605
v -0.257830 90.074234 -1.345532
v -0.220618 89.951660 -1.706381
v -0.210529 89.881981 -1.969685
v -0.191162 89.894745 -2.371621
v -0.346395 90.872643 3.098927
v -0.360603 90.717102 2.383590
v -0.381037 90.574409 1.631283
v -0.408703 90.561417 0.591740
v -0.474582 90.570084 -0.317901
v -0.362588 90.324043 -1.291409
v -0.258182 90.345901 -1.550382
v -0.203084 90.345596 -2.005492
v -0.275971 90.663696 2.587606
v -0.319692 90.721405 2.302504
v -0.348295 90.528709 1.616604
v -0.170980 90.508949 2.573474
v -0.314507 90.509132 2.034274
v -0.334567 90.428284 1.487603
v -0.098927 89.806129 0.473564
v -0.114015 89.739815 0.124797
v -0.114352 89.707443 -0.119537
v -0.119942 89.736824 -0.320448
v -0.123363 89.749542 -0.512927
v -0.131468 89.781044 -0.698825
v -0.127480 89.832611 -0.910671
v -0.112668 90.000038 -1.148824
v -0.105702 89.906456 -1.351041
v -0.093175 89.702354 -1.729409
v -0.085605 89.615601 -2.018929
v -0.071821 89.701790 -2.339585
v -0.027215 90.087303 -2.621609
v -0.017081 90.227592 -2.807833
v -0.006270 90.340752 -2.945987
v -0.004617 90.163864 1.278363
v -0.028025 90.007950 1.139495
v -0.072182 89.963509 0.976155
v -0.091273 89.898666 0.716472
v -0.072108 90.068665 0.970881
v -0.078616 90.001968 0.668126
v -0.092793 89.958893 0.401946
v -0.111011 89.908012 0.108642
v -0.144238 89.893097 -0.096063
v -0.167597 89.931732 -0.285463
v -0.187977 89.943649 -0.478132
v -0.202137 89.952225 -0.676300
v -0.196914 89.994720 -0.899047
v -0.179026 90.203743 -1.148154
v -0.157724 90.121750 -1.379493
v -0.004667 90.142845 0.625875
v -0.039254 90.145683 0.378953
v -0.113747 90.121750 0.155520
v -0.134854 90.121262 -0.057094
v -0.206561 90.132240 -0.273037
v -0.231421 90.130707 -0.456866
v -0.243463 90.137352 -0.641153
v -0.235538 90.153831 -0.868795
v -0.212568 90.287437 -1.097956
v -0.191183 90.288887 -1.390708
v -0.065935 90.320488 0.233085
v -0.112012 90.433487 0.015397
v -0.174083 90.296944 -0.284570
v -0.229785 90.282143 -0.462720
v -0.222612 90.293411 -0.627561
v -0.201978 90.296051 -0.850675
v -0.126407 90.333214 -0.601367
v -0.167745 90.317192 -0.470013
v -0.126981 90.337669 -0.350035
v -0.004848 90.321198 -1.181522
v -0.000221 90.373787 -1.021003
v -0.068950 90.446167 -1.559970
v -0.030367 90.436935 -1.693854
v -0.072511 90.427147 -1.844839
v -0.048662 90.434593 -2.037208
v -0.075722 90.407280 -2.236372
v -0.076881 90.386841 -2.418962
v -0.072915 90.381783 -2.568339
v -0.027714 90.419701 -2.689022
v -0.020689 90.463028 -2.756876
v -0.053534 90.410858 -1.417875
v -0.090244 90.386475 -1.524905
v -0.049852 90.349144 -1.685516
v -0.090284 90.366905 -1.821969
v -0.075977 90.333260 -2.039330
v -0.095098 90.325912 -2.243416
v -0.095014 90.311096 -2.430513
v -0.066866 90.321808 -2.577310
v -0.066556 90.331429 -2.674546
v -0.044766 90.333351 -2.801729
v -0.003635 90.167824 0.962421
v -0.046227 90.282944 0.387536
v -0.020965 90.244286 0.650269
v -0.001456 90.215363 0.970805
v 0.000023 90.214241 1.096806
v 0.000491 90.185905 1.167189
v 0.000186 90.205238 1.237519
v -0.112788 89.977890 -1.775030
v -0.098925 89.940880 -2.023649
v -0.081639 89.922508 -2.304266
v -0.033285 90.142036 -2.616542
v -0.034369 90.269043 -2.793136
v -0.000353 90.354988 -0.811932
v -0.022878 90.421516 -3.053082
v -0.009491 90.431625 -3.035234
v -0.376946 90.327141 0.775562
v -0.392452 90.387169 0.616949
v -0.410173 90.462006 0.401949
v -0.421410 90.409248 0.058921
v -0.421297 90.356415 -0.340256
v -0.329805 90.213043 -0.946344
v -0.309704 90.206230 -1.148408
v -0.278244 90.215080 -1.356466
v -0.218532 90.158066 -1.732189
v -0.206546 90.090080 -1.987195
v -0.189757 90.032463 -2.342364
v -0.169129 90.254585 -2.541306
v -0.136799 90.200287 -1.790848
v -0.114995 90.161156 -2.027525
v -0.101672 90.129845 -2.274489
v -0.070968 90.227905 -2.597957
v -0.010627 90.359871 -2.937138
v -0.008328 90.429092 -3.008690
v -0.048255 90.297829 -2.843261
v -0.020672 90.368439 -2.906756
v -0.011046 90.396317 -2.973850
v -0.006530 90.330872 -2.891006
v -0.003249 90.483688 -2.772942
v -0.015999 90.328369 -2.867571
v -0.017486 90.483360 -2.771399
v -0.107594 90.336983 -0.831361
v -0.079992 90.370010 -1.351012
v -0.123135 90.339844 -1.492268
v -0.110533 90.307091 -1.641734
v -0.121195 90.300804 -1.799954
v -0.107968 90.259315 -2.025484
v -0.098500 90.360428 -1.041766
v -0.182207 90.327980 -1.081189
v -0.157641 90.354332 -1.254152
v -0.162169 90.247643 -1.598904
v -0.137683 90.062668 -1.571768
v -0.100300 89.807617 -1.527771
v -0.100406 89.620476 -1.529461
v -0.127573 89.602058 -1.532579
v -0.068540 90.270149 -2.685440
v -0.044569 90.220657 -2.688290
v -0.027887 90.164406 -2.689238
v -0.039166 90.072327 -2.709578
v -0.069012 89.996727 -2.726608
v -0.092069 90.153900 -2.458626
v -0.066586 90.014351 -2.482495
v -0.034666 89.912262 -2.485142
v -0.045368 89.833954 -2.516883
v -0.076753 89.782074 -2.520361
v -0.107120 90.242065 -2.248133
v -0.097391 90.242165 -2.439634
v -0.050975 90.271164 -2.588770
v -0.074207 90.297684 -2.680333
v -0.051811 90.305428 -2.815901
v -0.024206 90.361786 -2.882262
v -0.007660 90.365532 -2.923877
v -0.168568 89.653366 -1.518229
v -0.196287 89.774078 -1.506298
v -0.213166 89.925690 -1.514106
v -0.234660 90.120918 -1.519481
v -0.129288 89.775246 -2.499393
v -0.158689 89.833656 -2.460701
v -0.110932 90.025444 -2.747442
v -0.152627 90.316307 -2.872884
v -0.079037 90.497749 -3.083875
v -0.140613 90.086395 -2.725943
v 0.000000 90.965103 -4.704225
v -0.099760 90.966248 -4.703828
v -0.212955 91.029190 -4.809927
v -0.226652 91.098801 -4.909888
v -0.104737 91.341072 -5.087137
v -0.045785 91.424858 -5.124136
v -0.000108 91.464142 -5.133191
v -0.329510 91.041122 -2.600088
v -0.571399 91.234024 -2.546326
v -0.723451 91.464104 -2.440819
v -0.396424 91.014580 -2.409167
v -0.666445 91.192345 -2.323588
v -0.827511 91.435928 -2.210978
v -0.430715 91.007622 -2.123791
v -0.719352 91.176781 -1.990984
v -0.893010 91.397903 -2.032992
v -0.252543 91.064873 -2.680759
v -0.172901 91.025513 -2.658407
v -0.080876 91.017601 -2.689385
v 0.000000 91.005760 -2.683541
v 0.000000 91.274948 -2.727052
v 0.000000 91.554253 -2.710715
v 0.000000 91.778267 -2.625781
v -0.452144 91.262428 -2.708665
v -0.316761 91.290466 -2.760653
v -0.164001 91.281204 -2.730840
v -0.585165 91.511154 -2.690319
v -0.413556 91.552422 -2.709608
v -0.212440 91.549515 -2.709581
v -0.443101 90.998840 -1.966944
v -0.735838 91.119202 -1.720014
v -0.923502 91.349472 -1.600371
v -0.428065 90.975319 -1.537802
v -0.705102 91.129059 -1.363134
v -0.906785 91.349442 -1.208369
v -0.396478 90.989693 -1.220571
v -0.636973 91.142975 -1.006495
v -0.852295 91.355347 -0.807174
v -0.323141 90.993462 -0.959571
v -0.544087 91.140152 -0.680527
v -0.751650 91.338593 -0.399100
v -0.244199 91.012283 -0.735157
v -0.415753 91.151413 -0.381692
v -0.589802 91.344681 -0.007574
v -0.132720 91.033058 -0.560641
v -0.234074 91.186295 -0.133632
v -0.339425 91.378120 0.302488
v -0.000000 91.216187 -0.020128
v -0.000000 91.427376 0.479326
v 0.007857 91.766296 0.959291
v -0.451895 91.711296 0.706544
v -0.744869 91.666138 0.284199
v -0.907861 91.649704 -0.183428
v -0.987720 91.653511 -0.640372
v -1.015499 91.654678 -1.078649
v -0.998992 91.655296 -1.490072
v -0.938633 91.695953 -1.915673
v -0.861663 91.713913 -2.247139
v -0.753965 91.722107 -2.390146
v -0.606508 91.778107 -2.507103
v -0.422846 91.795479 -2.623238
v -0.215333 91.786003 -2.634547
v -0.000172 92.252098 1.147769
v -0.515251 92.167442 0.862527
v -0.801111 92.073547 0.407941
v -0.941988 92.030510 -0.088512
v -1.002101 92.014587 -0.545908
v -1.003299 91.997284 -0.988684
v -0.963491 91.978989 -1.394732
v -0.884993 91.961723 -1.746416
v -0.797894 91.949638 -2.045225
v -0.691620 91.946251 -2.312259
v -0.549186 91.967003 -2.373765
v -0.375608 91.983505 -2.488284
v -0.195920 92.006180 -2.503808
v 0.000012 92.673744 0.927552
v -0.483985 92.571327 0.709954
v -0.741119 92.437004 0.346449
v -0.856410 92.382645 -0.082150
v -0.900237 92.344551 -0.513275
v -0.888355 92.300041 -0.926626
v -0.822492 92.252792 -1.313488
v -0.753346 92.210556 -1.635197
v -0.678573 92.178337 -1.903723
v -0.589066 92.157715 -2.115161
v -0.468846 92.202126 -2.213450
v -0.334506 92.198280 -2.299403
v -0.183996 92.257797 -2.302138
v 0.000000 92.919235 0.492552
v -0.436362 92.799187 0.381043
v -0.647264 92.657867 0.227247
v -0.684839 92.668930 -0.073343
v -0.702570 92.646347 -0.476509
v -0.668366 92.589958 -0.877450
v -0.622492 92.510727 -1.229916
v -0.564817 92.432198 -1.525209
v -0.520271 92.352554 -1.794799
v -0.502977 92.283669 -1.983159
v -0.401362 92.323730 -1.998680
v -0.316405 92.319176 -2.088877
v -0.203749 92.423309 -1.961090
v 0.000000 92.513916 -1.850741
v -0.052366 90.685921 -1.745535
v -0.090892 90.679642 -1.921878
v -0.064598 90.727547 -1.983246
v -0.101994 90.735748 -2.200193
v -0.092698 90.741516 -2.417298
v -0.090880 90.763855 -2.539767
v -0.052508 90.778870 -2.600409
v -0.033662 90.792938 -2.649458
v -0.028676 90.801529 -2.671976
v -0.007502 90.809990 -2.687191
v -0.068823 90.670227 -1.592312
v -0.001189 90.675415 -1.370668
v -0.418478 92.882225 -0.036907
v -0.401316 92.883148 -0.440748
v -0.382682 92.825310 -0.790247
v -0.349814 92.744484 -1.120542
v -0.316359 92.647987 -1.399686
v -0.296968 92.505722 -1.750046
v -0.674808 89.563789 -3.440170
v -0.498437 89.720062 -3.954695
v -0.821622 89.380333 -5.113639
v -0.585356 89.656631 -4.617651
v -0.606149 89.758072 -5.100672
v -0.412464 90.810158 -6.373677
v -0.832919 89.461456 -4.585531
v -0.973347 89.432518 -2.751633
v -0.120614 90.322662 2.458081
v -0.085706 90.443298 2.658753
v -0.081408 90.486649 2.838392
v 0.000000 90.477142 2.922826
v -0.240752 90.334015 2.083706
v -0.298909 90.386978 1.826868
v -0.306570 90.366074 1.575892
v -0.351079 90.343979 1.215916
v -0.369348 90.359222 1.053563
v -0.388774 90.416740 1.032601
v -0.397415 90.502518 0.909236
v -0.433788 90.500107 0.143082
v -0.445195 90.467743 -0.329951
v -0.359994 90.300407 -0.995912
v -0.165942 90.082695 -2.598633
v -0.166975 90.194611 -2.731960
v -0.032014 90.466118 -1.471855
v -0.030663 90.680885 -1.461409
v 4.536449 98.440872 8.785702
v 6.500307 97.676208 8.224388
v 2.202101 88.058334 -6.079603
v -6.500307 97.676201 8.224388
v -2.202101 88.058334 -6.079603
v 0.770584 97.111458 8.928831
v -0.770584 97.111458 8.928831
v -0.000029 97.095016 8.947225
v 2.396525 96.618416 8.646224
v 2.793351 95.895447 8.246955
v -2.793351 95.895447 8.246956
v -2.396525 96.618416 8.646224
v 6.084653 97.934349 8.394219
v 5.257018 98.190948 8.597608
v 4.303991 95.740959 7.927694
v 4.564439 95.146049 7.546703
v -5.257018 98.190948 8.597608
v -6.084653 97.934349 8.394219
v -4.564439 95.146049 7.546702
v -4.303991 95.740959 7.927695
v 1.860991 97.715614 9.047262
v 4.104559 97.108276 8.489041
v 5.811815 96.421814 7.933926
v -4.104559 97.108276 8.489041
v -1.860991 97.715614 9.047262
v -5.811815 96.421814 7.933926
v 0.853345 97.794838 9.129943
v -0.853345 97.794838 9.129943
v -0.000019 97.757904 9.128431
v 2.645095 97.596298 8.944850
v 3.328132 97.369247 8.794860
v -3.328132 97.369247 8.794860
v -2.645095 97.596298 8.944850
v 4.786572 96.834435 8.252028
v 5.452574 96.592674 7.995128
v -5.452574 96.592674 7.995128
v -4.786572 96.834435 8.252028
v 2.503820 90.184120 4.217046
v -0.000000 96.656807 -7.858854
v -2.503820 90.184120 4.217045
v -0.187853 92.707848 -7.302558
v 0.187853 92.707848 -7.302558
v 1.723756 88.716385 -6.746502
v -1.723756 88.716385 -6.746502
v 0.868888 89.633835 -6.348209
v -0.868888 89.633835 -6.348210
v 1.872009 89.228264 -0.477371
v -1.872009 89.228264 -0.477371
v 2.006484 89.830345 3.759919
v 2.071331 90.085594 4.369323
v 2.125196 90.554512 5.064722
v -2.125196 90.554512 5.064722
v -2.071331 90.085587 4.369324
v -2.006484 89.830345 3.759919
v 1.864508 89.481834 2.486105
v 1.763094 89.395874 1.812201
v 1.741647 89.388351 1.173484
v -1.864508 89.481834 2.486105
v -1.763094 89.395874 1.812201
v -1.741647 89.388351 1.173484
v 1.323597 88.928429 -4.761177
v 1.252527 89.071594 -4.078474
v -1.323597 88.928429 -4.761177
v -1.252527 89.071594 -4.078474
v 1.484499 88.765488 -5.804105
v -1.484499 88.765488 -5.804104
v 0.449686 90.711334 -5.699820
v 0.522341 90.910423 -5.587074
v 0.269793 91.112541 -5.298676
v 0.195200 91.183273 -5.019631
v 0.498837 90.432190 -5.811028
v 0.591049 90.061234 -5.828058
v -0.498840 90.432190 -5.811033
v -0.449686 90.711334 -5.699821
v -0.522341 90.910423 -5.587073
v -0.591049 90.061234 -5.828058
v -0.269793 91.112541 -5.298676
v -0.195200 91.183273 -5.019631
v 0.001930 94.148331 -7.005895
v -0.203691 92.115906 -6.955414
v 0.203676 92.116043 -6.955448
v -0.473043 90.729576 -6.851287
v 0.473044 90.729576 -6.851287
v 1.719176 89.090668 -1.738716
v -1.719176 89.090668 -1.738716
v -1.173233 89.186455 -3.572683
v 1.173233 89.186455 -3.572683
v -1.759604 89.352264 -0.961518
v 1.759604 89.352264 -0.961518
v 1.461386 89.073463 -2.748127
v -1.461386 89.073463 -2.748127
v 0.344727 90.142395 -5.007145
v 0.390639 90.370758 -5.022470
v 0.269945 90.676491 -4.885224
v 0.170049 90.986420 -4.743605
v 0.418736 89.796486 -4.718443
v 0.574948 89.703598 -4.268589
v 0.784797 89.487984 -4.070862
v -0.418734 89.796486 -4.718443
v -0.344728 90.142403 -5.007144
v -0.390640 90.370789 -5.022463
v -0.574948 89.703598 -4.268589
v -0.784797 89.487984 -4.070862
v -0.269946 90.676552 -4.885211
v -0.170049 90.986420 -4.743603
v 0.035256 89.970314 1.149116
v 0.092036 89.925262 0.990807
v 0.108194 89.838852 0.776913
v 0.114849 89.740189 0.530298
v 0.125680 89.654404 0.132969
v 0.131353 89.623199 -0.120939
v 0.131306 89.636642 -0.329901
v 0.110103 89.648941 -0.535874
v 0.101284 89.702049 -0.727527
v 0.101265 89.758232 -0.927955
v 0.103460 89.916656 -1.163960
v 0.003070 90.153679 1.314667
v 0.019337 90.329361 -2.960822
v 0.016676 90.416733 -3.050997
v 0.096573 89.808502 -1.350912
v 0.102894 89.497398 -2.037011
v 0.100085 89.596092 -1.730937
v 0.097355 89.702103 -1.520688
v 0.015058 90.195702 -2.816739
v 0.025762 90.116219 -2.697367
v 0.047434 90.033424 -2.633895
v 0.077291 89.656281 -2.353213
v 0.067130 89.872162 -2.506174
v -0.044347 89.969139 1.145807
v -0.005322 90.153984 1.313079
v -0.096093 89.924202 0.987800
v -0.116371 89.838310 0.775568
v -0.128670 89.741310 0.532738
v -0.144767 89.653854 0.134850
v -0.134497 89.622841 -0.119784
v -0.132289 89.638176 -0.333691
v -0.132331 89.649727 -0.536830
v -0.134447 89.702927 -0.727261
v -0.119553 89.760101 -0.925160
v -0.110459 89.918152 -1.162436
v -0.095098 89.810280 -1.352587
v -0.094402 89.704025 -1.519238
v -0.046895 89.528702 -2.032701
v -0.044645 89.598930 -1.729799
v -0.069292 89.652946 -2.352565
v -0.044611 89.868729 -2.506258
v -0.024292 90.116142 -2.697955
v -0.030703 90.032539 -2.632110
v -0.006236 90.328667 -2.953156
v -0.016354 90.194839 -2.815969
v -0.006220 90.425758 -3.057028
v -0.000537 90.215401 1.455664
v 0.014771 90.432381 -3.057584
v 1.512515 88.860008 -0.186065
v 2.619281 90.219780 4.146852
v 3.171843 91.236809 5.074239
v 3.940315 92.441948 6.103408
v 1.554323 88.507469 -1.990165
v 1.507818 89.229507 1.592893
v 2.094191 89.639847 2.743084
v 7.106489 97.979736 8.371406
v 7.226233 97.687057 8.320100
v 7.138627 97.279648 8.273767
v 7.170548 97.700256 8.327018
v 7.300940 97.338692 8.262343
v 2.774886 88.185051 -4.164996
v 2.114450 88.008698 -4.215398
v 4.845270 93.741585 6.834105
v 2.300648 87.750816 -5.117322
v 2.830441 87.756790 -5.582443
v 6.349923 96.442078 7.987849
v 5.569146 95.032845 7.469261
v 7.557014 97.831978 8.297233
v -1.512515 88.860008 -0.186065
v -2.619281 90.219780 4.146852
v -3.171843 91.236809 5.074239
v -3.940315 92.441948 6.103408
v -1.554323 88.507469 -1.990165
v -1.507818 89.229507 1.592893
v -2.094191 89.639847 2.743084
v -7.106489 97.979736 8.371406
v -7.226233 97.687057 8.320100
v -7.138627 97.279648 8.273767
v -7.170548 97.700256 8.327018
v -7.300940 97.338692 8.262343
v -2.774886 88.185051 -4.164996
v -2.114450 88.008698 -4.215398
v -4.845270 93.741585 6.834105
v -2.300648 87.750816 -5.117322
v -2.830441 87.756790 -5.582443
v -6.349923 96.442078 7.987849
v -5.569146 95.032845 7.469261
v -7.557014 97.831978 8.297233
vn -0.9240 0.3810 0.0310
vn -0.9895 0.0896 0.1136
vn -0.7787 -0.5982 0.1891
vn -0.7801 -0.6239 0.0470
vn -0.9182 0.3704 -0.1404
vn -0.9624 0.2673 -0.0488
vn -0.5758 -0.7570 0.3089
vn -0.9679 -0.0852 0.2363
vn -0.4433 -0.7940 0.4159
vn -0.8930 -0.1900 0.4080
vn -0.5059 -0.6470 0.5705
vn -0.1161 -0.7502 0.6509
vn 0.6709 -0.6768 0.3032
vn 0.5286 -0.7064 0.4707
vn 0.5591 -0.6289 0.5402
vn -0.6527 -0.7568 0.0355
vn -0.7829 -0.6192 0.0613
vn -0.8570 -0.5137 0.0405
vn -0.7821 -0.6157 -0.0963
vn -0.4411 -0.6365 -0.6327
vn 0.0423 -0.4164 -0.9082
vn -0.1988 -0.8124 -0.5482
vn -0.4970 -0.7894 -0.3605
vn -0.2055 -0.9249 -0.3199
vn -0.3732 -0.9216 -0.1069
vn -0.2446 -0.2634 -0.9332
vn 0.5548 0.1350 -0.8209
vn 0.8468 0.2739 -0.4560
vn 0.9768 0.1217 -0.1762
vn 0.9989 0.0459 -0.0113
vn 0.9768 0.1216 -0.1761
vn -0.1130 -0.1629 0.9801
vn -0.1057 -0.1540 0.9824
vn 0.1556 -0.0111 0.9878
vn 0.1091 -0.1269 0.9859
vn 0.0777 -0.2541 0.9640
vn 0.1128 -0.2727 0.9555
vn 0.1041 -0.3452 0.9327
vn 0.0775 -0.3151 0.9459
vn -0.0009 -0.2257 0.9742
vn 0.0225 -0.2287 0.9732
vn 0.0237 -0.2711 0.9623
vn -0.0021 -0.2670 0.9637
vn 0.2490 -0.1856 0.9506
vn 0.3849 -0.1005 0.9175
vn 0.2102 -0.2877 0.9344
vn 0.1809 -0.2831 0.9419
vn 0.1651 -0.2703 0.9485
vn 0.1607 -0.2744 0.9481
vn 0.1408 -0.3068 0.9413
vn 0.1521 -0.2711 0.9505
vn -0.8345 -0.5368 0.1243
vn -0.9889 -0.1252 -0.0797
vn 0.1078 -0.4873 0.8666
vn 0.4039 -0.5535 0.7284
vn -0.0351 -0.3159 0.9482
vn -0.0970 -0.2813 0.9547
vn -0.2356 -0.3045 0.9229
vn 0.0054 -0.3986 0.9171
vn 0.6285 0.7699 -0.1107
vn 0.8059 0.5915 -0.0262
vn 0.8819 -0.4454 0.1546
vn 0.1573 0.9467 -0.2811
vn 0.9261 0.3561 -0.1245
vn 0.9112 0.3925 -0.1255
vn 0.5619 -0.7562 0.3354
vn 0.9324 -0.2050 0.2977
vn -0.1843 -0.9153 0.3581
vn -0.5065 -0.7209 0.4731
vn -0.8218 -0.5569 0.1201
vn -0.7500 -0.6503 0.1210
vn -0.3757 -0.5593 0.7389
vn -0.5883 -0.5751 0.5685
vn 0.9019 -0.2650 0.3412
vn 0.7779 -0.6246 -0.0690
vn 0.7602 -0.6479 -0.0483
vn 0.7924 -0.5936 0.1406
vn 0.6479 -0.7493 0.1367
vn 0.5806 -0.6975 -0.4200
vn 0.5420 -0.8028 -0.2485
vn 0.3413 -0.8698 -0.3562
vn 0.3772 -0.6826 -0.6259
vn 0.5310 -0.8195 -0.2154
vn 0.2370 -0.9281 -0.2872
vn 0.5347 -0.4159 -0.7356
vn 0.1010 -0.2802 -0.9546
vn 0.3444 -0.0916 -0.9343
vn -0.5417 0.1424 -0.8284
vn -0.9381 0.1290 -0.3213
vn -0.9841 0.0373 -0.1734
vn 0.2394 -0.1779 0.9545
vn 0.0360 -0.1106 0.9932
vn 0.0331 -0.0582 0.9978
vn 0.2384 -0.2672 0.9337
vn -0.0781 -0.2315 0.9697
vn -0.0726 -0.2681 0.9607
vn -0.1220 -0.2536 0.9596
vn -0.1230 -0.2258 0.9664
vn -0.0274 -0.2672 0.9633
vn -0.0262 -0.2286 0.9732
vn -0.2622 -0.0772 0.9619
vn -0.3289 0.1824 0.9266
vn -0.2009 -0.2003 0.9589
vn -0.2151 -0.0808 0.9732
vn -0.1711 -0.2564 0.9513
vn -0.1703 -0.2306 0.9580
vn -0.1767 -0.2256 0.9581
vn -0.1726 -0.2465 0.9536
vn 0.4754 -0.8291 0.2944
vn 0.7761 -0.6201 0.1146
vn -0.3214 -0.3840 0.8656
vn -0.1403 -0.4262 0.8937
vn -0.0066 -0.2908 0.9567
vn 0.0006 -0.3280 0.9447
vn -0.0595 -0.4027 0.9134
vn -0.1856 -0.4217 0.8875
vn 0.1057 -0.2867 0.9522
vn 0.1862 -0.3067 0.9334
vn 0.1978 -0.3401 0.9194
vn 0.1674 -0.3642 0.9162
vn 0.0540 -0.3819 0.9226
vn 0.0157 -0.4076 0.9130
vn 0.0537 -0.4038 0.9133
vn 0.1009 -0.3961 0.9127
vn 0.2371 -0.4447 0.8637
vn 0.1931 -0.4345 0.8797
vn 0.0016 -0.5003 0.8659
vn 0.0736 -0.4835 0.8723
vn -0.1647 -0.9858 -0.0325
vn -0.0649 -0.9961 -0.0591
vn -0.7538 -0.6568 -0.0216
vn -0.1209 -0.9914 -0.0495
vn -0.9457 0.3251 -0.0073
vn -0.9578 0.2246 -0.1795
vn -0.9798 0.1966 -0.0367
vn -0.1429 -0.9876 0.0657
vn -0.7134 -0.6998 0.0361
vn -0.9600 0.2583 -0.1078
vn -0.1935 -0.9741 0.1170
vn -0.6862 -0.7231 0.0786
vn -0.9734 0.2245 -0.0452
vn -0.1451 -0.9633 0.2258
vn -0.6990 -0.6979 0.1559
vn -0.9662 0.2527 -0.0507
vn -0.1336 -0.9282 0.3471
vn -0.7272 -0.6375 0.2545
vn -0.9463 0.3147 -0.0737
vn -0.1655 -0.8789 0.4474
vn -0.7734 -0.5520 0.3119
vn -0.9421 0.3129 -0.1205
vn -0.1132 -0.7804 0.6149
vn -0.7715 -0.4758 0.4223
vn 0.4801 -0.8772 0.0019
vn 0.7427 -0.6662 -0.0675
vn 0.9085 0.4134 -0.0608
vn 0.1654 -0.9669 0.1945
vn -0.2637 -0.9605 0.0893
vn 0.5900 -0.8069 -0.0294
vn -0.0234 -0.9992 -0.0337
vn 0.0278 -0.9482 0.3164
vn 0.0669 -0.8989 0.4330
vn 0.1534 -0.8977 0.4130
vn 0.0922 -0.7942 0.6006
vn -0.0806 -0.6792 0.7295
vn -0.0922 -0.7810 -0.6177
vn 0.1742 -0.9140 -0.3664
vn -0.5393 -0.5758 -0.6145
vn -0.3730 0.0007 -0.9278
vn 0.1782 -0.8901 -0.4196
vn -0.7208 -0.5891 -0.3652
vn -0.8974 -0.4270 -0.1116
vn -0.8540 -0.3287 -0.4034
vn -0.7430 -0.6686 -0.0320
vn -0.8033 -0.5645 -0.1898
vn -0.6064 -0.7950 -0.0137
vn -0.1277 -0.9439 -0.3045
vn 0.8328 -0.5251 0.1751
vn 0.8592 -0.4932 0.1361
vn 0.9445 -0.3045 0.1231
vn 0.9409 -0.3122 0.1311
vn 0.8506 -0.5241 -0.0420
vn 0.9086 -0.4111 0.0736
vn 0.5133 -0.7991 -0.3129
vn 0.6909 -0.7097 -0.1378
vn -0.8311 -0.5060 -0.2308
vn -0.3016 -0.9349 -0.1872
vn -0.2856 -0.9462 0.1519
vn -0.2533 -0.9500 0.1824
vn -0.8987 -0.4338 -0.0645
vn 0.2981 -0.8206 0.4877
vn 0.8415 -0.4235 0.3356
vn 0.7973 -0.5415 0.2667
vn 0.9415 -0.2845 0.1808
vn 0.9130 -0.2526 0.3204
vn 0.4465 -0.7071 0.5483
vn 0.9473 -0.2622 0.1839
vn 0.5554 -0.6980 0.4521
vn 0.9618 -0.2494 0.1125
vn 0.7410 -0.5988 0.3038
vn 0.9509 -0.2725 0.1469
vn 0.8962 -0.4168 0.1519
vn 0.9812 -0.1698 0.0916
vn 0.8708 -0.4619 0.1684
vn -0.0547 -0.6559 0.7529
vn 0.5470 -0.7709 0.3263
vn 0.7020 -0.6570 0.2747
vn 0.8866 -0.4082 0.2174
vn 0.6492 -0.6242 0.4346
vn -0.9977 0.0569 0.0364
vn 0.9164 -0.3439 0.2048
vn 0.3016 -0.7738 0.5571
vn -0.8939 -0.4225 0.1497
vn -0.7137 -0.6410 0.2823
vn -0.9951 0.0989 0.0094
vn -0.7252 -0.5011 0.4721
vn -0.4470 -0.7487 0.4896
vn -0.6100 -0.5957 0.5225
vn -0.3995 -0.5611 0.7250
vn -0.4007 -0.5920 0.6993
vn 0.9712 -0.2301 0.0624
vn 0.9710 -0.2233 0.0857
vn 0.8878 -0.4486 0.1026
vn 0.9766 -0.1964 -0.0882
vn 0.9738 -0.2273 -0.0016
vn 0.9576 -0.2807 -0.0647
vn 0.9609 -0.2489 -0.1215
vn 0.9791 -0.1997 0.0396
vn 0.9611 -0.2751 0.0248
vn 0.8924 -0.4510 0.0121
vn 0.8688 -0.4832 -0.1084
vn 0.8131 -0.5541 -0.1786
vn 0.9741 -0.1781 -0.1391
vn 0.9748 -0.2022 -0.0942
vn 0.7592 -0.6153 -0.2122
vn 0.7707 -0.5536 -0.3156
vn -0.1174 -0.9886 -0.0940
vn -0.2675 -0.9604 -0.0776
vn -0.3777 -0.9228 0.0754
vn -0.9761 0.2058 0.0697
vn -0.8836 0.4597 0.0891
vn -0.1169 -0.9878 -0.1030
vn -0.3611 -0.9320 -0.0300
vn -0.9181 -0.3745 0.1295
vn -0.5767 -0.8158 0.0443
vn -0.9760 0.1561 0.1516
vn -0.8903 0.4016 0.2146
vn -0.9619 -0.0249 0.2722
vn -0.7969 -0.3088 0.5192
vn -0.8942 -0.1867 0.4069
vn -0.9193 -0.0323 -0.3923
vn -0.7589 -0.3044 -0.5757
vn -0.6872 0.1923 -0.7006
vn -0.9292 0.0281 -0.3685
vn -0.9773 -0.2041 -0.0568
vn -0.9999 -0.0040 0.0142
vn -0.8994 -0.4363 -0.0262
vn -0.9582 -0.2771 0.0711
vn -0.9705 -0.1140 0.2122
vn -0.9369 -0.3348 0.1007
vn -0.7874 -0.4912 -0.3724
vn -0.9113 -0.3162 -0.2638
vn -0.7150 -0.6976 0.0455
vn -0.2529 -0.8226 0.5093
vn -0.2102 -0.8071 0.5518
vn -0.2484 -0.8430 0.4771
vn -0.0492 -0.8867 0.4597
vn 0.2229 -0.9294 0.2942
vn 0.3619 -0.9137 0.1848
vn 0.4260 -0.9026 0.0618
vn 0.3865 -0.9168 -0.1006
vn 0.1749 -0.9529 -0.2476
vn -0.0036 -0.9461 -0.3240
vn 0.0835 -0.8799 -0.4678
vn 0.0440 -0.9987 0.0262
vn 0.8280 -0.5598 0.0333
vn 0.9849 -0.1600 -0.0668
vn 0.9108 -0.3813 0.1583
vn 0.9048 -0.4118 -0.1081
vn 0.9970 -0.0719 -0.0281
vn 0.9973 -0.0655 0.0336
vn 0.9970 -0.0745 -0.0204
vn 0.9974 -0.0722 0.0077
vn 0.9678 -0.2292 -0.1039
vn 0.9625 -0.2319 -0.1409
vn 0.9761 -0.2018 -0.0803
vn -0.7821 0.5706 -0.2505
vn -0.8463 0.5087 -0.1582
vn -0.9172 0.3902 -0.0812
vn -0.9964 0.0580 -0.0611
vn -0.9973 -0.0582 0.0442
vn -0.9203 0.3424 -0.1891
vn -0.9171 0.3631 -0.1649
vn -0.9424 0.3258 -0.0753
vn 0.8340 -0.4979 0.2378
vn 0.5812 -0.7711 0.2601
vn 0.6538 -0.6986 0.2907
vn -0.9864 0.1549 -0.0546
vn -0.9860 0.1616 -0.0403
vn 0.9448 -0.3082 0.1109
vn 0.9013 -0.3991 0.1681
vn 0.6973 -0.6675 0.2613
vn 0.8417 -0.5174 0.1545
vn 0.6435 -0.7140 0.2760
vn 0.8457 -0.5033 0.1775
vn -0.7445 -0.6475 0.1629
vn -0.6673 -0.7358 0.1154
vn -0.6139 -0.7863 0.0696
vn -0.6349 -0.7725 0.0118
vn -0.7470 -0.6597 -0.0827
vn -0.8089 -0.5651 -0.1620
vn -0.7785 -0.5583 -0.2866
vn -0.8351 -0.5489 -0.0377
vn -0.6532 -0.6385 0.4070
vn -0.3847 -0.8019 0.4571
vn -0.6127 -0.7397 0.2784
vn -0.8249 -0.5349 0.1827
vn -0.6949 -0.6861 0.2154
vn -0.8103 -0.5802 0.0826
vn -0.9336 -0.3506 0.0739
vn -0.9866 -0.1627 0.0147
vn -0.9450 -0.3218 0.0581
vn -0.9695 -0.2406 0.0463
vn -0.9552 -0.2958 0.0070
vn -0.9690 -0.2468 -0.0062
vn -0.9893 -0.1429 0.0302
vn -0.9962 -0.0684 0.0545
vn -0.9997 -0.0199 0.0165
vn -0.9999 0.0128 0.0061
vn -0.9983 -0.0398 0.0428
vn -0.9927 -0.1131 -0.0430
vn -0.9915 0.0033 -0.1299
vn -0.9948 -0.0717 -0.0719
vn -0.9675 0.1516 -0.2022
vn -0.9948 0.0368 -0.0946
vn -0.9601 0.2421 -0.1398
vn -0.9889 0.1412 -0.0465
vn -0.9491 0.3077 -0.0670
vn -0.9726 0.2326 -0.0005
vn -0.9423 0.3345 0.0124
vn -0.9600 0.2778 0.0347
vn -0.9387 0.2990 0.1715
vn -0.9563 0.2545 0.1437
vn -0.9585 0.2364 0.1593
vn -0.9787 0.1639 0.1239
vn -0.9761 -0.0031 -0.2171
vn -0.9866 0.0140 -0.1628
vn -0.9887 -0.0550 -0.1393
vn -0.9971 0.0424 -0.0632
vn -0.9991 0.0319 0.0273
vn -0.9894 -0.1077 0.0978
vn -0.4053 -0.8615 0.3058
vn -0.1483 -0.9885 0.0299
vn -0.2941 -0.9549 0.0416
vn -0.5387 -0.8416 0.0387
vn -0.4749 -0.8579 0.1960
vn -0.4745 -0.8803 0.0027
vn -0.8116 -0.5836 -0.0260
vn -0.7545 -0.6537 0.0590
vn -0.2261 -0.9582 0.1754
vn -0.7883 -0.6139 0.0411
vn -0.9837 -0.1786 -0.0196
vn -0.9863 -0.1613 -0.0347
vn -0.9928 -0.0976 -0.0702
vn -0.9836 -0.1761 -0.0397
vn -0.9593 -0.2588 -0.1134
vn -0.8988 -0.3716 -0.2326
vn -0.8487 -0.4962 -0.1830
vn -0.9698 -0.2292 -0.0829
vn -0.9787 -0.1930 -0.0695
vn -0.9707 -0.2390 -0.0233
vn -0.9912 -0.1303 -0.0248
vn -0.9752 -0.2098 -0.0708
vn -0.9852 -0.1692 -0.0260
vn -0.9300 -0.3134 0.1919
vn -0.9873 -0.1512 -0.0478
vn -0.9985 -0.0490 -0.0237
vn 0.9993 -0.0227 -0.0311
vn 0.9970 -0.0363 -0.0688
vn 0.8689 -0.4580 -0.1876
vn 0.8489 -0.4833 -0.2138
vn 0.9560 -0.2886 -0.0523
vn 0.9592 -0.2817 -0.0241
vn 0.9801 -0.1975 0.0180
vn 0.9845 -0.1717 0.0364
vn 0.9640 -0.2525 0.0831
vn -0.9919 -0.0966 0.0819
vn -0.6671 -0.4868 -0.5640
vn -0.5352 -0.6201 -0.5736
vn -0.3103 -0.8003 -0.5130
vn -0.2485 -0.5639 -0.7876
vn -0.8406 -0.3819 -0.3841
vn -0.7365 -0.3546 -0.5760
vn -0.9977 -0.0542 -0.0410
vn -0.9638 0.0810 0.2539
vn -0.9687 0.2386 0.0681
vn -0.9922 0.0615 -0.1084
vn -0.3156 -0.9471 0.0581
vn -0.3138 -0.9489 -0.0323
vn -0.7116 -0.7023 0.0169
vn -0.9814 -0.1636 0.1007
vn -0.2259 -0.9730 0.0474
vn -0.6449 -0.7642 -0.0089
vn -0.3990 -0.9159 -0.0446
vn -0.6473 -0.7618 -0.0253
vn -0.7335 -0.6169 -0.2852
vn -0.8633 -0.5034 0.0361
vn -0.7639 -0.6422 0.0638
vn -0.8692 -0.4871 0.0852
vn -0.8517 -0.4972 0.1655
vn -0.9306 -0.3540 0.0929
vn -0.8963 -0.4426 0.0283
vn -0.9516 -0.3018 0.0582
vn -0.9834 -0.1296 0.1267
vn -0.9960 -0.0305 0.0841
vn -0.9848 0.1648 0.0547
vn -0.9934 0.1037 0.0496
vn -0.9962 0.0820 0.0310
vn -0.9976 -0.0624 0.0283
vn -0.9996 0.0169 0.0220
vn -0.9962 0.0803 0.0332
vn -0.9953 0.0960 0.0084
vn -0.9973 0.0740 0.0008
vn -0.9970 -0.0645 0.0434
vn -0.8156 -0.4809 0.3219
vn -0.9970 0.0383 -0.0670
vn -0.9986 0.0521 -0.0104
vn -0.9995 -0.0272 0.0167
vn -0.8871 -0.3872 0.2514
vn -0.9493 -0.3039 0.0800
vn 0.1258 -0.9474 0.2942
vn 0.0360 -0.9884 -0.1473
vn -0.8549 -0.4971 -0.1486
vn -0.0261 -0.8207 0.5707
vn -0.9991 -0.0242 0.0355
vn -0.9604 -0.2786 -0.0045
vn -0.9779 -0.2082 0.0177
vn -0.9922 0.0868 0.0898
vn -0.9331 0.2388 0.2690
vn -0.9569 0.1319 0.2586
vn -0.9027 0.3244 0.2828
vn -0.9616 -0.2212 -0.1624
vn -0.9936 -0.0099 0.1123
vn -0.8640 -0.3657 -0.3461
vn -0.9689 -0.1976 -0.1489
vn -0.4296 -0.5975 -0.6771
vn -0.9731 0.0780 0.2168
vn -0.9422 0.2035 0.2663
vn -0.9861 0.1462 0.0796
vn -0.9981 0.0231 0.0566
vn -0.9688 0.1725 0.1782
vn -0.9939 0.0619 0.0908
vn -0.9686 0.0780 0.2360
vn -0.8609 -0.4272 -0.2763
vn -0.9530 -0.2492 -0.1725
vn -0.9633 -0.2368 -0.1262
vn -0.9940 -0.1043 -0.0319
vn -0.9965 -0.0812 -0.0210
vn -0.2422 -0.8036 -0.5436
vn -0.9993 0.0200 0.0327
vn -0.9951 -0.0989 -0.0047
vn -0.9777 -0.2079 -0.0287
vn -0.9885 0.0390 0.1458
vn -0.9950 -0.0651 0.0758
vn -0.9889 0.0040 0.1485
vn -0.9784 0.1623 0.1278
vn -0.9998 0.0060 -0.0168
vn -0.9933 -0.1156 -0.0009
vn -0.9712 0.1997 0.1303
vn -0.9541 -0.2989 0.0160
vn -0.9798 -0.1953 -0.0439
vn -0.9517 -0.0386 0.3046
vn -0.9583 -0.2353 0.1623
vn -0.9376 -0.2793 0.2073
vn -0.5765 -0.8096 -0.1103
vn 0.2250 -0.9166 -0.3306
vn 0.7817 -0.4044 -0.4748
vn 0.8317 -0.4260 -0.3560
vn 0.7928 -0.4606 -0.3991
vn 0.5483 -0.8192 -0.1680
vn 0.3155 -0.7718 -0.5521
vn 0.2969 -0.7565 -0.5827
vn 0.4191 -0.8092 -0.4117
vn 0.8236 -0.3972 -0.4050
vn 0.8013 -0.4823 0.3541
vn 0.9861 -0.1426 0.0854
vn 0.9872 -0.1592 0.0064
vn 0.9814 -0.1801 -0.0658
vn 0.8646 -0.4327 0.2553
vn 0.9884 -0.1341 0.0718
vn 0.9956 -0.0925 -0.0116
vn 0.0309 -0.8453 0.5334
vn -0.4583 -0.6232 -0.6337
vn -0.4558 -0.6370 -0.6217
vn 0.7082 -0.5407 -0.4540
vn 0.5659 -0.5357 -0.6267
vn 0.9615 -0.1939 -0.1949
vn 0.9909 -0.0988 -0.0915
vn -0.4674 -0.6614 -0.5866
vn 0.4226 -0.5168 -0.7445
vn 0.4006 -0.6028 -0.6900
vn 0.5709 -0.5451 -0.6139
vn -0.9551 -0.2145 0.2043
vn -0.7625 -0.4611 0.4539
vn 0.5754 -0.5727 -0.5840
vn 0.5940 -0.5610 -0.5765
vn -0.8411 -0.1735 -0.5123
vn -0.6582 0.1219 -0.7429
vn -0.6923 0.0406 -0.7204
vn -0.8447 -0.2144 -0.4904
vn -0.8560 -0.4575 -0.2406
vn -0.8420 -0.4731 -0.2591
vn -0.7871 -0.6087 -0.0998
vn -0.7985 -0.5859 -0.1383
vn -0.7826 -0.6082 -0.1328
vn -0.7599 -0.6335 -0.1454
vn -0.8832 -0.4249 -0.1984
vn -0.9688 -0.2321 -0.0872
vn -0.3706 -0.9083 -0.1938
vn -0.2044 0.9186 -0.3381
vn -0.2817 0.8503 -0.4445
vn -0.5369 0.7769 -0.3288
vn -0.3444 0.9046 -0.2512
vn -0.6968 0.6907 -0.1933
vn -0.4700 0.8669 -0.1662
vn -0.7852 0.6104 -0.1039
vn -0.5389 0.8352 -0.1097
vn -0.8520 0.5224 -0.0336
vn -0.5675 0.8224 -0.0405
vn -0.9076 0.4125 0.0775
vn -0.6310 0.7737 0.0570
vn -0.8990 0.3725 0.2303
vn -0.6619 0.7304 0.1686
vn -0.8596 0.2826 0.4257
vn -0.7036 0.6372 0.3144
vn -0.8189 0.0965 0.5658
vn -0.7155 0.5359 0.4482
vn -0.5839 -0.1024 0.8053
vn -0.4724 0.3685 0.8006
vn -0.1809 -0.2149 0.9597
vn -0.0401 0.0752 0.9964
vn 0.0021 -0.2097 0.9778
vn 0.0436 0.0350 0.9984
vn -0.5177 0.5628 -0.6443
vn -0.7944 0.4459 -0.4124
vn -0.9184 0.3306 -0.2172
vn -0.9716 0.2214 -0.0841
vn -0.9944 0.1030 0.0253
vn -0.9900 -0.0391 0.1356
vn -0.9636 -0.1413 0.2268
vn -0.8998 -0.2173 0.3784
vn -0.7246 -0.3265 0.6070
vn -0.5392 -0.4247 0.7272
vn -0.2995 -0.4722 0.8291
vn -0.0660 -0.4194 0.9054
vn -0.6824 -0.0115 -0.7309
vn -0.9137 -0.0050 -0.4063
vn -0.9820 -0.0522 -0.1814
vn -0.9912 -0.1274 -0.0361
vn -0.9710 -0.2184 0.0968
vn -0.9186 -0.3418 0.1982
vn -0.8519 -0.4580 0.2540
vn -0.7932 -0.5256 0.3076
vn -0.6581 -0.5647 0.4980
vn -0.4863 -0.5884 0.6459
vn -0.3314 -0.6227 0.7088
vn -0.1457 -0.5863 0.7969
vn -0.6271 -0.5575 -0.5440
vn -0.8573 -0.4145 -0.3054
vn -0.9190 -0.3790 -0.1090
vn -0.9005 -0.4332 0.0372
vn -0.8529 -0.4936 0.1700
vn -0.7863 -0.5634 0.2538
vn -0.7368 -0.6160 0.2788
vn -0.6941 -0.6490 0.3116
vn -0.5840 -0.7221 0.3708
vn -0.4182 -0.7737 0.4759
vn -0.3176 -0.7601 0.5669
vn -0.1920 -0.7809 0.5945
vn -0.4656 0.8760 -0.1258
vn -0.6252 0.7748 -0.0936
vn -0.9893 -0.1447 -0.0156
vn -0.9910 -0.1135 0.0711
vn -0.8253 0.5647 -0.0005
vn -0.9503 0.3090 -0.0382
vn -0.4946 0.8684 -0.0341
vn -0.9939 -0.0692 0.0863
vn -0.8311 0.5505 0.0795
vn -0.5617 0.8248 0.0649
vn -0.9937 -0.1023 -0.0452
vn -0.8935 0.4490 0.0003
vn -0.6064 0.7901 0.0899
vn -0.9984 -0.0432 0.0372
vn -0.8960 0.4381 0.0726
vn -0.6318 0.7474 0.2052
vn -0.9780 -0.0679 0.1972
vn -0.8713 0.4118 0.2670
vn -0.9444 -0.1467 0.2944
vn -0.6054 0.6474 0.4630
vn -0.7980 0.3113 0.5160
vn -0.9772 -0.1016 0.1866
vn -0.3029 0.3996 0.8652
vn -0.7164 0.0809 0.6929
vn -0.8129 -0.2458 0.5280
vn -0.6543 -0.3976 0.6433
vn 0.0286 0.0839 0.9961
vn -0.5325 -0.0940 0.8412
vn -0.2284 -0.4490 0.8638
vn -0.2356 -0.4780 0.8462
vn -0.0277 0.0991 0.9947
vn -0.1682 -0.0984 0.9808
vn -0.9886 -0.1416 -0.0505
vn -0.6037 0.7809 -0.1604
vn -0.9524 0.2990 -0.0600
vn -0.9373 -0.1654 -0.3068
vn -0.4354 0.8564 -0.2775
vn -0.5159 -0.8128 -0.2708
vn -0.7350 -0.6496 -0.1945
vn -0.3049 -0.8533 0.4231
vn -0.2480 -0.8605 0.4451
vn -0.7462 -0.6633 -0.0565
vn -0.4652 -0.8831 -0.0608
vn -0.7157 -0.6931 0.0863
vn -0.4412 -0.8928 0.0907
vn -0.4206 -0.8847 0.2011
vn -0.6734 -0.7106 0.2038
vn -0.6204 -0.7312 0.2838
vn -0.3989 -0.8694 0.2917
vn -0.4942 -0.7994 0.3417
vn -0.3693 -0.8407 0.3959
vn -0.5634 -0.7617 0.3199
vn -0.3554 -0.8483 0.3926
vn -0.5938 -0.7446 0.3051
vn -0.3846 -0.8558 0.3459
vn -0.8060 -0.5517 -0.2143
vn -0.5480 -0.8364 0.0050
vn -0.9548 -0.2591 -0.1460
vn -0.9667 -0.2541 -0.0303
vn -0.9708 -0.2283 -0.0738
vn -0.9577 -0.2039 -0.2028
vn -0.9204 -0.2771 -0.2757
vn -0.8289 -0.5091 -0.2319
vn -0.9253 -0.3478 -0.1513
vn -0.9696 -0.2215 -0.1040
vn -0.9796 -0.1533 -0.1298
vn -0.8723 -0.4701 -0.1348
vn -0.7691 -0.6314 -0.0992
vn -0.7631 -0.6362 -0.1134
vn -0.7412 -0.6694 0.0500
vn -0.6715 -0.7409 -0.0145
vn -0.5572 -0.8265 0.0806
vn -0.7285 -0.6843 0.0321
vn -0.3451 -0.9304 0.1234
vn -0.3802 -0.8937 -0.2380
vn -0.6826 -0.7308 -0.0020
vn -0.5420 -0.8396 -0.0350
vn -0.5369 -0.8358 0.1152
vn -0.6114 -0.7874 0.0787
vn -0.5792 -0.8079 0.1086
vn -0.5163 -0.7501 -0.4133
vn -0.6185 -0.7831 -0.0649
vn -0.6668 -0.7376 0.1064
vn 0.5675 -0.7939 0.2181
vn 0.2105 -0.9481 0.2382
vn -0.0613 -0.9470 0.3155
vn 0.8363 -0.4604 0.2977
vn 0.5875 -0.6650 0.4612
vn 0.7315 -0.5768 0.3637
vn 0.6737 -0.6562 0.3399
vn 0.8307 -0.4746 0.2910
vn 0.2411 -0.9229 0.3001
vn 0.7405 -0.5986 0.3057
vn 0.7344 -0.6617 0.1513
vn 0.9349 -0.3545 -0.0144
vn 0.9622 -0.2719 0.0149
vn 0.9329 -0.3329 0.1374
vn 0.9169 -0.3329 0.2203
vn 0.9529 -0.2822 0.1112
vn 0.8787 -0.4551 0.1443
vn 0.9629 -0.2660 0.0449
vn 0.8662 -0.4761 0.1517
vn 0.9662 -0.2318 0.1125
vn 0.9478 -0.3083 0.0817
vn 0.9538 -0.2856 0.0929
vn 0.9216 -0.3623 0.1392
vn 0.9808 -0.1877 0.0538
vn 0.9857 -0.1426 0.0894
vn 0.9823 -0.1296 0.1354
vn 0.9427 -0.2825 0.1775
vn 0.9921 -0.1168 0.0459
vn 0.9962 0.0429 0.0755
vn 0.9896 -0.1391 0.0375
vn 0.9974 0.0491 0.0537
vn 0.9697 -0.2441 0.0133
vn -0.9940 0.0960 -0.0528
vn 0.9979 -0.0502 0.0401
vn -0.9881 0.1529 -0.0159
vn 0.9380 -0.3464 -0.0134
vn 0.9946 -0.0998 -0.0279
vn 0.9845 0.1689 -0.0484
vn 0.8176 -0.5461 -0.1826
vn -0.9619 0.2697 0.0455
vn 0.8692 -0.4451 -0.2154
vn 0.9605 -0.2668 -0.0788
vn 0.9821 -0.0438 -0.1834
vn 0.9748 -0.1440 -0.1703
vn 0.9379 -0.2395 -0.2510
vn 0.9020 0.2788 -0.3296
vn 0.9744 -0.1810 -0.1332
vn 0.9867 -0.0895 -0.1360
vn 0.9954 0.0178 -0.0944
vn 0.9345 -0.3556 -0.0169
vn 0.7046 -0.7096 -0.0054
vn 0.9990 0.0289 -0.0351
vn 0.9890 -0.0582 -0.1362
vn 0.9171 -0.2419 -0.3168
vn 0.9565 -0.2844 -0.0644
vn 0.8021 -0.5965 -0.0292
vn 0.9969 0.0195 -0.0756
vn 0.8830 -0.2554 -0.3938
vn 0.9454 -0.1397 -0.2945
vn 0.8600 -0.3088 -0.4062
vn 0.8760 -0.2961 -0.3808
vn 0.9123 -0.2685 -0.3092
vn 0.8807 -0.3489 -0.3205
vn -0.3379 0.6433 0.6870
vn -0.3364 0.7099 0.6187
vn -0.3396 0.6889 0.6403
vn -0.3352 0.6644 0.6680
vn 0.8228 -0.3566 -0.4426
vn 0.8560 -0.2572 -0.4485
vn 0.8842 -0.1762 -0.4326
vn 0.8454 -0.2655 -0.4634
vn -0.1483 -0.3124 0.9383
vn -0.1073 -0.2863 0.9521
vn -0.2342 -0.4026 0.8849
vn -0.2241 -0.3432 0.9121
vn -0.0482 -0.4494 0.8920
vn -0.0814 -0.4177 0.9049
vn -0.0512 -0.4699 0.8812
vn -0.0480 -0.4462 0.8936
vn -0.2010 -0.4284 0.8809
vn -0.0855 -0.4307 0.8984
vn -0.2575 -0.3966 0.8811
vn -0.2969 -0.4460 0.8444
vn -0.1157 -0.4503 0.8853
vn 0.0282 -0.4903 0.8711
vn 0.0080 -0.7194 0.6945
vn 0.0473 -0.6812 0.7305
vn 0.6331 -0.5230 0.5706
vn 0.2799 -0.6087 0.7424
vn 0.9989 0.0281 -0.0369
vn 0.9324 -0.3469 0.1014
vn 0.9793 -0.1814 0.0892
vn 0.9997 0.0001 0.0232
vn -0.7647 -0.6116 0.2031
vn -0.7483 -0.5927 0.2979
vn -0.8951 -0.3510 0.2750
vn -0.9219 -0.3567 0.1515
vn -0.3849 -0.8394 0.3839
vn 0.7970 -0.5390 0.2724
vn -0.8675 -0.3910 0.3076
vn 0.8770 0.4611 -0.1351
vn 0.9692 0.2406 -0.0529
vn -0.9518 -0.3005 0.0619
vn -0.9715 -0.2250 0.0752
vn 0.8967 0.4343 -0.0860
vn 0.9608 0.2669 -0.0756
vn 0.8482 -0.5210 0.0954
vn 0.9100 -0.3947 0.1267
vn 0.9274 0.3702 -0.0540
vn 0.9816 0.1818 -0.0588
vn 0.9932 0.1055 -0.0492
vn 0.9551 0.2963 0.0058
vn 0.9743 0.2242 -0.0202
vn 0.9875 0.1568 -0.0168
vn 0.9708 0.2350 0.0481
vn 0.9822 0.1880 -0.0041
vn 0.9621 0.2689 0.0445
vn 0.9984 0.0528 0.0192
vn 0.9904 0.1372 -0.0185
vn -0.9820 -0.1464 -0.1197
vn -0.9882 -0.0950 -0.1205
vn -0.5907 0.7819 -0.1991
vn -0.9666 0.1338 -0.2188
vn 0.9961 -0.0696 0.0539
vn 0.9735 0.2129 0.0829
vn -0.8644 -0.5028 0.0078
vn -0.5714 -0.8199 0.0348
vn 0.9850 -0.1573 0.0714
vn 0.9580 0.2182 0.1861
vn -0.9485 -0.3149 -0.0353
vn -0.6491 -0.7605 0.0158
vn 0.9516 -0.2282 0.2061
vn 0.9449 0.1031 0.3106
vn -0.8926 -0.2896 -0.3456
vn -0.8856 -0.3462 -0.3096
vn 0.8124 -0.3488 0.4674
vn 0.9065 -0.1276 0.4024
vn -0.7935 -0.3710 -0.4823
vn -0.8226 -0.2984 -0.4841
vn 0.7606 -0.4808 0.4362
vn 0.1327 -0.7816 0.6095
vn 0.4535 -0.6013 0.6578
vn 0.1366 -0.7008 0.7001
vn 0.1132 -0.8152 0.5680
vn 0.7417 -0.5626 0.3652
vn 0.1693 -0.8490 0.5006
vn 0.7008 -0.6528 0.2877
vn 0.1565 -0.9130 0.3767
vn 0.6728 -0.7209 0.1662
vn 0.1615 -0.9390 0.3035
vn 0.6215 -0.7822 0.0442
vn 0.1791 -0.9668 0.1821
vn 0.2020 -0.9783 -0.0460
vn 0.1453 -0.9883 0.0470
vn 0.1939 -0.9792 -0.0594
vn 0.0569 -0.9983 -0.0114
vn 0.1169 -0.1996 0.9729
vn -0.6597 -0.7515 -0.0068
vn 0.8027 -0.5947 -0.0449
vn 0.1092 -0.9938 0.0217
vn 0.0883 -0.9907 -0.1032
vn 0.1596 -0.9826 -0.0950
vn 0.8797 0.4656 0.0965
vn 0.1347 -0.9856 -0.1021
vn 0.2901 -0.9520 -0.0975
vn 0.7557 0.5953 0.2732
vn 0.1220 -0.9675 -0.2213
vn 0.3784 -0.9233 -0.0657
vn 0.8324 0.4504 0.3227
vn 0.9263 -0.2196 0.3061
vn 0.5497 -0.8354 0.0054
vn -0.0375 -0.8119 0.5826
vn -0.4615 -0.8065 0.3696
vn -0.3005 -0.9300 0.2115
vn -0.3363 -0.8835 0.3261
vn -0.2914 -0.8379 0.4616
vn -0.5176 -0.8411 -0.1571
vn 0.3506 -0.9325 0.0870
vn -0.8284 0.5527 -0.0913
vn -0.6747 0.7371 -0.0387
vn -0.6805 0.7319 -0.0352
vn -0.7851 -0.6141 -0.0807
vn 0.1958 -0.9741 0.1130
vn 0.2502 -0.9681 -0.0132
vn 0.2251 -0.9672 0.1180
vn 0.1414 -0.9830 0.1171
vn 0.6114 -0.7811 0.1265
vn 0.5629 -0.8237 0.0677
vn 0.5705 -0.8112 0.1287
vn 0.4935 -0.8619 0.1169
vn 0.5872 -0.7988 0.1312
vn 0.6876 -0.6777 -0.2607
vn 0.6009 -0.7968 -0.0631
vn 0.5507 -0.8346 0.0156
vn 0.6688 -0.7347 -0.1136
vn 0.6023 -0.6675 -0.4379
vn 0.7017 -0.2089 -0.6812
vn 0.2801 -0.5554 -0.7830
vn 0.7376 0.0484 -0.6735
vn 0.2905 0.0777 -0.9537
vn 0.9999 -0.0116 -0.0088
vn 0.9294 -0.0736 -0.3616
vn 0.8783 -0.2920 -0.3785
vn 0.9620 -0.2404 -0.1295
vn 0.9858 -0.1306 -0.1053
vn 0.9643 0.0101 -0.2645
vn 0.9664 -0.2538 -0.0394
vn 0.9752 -0.1403 0.1714
vn 0.9458 -0.3156 0.0770
vn 0.9168 -0.3504 -0.1914
vn 0.9441 -0.2947 0.1477
vn 0.9561 -0.2931 -0.0059
vn 0.9527 -0.2705 -0.1389
vn 0.9032 -0.3800 -0.1993
vn 0.8976 -0.4382 -0.0477
vn 0.6367 -0.7670 -0.0799
vn 0.6941 -0.7017 -0.1610
vn 0.8711 -0.4718 -0.1365
vn 0.9191 -0.3683 -0.1398
vn 0.9633 -0.2605 -0.0651
vn 0.9756 -0.2000 -0.0903
vn 0.7494 -0.6542 -0.1018
vn 0.9467 -0.1464 -0.2869
vn 0.9685 -0.0790 -0.2361
vn 0.9776 -0.1211 -0.1720
vn 0.9637 -0.1640 -0.2105
vn 0.6656 -0.7451 0.0424
vn 0.7237 -0.6813 0.1098
vn 0.7565 -0.6532 -0.0335
vn 0.0850 -0.8767 -0.4735
vn 0.3191 -0.5590 -0.7653
vn 0.7358 0.0679 -0.6738
vn 0.7871 -0.2946 -0.5420
vn 0.8948 0.2788 -0.3486
vn 0.9319 0.2482 -0.2644
vn -0.1705 -0.8781 -0.4472
vn -0.1784 -0.8644 -0.4701
vn 0.9886 0.1382 -0.0593
vn 0.9899 0.1294 -0.0578
vn -0.1957 -0.9522 -0.2346
vn -0.4364 -0.8885 -0.1415
vn 0.9612 -0.2572 -0.0999
vn 0.5916 -0.7989 -0.1082
vn -0.2937 -0.8761 0.3824
vn 0.1769 -0.9444 0.2770
vn 0.5025 -0.8543 -0.1329
vn 0.7564 -0.6539 0.0166
vn -0.0302 -0.9592 0.2810
vn 0.8847 -0.4597 -0.0773
vn -0.2965 -0.9241 0.2412
vn -0.1685 -0.9507 0.2605
vn -0.0732 -0.9347 0.3477
vn -0.2306 -0.8972 0.3767
vn -0.6608 -0.7506 -0.0066
vn -0.6157 -0.7513 0.2377
vn -0.6301 -0.7626 0.1464
vn -0.7338 -0.6722 0.0986
vn 0.8924 -0.4503 -0.0285
vn 0.8887 -0.4578 -0.0244
vn -0.7380 -0.6673 -0.1003
vn -0.9012 -0.4322 -0.0323
vn 0.7456 -0.6661 0.0196
vn 0.7919 -0.6101 0.0248
vn -0.7901 -0.6096 0.0633
vn -0.9001 -0.4352 0.0195
vn -0.9443 -0.3026 0.1293
vn -0.9316 -0.2859 0.2243
vn -0.8692 -0.4820 0.1101
vn -0.8934 -0.4335 0.1179
vn -0.9335 -0.3321 0.1351
vn -0.8655 -0.4861 0.1211
vn -0.9014 -0.4184 0.1113
vn -0.9186 -0.3419 0.1983
vn -0.8197 -0.5414 0.1868
vn -0.9127 -0.3920 0.1153
vn -0.9316 -0.3390 0.1314
vn -0.9651 -0.2344 0.1168
vn -0.9577 -0.2742 0.0872
vn -0.9880 -0.1380 -0.0696
vn -0.9826 -0.1859 0.0005
vn -0.9839 -0.1751 0.0354
vn -0.9929 -0.1184 -0.0120
vn -0.9875 -0.1541 0.0323
vn -0.9926 -0.1156 0.0368
vn -0.9843 -0.1441 -0.1018
vn -0.9915 -0.1102 -0.0689
vn -0.9908 -0.1354 0.0052
vn -0.9645 -0.2598 -0.0475
vn -0.9832 -0.1551 -0.0961
vn -0.9676 -0.2498 -0.0376
vn -0.7377 -0.5649 0.3698
vn -0.7681 -0.5234 0.3688
vn -0.8956 -0.2948 0.3331
vn -0.9265 -0.2579 0.2740
vn -0.9747 -0.1515 0.1641
vn -0.9874 -0.1064 0.1172
vn -0.9822 -0.1655 0.0890
vn -0.4647 -0.7881 0.4037
vn -0.4940 -0.7531 0.4345
vn -0.6736 -0.6781 0.2939
vn -0.8112 -0.5037 0.2970
vn -0.7617 -0.5836 0.2816
vn -0.5532 -0.7855 0.2774
vn -0.5048 -0.7992 0.3263
vn 0.4364 -0.8013 0.4092
vn -0.2664 -0.8281 0.4932
vn 0.2815 -0.8151 0.5062
vn -0.3706 -0.7486 0.5498
vn 0.6420 -0.6709 0.3712
vn 0.7057 -0.6246 0.3346
vn 0.1737 -0.8419 0.5109
vn -0.4934 -0.6861 0.5346
vn 0.7927 -0.5654 0.2278
vn -0.0956 -0.9449 0.3129
vn 0.1427 -0.8867 0.4397
vn -0.6975 -0.5960 0.3980
vn -0.8540 -0.4820 0.1960
vn 0.7453 -0.6513 0.1429
vn 0.8241 -0.5378 0.1779
vn -0.3442 -0.9192 0.1916
vn -0.9130 -0.3932 0.1082
vn 0.6531 -0.7473 0.1228
vn -0.4447 -0.8934 0.0638
vn -0.9267 -0.3750 0.0246
vn 0.6151 -0.7857 0.0659
vn -0.4601 -0.8807 -0.1123
vn -0.9278 -0.3605 -0.0958
vn 0.6378 -0.7686 -0.0501
vn -0.2943 -0.9233 -0.2468
vn -0.8559 -0.4885 -0.1695
vn 0.6835 -0.7106 -0.1670
vn -0.7523 -0.6202 -0.2221
vn -0.0966 -0.9365 -0.3372
vn 0.7443 -0.6359 -0.2039
vn -0.1349 -0.9905 0.0279
vn -0.0220 -0.8809 -0.4727
vn -0.7139 -0.5915 -0.3749
vn -0.7742 -0.6326 -0.0232
vn 0.7423 -0.6691 0.0353
vn 0.7657 -0.5901 -0.2560
vn -0.1324 -0.8309 0.5404
vn -0.7976 -0.5139 0.3159
vn 0.7564 -0.5396 0.3697
vn 0.0637 -0.9938 -0.0910
vn 0.0274 -0.9533 0.3007
vn -0.7136 -0.6758 0.1846
vn -0.8494 -0.5253 -0.0516
vn 0.7759 -0.6192 -0.1203
vn 0.8110 -0.5287 0.2504
vn 0.0291 -0.8734 0.4862
vn -0.7837 -0.5755 0.2337
vn 0.8325 -0.4439 0.3315
vn -0.8658 -0.3776 -0.3283
vn -0.0547 -0.8038 -0.5924
vn 0.8127 -0.4976 -0.3032
vn -0.5579 -0.5818 -0.5919
vn 0.4067 -0.6440 -0.6480
vn 0.2428 -0.6700 -0.7016
vn -0.6662 -0.4279 -0.6108
vn -0.5936 -0.5904 -0.5469
vn 0.4780 -0.6451 -0.5961
vn 0.9409 -0.2493 -0.2293
vn 0.9130 -0.3078 -0.2678
vn 0.9560 -0.2569 -0.1413
vn -0.4689 -0.7430 0.4775
vn -0.8003 -0.5072 0.3198
vn -0.9566 -0.2195 0.1919
vn -0.9831 -0.1569 0.0946
vn -0.9752 -0.2153 0.0506
vn -0.9677 -0.2372 0.0858
vn -0.9254 -0.3572 0.1266
vn -0.9456 -0.3117 0.0937
vn -0.9725 -0.2226 0.0682
vn -0.5440 -0.6913 0.4756
vn -0.3427 -0.8268 0.4461
vn -0.6900 -0.6735 0.2651
vn 0.4678 -0.5720 -0.6738
vn 0.5933 -0.5489 -0.5889
vn -0.4740 -0.5008 -0.7242
vn -0.4120 -0.4868 -0.7702
vn 0.5876 -0.5802 -0.5640
vn 0.8534 -0.4095 -0.3226
vn 0.1366 -0.8502 -0.5084
vn -0.4192 -0.7216 -0.5510
vn 0.3074 -0.8430 -0.4415
vn -0.9777 -0.2099 -0.0001
vn -0.9815 -0.1784 -0.0700
vn -0.9795 -0.1769 -0.0965
vn -0.9793 -0.1751 -0.1019
vn -0.9676 -0.1672 -0.1894
vn -0.9735 -0.2161 -0.0750
vn -0.9725 -0.2088 0.1031
vn -0.9729 -0.2155 0.0837
vn -0.9719 -0.2353 0.0102
vn -0.9826 -0.1853 0.0149
vn -0.9861 -0.1247 -0.1098
vn -0.9143 -0.2686 -0.3032
vn -0.9213 -0.1985 -0.3345
vn -0.9082 -0.2812 -0.3100
vn -0.9653 -0.1991 -0.1693
vn -0.9587 -0.2720 -0.0834
vn -0.9734 -0.2089 0.0944
vn -0.9943 -0.0936 0.0501
vn -0.9964 -0.0742 -0.0418
vn -0.9881 -0.1457 -0.0485
vn -0.9752 -0.2061 -0.0809
vn -0.9869 -0.0741 -0.1436
vn -0.9832 -0.1097 -0.1461
vn -0.9469 -0.2064 -0.2465
vn -0.8094 -0.2705 -0.5213
vn -0.8480 -0.2715 -0.4552
vn 0.6914 0.0383 -0.7215
vn 0.2936 0.2583 -0.9203
vn 0.6819 0.0420 -0.7303
vn 0.2692 0.2624 -0.9266
vn 0.8870 -0.4023 -0.2267
vn 0.8771 -0.1916 -0.4404
vn 0.8462 -0.4677 -0.2552
vn 0.8568 -0.2268 -0.4631
vn 0.8389 -0.5102 -0.1894
vn 0.8271 -0.5291 -0.1897
vn 0.8632 -0.4579 -0.2129
vn 0.8397 -0.5007 -0.2103
vn 0.7519 -0.6380 -0.1664
vn 0.8012 -0.5650 -0.1971
vn 0.9285 -0.3597 0.0922
vn 0.9364 -0.3191 0.1461
vn 0.9524 -0.3019 -0.0425
vn 0.9449 -0.3250 0.0405
vn 0.9420 -0.3331 0.0418
vn 0.9295 -0.3665 0.0419
vn 0.9589 -0.2836 0.0141
vn 0.9857 -0.1667 -0.0249
vn 0.9955 -0.0904 -0.0282
vn 0.9995 -0.0303 0.0004
vn 0.9990 -0.0207 0.0388
vn 0.9976 -0.0308 0.0623
vn 0.9986 -0.0114 0.0526
vn 0.9970 -0.0101 0.0768
vn 0.9991 -0.0397 -0.0115
vn 0.9962 -0.0400 0.0772
vn 0.9936 -0.1113 -0.0176
vn 0.9961 -0.0861 0.0197
vn 0.9922 -0.1136 -0.0509
vn 0.9987 -0.0269 0.0435
vn 0.8562 -0.3862 -0.3432
vn 0.9563 -0.2512 -0.1498
vn 0.5928 -0.7769 -0.2121
vn 0.5739 -0.8151 0.0789
vn 0.3349 -0.9176 -0.2143
vn 0.0207 -0.9877 0.1550
vn 0.3484 -0.9327 0.0933
vn 0.4936 -0.7957 0.3510
vn 0.2915 -0.9495 0.1159
vn 0.3275 -0.9210 0.2109
vn 0.5520 -0.8334 0.0250
vn 0.3813 -0.9211 0.0779
vn -0.9366 -0.3237 -0.1344
vn -0.8564 -0.5127 0.0613
vn -0.8940 -0.4136 0.1722
vn -0.9953 -0.0889 -0.0380
vn -0.9982 -0.0568 -0.0192
vn -0.9989 -0.0397 -0.0244
vn -0.9500 -0.3025 -0.0776
vn -0.8649 -0.4842 0.1325
vn -0.7855 -0.6078 0.1165
vn -0.9969 -0.0737 -0.0257
vn -0.9984 -0.0487 -0.0296
vn -0.9974 0.0137 -0.0705
vn -0.9247 -0.3652 0.1072
vn -0.7851 -0.6033 0.1402
vn 0.5519 -0.8107 0.1954
vn -0.9576 -0.2839 0.0496
vn -0.9992 -0.0256 0.0300
vn -0.9987 0.0167 -0.0481
vn -0.9897 0.1423 0.0179
vn -0.9706 0.2307 -0.0686
vn -0.9611 -0.2713 -0.0526
vn -0.9579 -0.2576 0.1269
vn 0.9846 -0.0852 -0.1525
vn 0.9662 -0.2302 -0.1159
vn 0.9817 -0.1902 0.0107
vn 0.9807 -0.1920 -0.0376
vn 0.9750 -0.2202 0.0307
vn 0.9566 -0.2901 -0.0282
vn 0.9838 0.0476 -0.1730
vn 0.9949 -0.0755 -0.0671
vn 0.9742 0.1576 -0.1617
vn 0.9963 0.0570 -0.0650
vn 0.9643 0.2506 -0.0858
vn 0.9912 0.1193 -0.0575
vn 0.9589 0.2838 0.0060
vn 0.9809 0.1943 0.0068
vn 0.9416 0.2837 0.1815
vn 0.9593 0.2299 0.1638
vn 0.9396 0.3045 0.1561
vn 0.9732 0.1925 0.1255
vn 0.9643 0.2649 -0.0051
vn 0.9850 0.1679 -0.0387
vn 0.9898 0.1345 -0.0475
vn 0.9837 0.1789 -0.0148
vn 0.9956 0.0755 0.0562
vn 0.9927 0.1161 0.0326
vn 0.9833 0.1794 -0.0294
vn 0.9832 0.1813 0.0190
vn 0.9919 0.0498 0.1164
vn 0.9988 -0.0239 0.0419
vn 0.9904 -0.0123 0.1379
vn 0.9504 0.1190 0.2872
vn 0.9392 0.2091 0.2724
vn 0.9879 0.0898 0.1262
vn 0.9866 0.1094 0.1213
vn 0.9331 0.2858 0.2183
vn 0.6815 0.4977 0.5364
vn 0.7304 0.5106 0.4537
vn 0.9711 0.1441 0.1905
vn 0.9789 0.1172 0.1672
vn 0.8797 -0.4600 0.1204
vn 0.7844 -0.5850 0.2060
vn 0.9684 -0.2391 -0.0717
vn 0.9690 -0.2441 -0.0391
vn 0.9934 -0.1045 -0.0469
vn 0.9731 -0.1719 -0.1533
vn 0.9804 -0.1972 0.0031
vn 0.9875 -0.1574 -0.0029
vn 0.9804 -0.1909 -0.0482
vn 0.9785 -0.1399 -0.1514
vn 0.9780 -0.0818 -0.1920
vn 0.9744 -0.0282 -0.2228
vn 0.9717 -0.0059 -0.2363
vn 0.9924 0.0549 -0.1102
vn 0.9968 0.0729 0.0338
vn 0.9947 0.0039 0.1026
vn 0.9916 -0.0871 0.0952
vn 0.9214 -0.3596 0.1473
vn 0.9645 -0.2129 0.1562
vn 0.9282 -0.3352 -0.1616
vn 0.9771 -0.1899 -0.0959
vn 0.9980 -0.0529 -0.0350
vn 0.8515 -0.4427 -0.2811
vn 0.8537 -0.4579 -0.2479
vn 0.7964 -0.6045 -0.0174
vn 0.8460 -0.5289 -0.0678
vn 0.8247 -0.5622 0.0615
vn 0.7790 -0.6265 0.0239
vn 0.6143 -0.7871 -0.0552
vn 0.4697 -0.8813 0.0521
vn 0.2520 -0.9633 -0.0920
vn 0.7470 -0.6388 0.1843
vn 0.7634 -0.6314 0.1361
vn 0.2796 -0.9592 -0.0415
vn 0.0251 -0.9932 -0.1139
vn 0.9965 -0.0669 0.0510
vn 0.9961 -0.0868 -0.0161
vn 0.8842 -0.4661 0.0309
vn 0.8816 -0.4671 -0.0681
vn 0.8972 0.3861 0.2145
vn 0.9509 0.3094 -0.0092
vn 0.9935 -0.0592 0.0971
vn 0.9452 -0.3261 0.0132
vn 0.8856 0.3927 0.2482
vn 0.9951 -0.0849 -0.0502
vn 0.9642 -0.2624 -0.0386
vn 0.8806 0.4718 -0.0444
vn 0.9957 -0.0883 0.0281
vn 0.9846 -0.1671 0.0519
vn 0.8945 0.4409 0.0733
vn 0.9652 -0.0390 0.2587
vn 0.9855 0.0065 0.1693
vn 0.8573 0.3844 0.3426
vn 0.9526 -0.1007 0.2872
vn 0.9912 -0.0828 0.1033
vn 0.7667 0.3063 0.5641
vn 0.9792 -0.1654 0.1171
vn 0.9360 -0.3112 0.1642
vn 0.7147 0.1460 0.6840
vn 0.8439 -0.3288 0.4239
vn 0.8527 -0.1987 0.4831
vn 0.3997 -0.0492 0.9153
vn 0.8896 -0.4527 0.0608
vn 0.8492 -0.5243 0.0631
vn 0.9651 -0.2596 0.0341
vn 0.9886 -0.1501 -0.0057
vn 0.9898 -0.1402 0.0237
vn 0.9895 -0.1282 -0.0668
vn 0.9967 -0.0815 -0.0030
vn 0.9402 -0.2528 0.2281
vn 0.8768 -0.3559 0.3234
vn 0.9974 -0.0711 -0.0099
vn 0.9986 -0.0082 0.0516
vn 0.9858 -0.1107 0.1261
vn 0.9981 0.0289 0.0552
vn 0.9934 -0.0544 0.1006
vn 0.9969 -0.0771 0.0180
vn 0.9883 0.1187 0.0959
vn -0.4332 0.6806 0.5909
vn 0.8367 0.3230 0.4423
vn 0.8160 0.3982 0.4191
vn 0.7887 0.4245 0.4447
vn 0.9506 -0.2311 0.2070
vn -0.3322 -0.8169 -0.4714
vn -0.6569 -0.6686 -0.3486
vn -0.4890 -0.8520 -0.1867
vn 0.0751 -0.8418 -0.5345
vn 0.5058 -0.5079 0.6973
vn 0.2701 -0.3945 0.8783
vn -0.5289 -0.6583 -0.5357
vn -0.8453 -0.3768 -0.3788
vn 0.1498 -0.0816 0.9853
vn 0.7060 0.6620 0.2517
vn 0.6052 0.7473 0.2743
vn 0.5683 0.5937 0.5697
vn 0.7065 0.4660 0.5327
vn 0.2949 0.3631 0.8839
vn 0.4372 0.2826 0.8538
vn 0.8856 0.3035 0.3516
vn 0.8211 0.1403 0.5533
vn 0.5572 -0.0844 0.8261
vn 0.7632 -0.2518 0.5950
vn 0.9148 -0.1766 0.3632
vn 0.5354 -0.4050 0.7411
vn 0.6488 0.7510 0.1225
vn 0.5739 0.8140 0.0896
vn 0.9037 0.3788 0.1997
vn 0.9666 -0.0683 0.2468
vn 0.6295 0.7753 0.0524
vn 0.5460 0.8376 0.0180
vn 0.9043 0.4256 0.0337
vn 0.9951 0.0348 0.0927
vn 0.0397 0.1085 0.9933
vn -0.0044 0.1592 0.9872
vn -0.0407 0.0488 0.9980
vn 0.0739 0.1639 0.9837
vn 0.1722 -0.2607 0.9499
vn -0.0023 -0.2349 0.9720
vn 0.2914 -0.5146 0.8064
vn 0.0658 -0.4198 0.9052
vn 0.5829 0.8095 -0.0702
vn 0.6363 0.7614 0.1242
vn 0.8301 0.5469 -0.1089
vn 0.9873 0.1573 -0.0204
vn 0.5249 0.8409 -0.1318
vn 0.6031 0.7953 0.0614
vn 0.7570 0.6323 -0.1646
vn 0.9569 0.2655 -0.1178
vn 0.4496 0.8751 -0.1790
vn 0.6228 0.7782 -0.0809
vn 0.6681 0.7074 -0.2308
vn 0.8999 0.3649 -0.2388
vn 0.3206 0.9106 -0.2609
vn 0.5898 0.7944 -0.1451
vn 0.5081 0.7865 -0.3510
vn 0.7715 0.4716 -0.4271
vn 0.2749 0.8491 -0.4511
vn 0.1857 0.9211 -0.3421
vn 0.5089 0.5656 -0.6490
vn 0.9127 0.0167 -0.4082
vn 0.6702 -0.0030 -0.7422
vn 0.9828 -0.0256 -0.1832
vn 0.9947 -0.0954 -0.0371
vn 0.9789 -0.1802 0.0961
vn 0.9373 -0.2854 0.2000
vn 0.8796 -0.3970 0.2620
vn 0.8063 -0.5018 0.3132
vn 0.6571 -0.5659 0.4980
vn 0.4854 -0.5892 0.6459
vn 0.3286 -0.6260 0.7072
vn 0.1649 -0.5858 0.7935
vn 0.8632 -0.3999 -0.3080
vn 0.6134 -0.5642 -0.5526
vn 0.9288 -0.3540 -0.1092
vn 0.9122 -0.4083 0.0351
vn 0.8666 -0.4700 0.1675
vn 0.8031 -0.5405 0.2509
vn 0.7447 -0.6013 0.2896
vn 0.6884 -0.6483 0.3251
vn 0.5848 -0.7055 0.4003
vn 0.4492 -0.7482 0.4883
vn 0.3314 -0.7565 0.5638
vn 0.1918 -0.7762 0.6006
vn 0.7485 -0.6329 -0.1979
vn 0.5070 -0.8160 -0.2776
vn 0.7657 -0.6406 -0.0581
vn 0.7369 -0.6707 0.0851
vn 0.6925 -0.6923 0.2027
vn 0.6443 -0.7103 0.2835
vn 0.6005 -0.7292 0.3280
vn 0.5504 -0.7594 0.3469
vn 0.4961 -0.7768 0.3879
vn 0.3887 -0.8216 0.4171
vn 0.3151 -0.8478 0.4265
vn 0.2183 -0.8611 0.4593
vn 0.4700 -0.8806 -0.0601
vn 0.4447 -0.8907 0.0942
vn 0.4197 -0.8850 0.2015
vn 0.4021 -0.8679 0.2917
vn 0.3819 -0.8527 0.3566
vn 0.3425 -0.8468 0.4069
vn 0.6076 -0.7942 -0.0096
vn -0.0667 -0.2740 0.9594
vn -0.0411 -0.2533 0.9665
vn -0.0068 -0.4618 0.8870
vn 0.0200 -0.3279 0.9445
vn -0.0068 -0.3573 0.9340
vn -0.0002 -0.4369 0.8995
vn 0.0646 -0.4926 0.8678
vn -0.1232 -0.5886 0.7990
vn -0.1855 -0.6422 0.7437
vn -0.0556 -0.6801 0.7311
vn -0.0921 -0.7099 0.6983
vn 0.0032 -0.7519 0.6593
vn 0.0226 -0.8120 0.5833
vn 0.0675 -0.9463 0.3162
vn 0.0983 -0.9149 0.3916
vn -0.0644 -0.8898 0.4517
vn 0.1118 -0.9380 0.3282
vn 0.1605 -0.8740 0.4587
vn -0.1054 -0.9657 0.2372
vn 0.2870 0.0523 -0.9565
vn 0.4956 0.6510 -0.5749
vn -0.0338 -0.9523 -0.3033
vn 0.0241 -0.7110 -0.7027
vn 0.0349 -0.8934 -0.4478
vn 0.0837 -0.9350 -0.3446
vn 0.0497 -0.9888 0.1405
vn -0.9989 -0.0468 -0.0083
vn -0.9927 -0.1182 0.0240
vn 0.9880 -0.1470 0.0484
vn 0.9792 -0.2012 0.0254
vn 0.9975 -0.0688 -0.0142
vn 0.9928 -0.1194 0.0007
vn -0.9983 -0.0572 -0.0087
vn 0.9870 -0.1532 -0.0486
vn -0.9998 -0.0209 -0.0013
vn -0.9818 -0.1890 -0.0176
vn -0.9303 -0.3657 -0.0303
vn 0.8372 -0.5297 -0.1362
vn -0.0953 -0.9637 -0.2494
vn -0.0638 -0.9281 -0.3669
vn 0.0374 -0.9799 -0.1961
vn -0.1727 -0.8658 0.4696
vn 0.0353 -0.9688 0.2455
vn -0.0271 -0.9578 -0.2861
vn -0.1892 -0.9280 0.3209
vn -0.0209 -0.9953 0.0943
vn 0.0613 -0.9979 0.0191
vn 0.0802 -0.9062 0.4151
vn 0.0173 -0.9972 0.0734
vn -0.0125 -0.9991 -0.0412
vn -0.1390 -0.9901 0.0186
vn -0.1000 -0.9855 -0.1370
vn 0.0743 -0.8882 -0.4535
vn 0.9756 -0.1586 -0.1519
vn 0.9418 -0.2052 -0.2664
vn -0.9718 -0.1198 -0.2030
vn -0.9417 -0.2052 -0.2666
vn -0.8478 -0.2991 -0.4379
vn 0.8482 -0.2989 -0.4372
vn -0.5761 -0.6077 -0.5466
vn 0.9181 -0.2969 -0.2626
vn -0.9674 -0.1794 -0.1788
vn 0.8814 -0.4289 -0.1980
vn 0.0210 -0.3979 -0.9172
vn -0.8451 -0.5342 0.0223
vn 0.7015 -0.6691 -0.2454
vn -0.0008 0.3235 -0.9462
vn -0.0008 0.3342 -0.9425
vn -0.3084 0.2395 -0.9206
vn -0.0709 0.1144 -0.9909
vn -0.2904 0.2795 -0.9152
vn -0.3520 0.0715 -0.9333
vn -0.0644 -0.6751 -0.7349
vn -0.0011 -0.9818 -0.1897
vn -0.5576 -0.5285 -0.6402
vn 0.7164 -0.6975 -0.0163
vn 0.7066 -0.7074 -0.0186
vn 0.8617 -0.4362 0.2591
vn -0.7166 -0.6974 -0.0134
vn -0.7222 -0.6916 -0.0127
vn 0.8899 -0.2626 0.3730
vn -0.8675 -0.4429 0.2265
vn 0.1556 -0.6228 0.7667
vn -0.7854 -0.2605 0.5615
vn 0.0184 -0.6864 0.7270
vn -0.7735 -0.3990 -0.4925
vn -0.7375 -0.5056 -0.4477
vn 0.0655 -0.8691 -0.4902
vn 0.8636 -0.2539 -0.4355
vn 0.8288 -0.3471 -0.4389
vn -0.2469 -0.9401 -0.2351
vn -0.1414 -0.9082 -0.3938
vn -0.2343 -0.9105 -0.3406
vn 0.2653 -0.9482 0.1745
vn -0.9181 0.3900 -0.0711
vn -0.9551 0.2588 -0.1445
vn 0.0782 -0.9114 -0.4041
vn -0.1116 0.7575 0.6432
vn -0.0918 0.7319 0.6752
vn -0.1210 0.7040 0.6998
vn -0.0934 0.7191 0.6886
vn 0.2898 -0.7633 -0.5774
vn -0.8175 -0.1882 -0.5443
vn -0.6110 -0.1768 -0.7716
vn -0.0375 -0.6496 0.7593
vn 0.1181 -0.3684 0.9222
vn -0.8441 0.2405 -0.4793
vn -0.9902 0.1383 0.0171
vn -0.1056 0.6289 -0.7703
vn -0.1344 0.6324 -0.7629
vn 0.1218 -0.1191 0.9854
vn 0.0421 0.0833 0.9956
vn 0.0001 0.0503 0.9987
vn -0.0000 -0.2061 0.9785
vn -0.0000 -0.3656 0.9308
vn 0.0203 -0.5314 0.8469
vn 0.0114 -0.7906 0.6122
vn -0.0096 -0.8850 0.4656
vn -0.0006 -0.9082 0.4184
vn 0.0001 -0.9284 0.3716
vn -0.0004 -0.9570 0.2901
vn 0.0010 -0.9814 0.1922
vn -0.0013 -0.9973 0.0739
vn 0.0113 -0.9959 -0.0897
vn -0.0189 -0.9406 -0.3391
vn -0.0262 -0.6863 -0.7268
vn -0.0100 -0.0435 -0.9990
vn -0.0048 0.6072 -0.7945
vn 0.0036 0.8714 -0.4906
vn -0.0004 0.9247 -0.3807
vn -0.8619 0.4305 -0.2679
vn 0.0270 0.9472 -0.3195
vn 0.4485 0.8506 -0.2743
vn 0.7164 -0.6575 -0.2334
vn -0.9183 -0.1508 -0.3659
vn 0.0671 0.8308 -0.5525
vn 0.9589 0.2680 -0.0937
vn 0.8741 0.4015 -0.2733
vn 0.9848 -0.1580 -0.0718
vn 0.9320 -0.2459 -0.2663
vn 0.9403 -0.2621 -0.2171
vn -0.0451 -0.3609 0.9315
vn 0.0514 -0.2516 0.9665
vn 0.0270 -0.2300 0.9728
vn 0.0001 -0.2282 0.9736
vn 0.1643 -0.3915 0.9054
vn 0.1980 -0.3128 0.9290
vn -0.1524 -0.3121 0.9378
vn 0.2436 -0.4156 0.8763
vn 0.8368 -0.5030 -0.2164
vn 0.3260 -0.9325 0.1554
vn -0.3497 -0.9243 0.1531
vn 0.1708 -0.9846 0.0383
vn 0.9223 -0.2779 -0.2687
vn -0.9697 -0.0869 -0.2283
vn -0.9596 -0.1439 -0.2419
vn -0.9707 -0.0785 -0.2273
vn -0.9467 -0.1469 -0.2867
vn -0.8897 -0.2367 -0.3903
vn 0.2655 -0.9637 -0.0285
vn -0.0315 -0.9934 0.1105
vn 0.7469 -0.6186 -0.2440
vn 0.6828 -0.7035 -0.1972
vn 0.4146 -0.8962 0.1580
vn -0.5404 -0.8320 0.1254
vn 0.3792 -0.9016 0.2080
vn 0.9757 -0.2113 -0.0584
vn 0.5428 -0.7062 0.4545
vn 0.9757 -0.2113 -0.0585
vn 0.0348 -0.5581 0.8290
vn 0.7005 0.6081 -0.3735
vn 0.4096 0.8477 -0.3371
vn -0.9059 0.4214 0.0427
vn -0.9074 0.3726 0.1945
vn -0.8356 0.5052 -0.2155
vn -0.0366 -0.1470 0.9885
vn 0.0013 -0.1620 0.9868
vn 0.1048 -0.1367 0.9850
vn 0.1036 -0.2451 0.9639
vn -0.7668 -0.6419 -0.0083
vn -0.2727 -0.2904 0.9172
vn -0.2615 -0.9586 0.1124
vn 0.0357 -0.9992 0.0175
vn 0.2892 -0.9029 0.3179
vn 0.0062 -0.4265 0.9045
vn 0.2184 -0.3595 0.9072
vn -0.2941 -0.2576 0.9204
vn 0.1192 -0.1375 0.9833
vn -0.6790 -0.7114 0.1810
vn -0.7120 -0.6446 0.2785
vn -0.4983 -0.6533 0.5699
vn -0.9096 -0.3156 -0.2704
vn -0.9095 -0.3156 -0.2705
vn -0.7106 0.5973 -0.3719
vn -0.4811 0.8586 -0.1770
vn 0.9227 0.3711 -0.1043
vn 0.9227 0.3710 -0.1043
vn -0.0049 -0.1538 0.9881
vn 0.0407 -0.1513 0.9877
vn -0.1094 -0.1338 0.9850
vn -0.0840 -0.2338 0.9687
vn -0.3127 -0.8963 0.3145
vn -0.3683 -0.8697 0.3287
vn -0.3683 -0.8697 0.3286
vn 0.0285 -0.4624 0.8862
vn 0.1532 -0.9867 0.0538
vn 0.0181 -0.9998 -0.0096
vn -0.2262 -0.9300 0.2898
vn -0.1879 -0.3246 0.9270
vn -0.2584 -0.4817 0.8374
vn -0.0143 -0.4029 0.9151
vn -0.1273 -0.1356 0.9825
vt 0.965060 0.230150
vt 0.976700 0.232030
vt 0.976590 0.234600
vt 0.965200 0.233480
vt 0.950910 0.229720
vt 0.953480 0.233540
vt 0.987710 0.236350
vt 0.988090 0.234480
vt 0.522350 0.165010
vt 0.523660 0.165200
vt 0.528580 0.175520
vt 0.526170 0.175840
vt 0.535390 0.187720
vt 0.531200 0.188780
vt 0.518610 0.155430
vt 0.519110 0.155180
vt 0.925910 0.229870
vt 0.931120 0.228750
vt 0.932770 0.233370
vt 0.926150 0.233220
vt 0.918430 0.238090
vt 0.905120 0.236370
vt 0.905130 0.227510
vt 0.918800 0.231460
vt 0.904580 0.218710
vt 0.919680 0.227350
vt 0.918980 0.247310
vt 0.905130 0.248800
vt 0.919910 0.258350
vt 0.905500 0.263170
vt 0.920570 0.269970
vt 0.922840 0.276940
vt 0.908460 0.293550
vt 0.901990 0.284180
vt 0.557530 0.232230
vt 0.564020 0.243190
vt 0.560270 0.245240
vt 0.554100 0.234100
vt 0.516340 0.248170
vt 0.524610 0.246520
vt 0.526520 0.257290
vt 0.517320 0.258770
vt 0.499980 0.250220
vt 0.507980 0.249630
vt 0.508410 0.259850
vt 0.499990 0.260410
vt 0.549870 0.237240
vt 0.555280 0.248390
vt 0.550220 0.251300
vt 0.545110 0.240190
vt 0.539160 0.242510
vt 0.543250 0.253460
vt 0.534620 0.255820
vt 0.532030 0.244590
vt 0.942030 0.234300
vt 0.936820 0.228410
vt 0.541940 0.200420
vt 0.536380 0.201550
vt 0.549470 0.223760
vt 0.555170 0.222300
vt 0.548730 0.212110
vt 0.542960 0.212900
vt 0.034940 0.230170
vt 0.035120 0.233590
vt 0.023550 0.234770
vt 0.023320 0.232030
vt 0.049140 0.229740
vt 0.046880 0.233470
vt 0.012530 0.236720
vt 0.011920 0.234470
vt 0.477730 0.165010
vt 0.473730 0.175960
vt 0.471380 0.175500
vt 0.476380 0.165270
vt 0.468770 0.188900
vt 0.464640 0.187770
vt 0.480890 0.155180
vt 0.481300 0.155460
vt 0.074150 0.229900
vt 0.073900 0.233240
vt 0.067280 0.233350
vt 0.068930 0.228790
vt 0.081620 0.238120
vt 0.081260 0.231510
vt 0.094940 0.227570
vt 0.094940 0.236410
vt 0.080390 0.227400
vt 0.095480 0.218790
vt 0.081050 0.247350
vt 0.094940 0.248860
vt 0.080110 0.258400
vt 0.094520 0.263230
vt 0.079490 0.270000
vt 0.098030 0.284210
vt 0.091520 0.293560
vt 0.077250 0.276940
vt 0.442420 0.232270
vt 0.445880 0.234090
vt 0.439670 0.245290
vt 0.435910 0.243230
vt 0.483550 0.248220
vt 0.482670 0.258780
vt 0.473440 0.257320
vt 0.475310 0.246590
vt 0.491590 0.259870
vt 0.491960 0.249670
vt 0.450090 0.237270
vt 0.444640 0.248450
vt 0.454850 0.240240
vt 0.449730 0.251360
vt 0.460790 0.242600
vt 0.467890 0.244670
vt 0.465330 0.255870
vt 0.456700 0.253500
vt 0.063240 0.228440
vt 0.058130 0.234170
vt 0.463590 0.201520
vt 0.458090 0.200470
vt 0.444780 0.222340
vt 0.450440 0.223840
vt 0.451250 0.212180
vt 0.456960 0.213070
vt 0.522670 0.236430
vt 0.528760 0.233410
vt 0.540720 0.229690
vt 0.544700 0.226610
vt 0.520380 0.227280
vt 0.512720 0.224960
vt 0.514330 0.209530
vt 0.523380 0.220960
vt 0.537690 0.215810
vt 0.527470 0.206100
vt 0.511690 0.193420
vt 0.523320 0.191260
vt 0.513930 0.138790
vt 0.514700 0.143040
vt 0.512930 0.143530
vt 0.512050 0.139670
vt 0.511140 0.143950
vt 0.510140 0.140360
vt 0.514960 0.147060
vt 0.513170 0.147350
vt 0.511360 0.147630
vt 0.514880 0.151020
vt 0.513040 0.151130
vt 0.511180 0.151210
vt 0.514760 0.155010
vt 0.512610 0.154900
vt 0.510730 0.154840
vt 0.514390 0.158770
vt 0.511930 0.158540
vt 0.509860 0.158450
vt 0.513900 0.163450
vt 0.510760 0.163110
vt 0.508380 0.162960
vt 0.512900 0.169830
vt 0.508610 0.169930
vt 0.516730 0.150800
vt 0.516860 0.146820
vt 0.518290 0.146820
vt 0.518010 0.155220
vt 0.987160 0.238220
vt 0.976520 0.236080
vt 0.516230 0.142730
vt 0.516490 0.138770
vt 0.968100 0.235500
vt 0.516850 0.159240
vt 0.517400 0.163970
vt 0.520400 0.164560
vt 0.516870 0.169490
vt 0.520710 0.175970
vt 0.500600 0.386870
vt 0.500930 0.385750
vt 0.502090 0.386050
vt 0.501140 0.387550
vt 0.501110 0.384100
vt 0.502830 0.384240
vt 0.500430 0.158920
vt 0.501010 0.158690
vt 0.501370 0.159300
vt 0.500590 0.159820
vt 0.501330 0.158150
vt 0.501980 0.158730
vt 0.501800 0.157600
vt 0.502500 0.158240
vt 0.500970 0.382390
vt 0.502510 0.382000
vt 0.505080 0.154540
vt 0.504720 0.155430
vt 0.504230 0.155410
vt 0.504560 0.154540
vt 0.504250 0.156350
vt 0.503870 0.156210
vt 0.503700 0.157130
vt 0.503290 0.156730
vt 0.502670 0.157260
vt 0.503090 0.157720
vt 0.501160 0.380670
vt 0.502460 0.380720
vt 0.504470 0.380310
vt 0.505060 0.380870
vt 0.504870 0.378540
vt 0.506750 0.378940
vt 0.508620 0.380300
vt 0.510330 0.377000
vt 0.512450 0.378370
vt 0.508130 0.375960
vt 0.514180 0.374480
vt 0.517050 0.375900
vt 0.511220 0.373210
vt 0.521410 0.373000
vt 0.517850 0.371530
vt 0.514260 0.370210
vt 0.504840 0.153620
vt 0.505380 0.153630
vt 0.521270 0.367820
vt 0.525180 0.369140
vt 0.517470 0.366520
vt 0.512460 0.179290
vt 0.501000 0.169140
vt 0.503070 0.167780
vt 0.502370 0.171760
vt 0.500960 0.172680
vt 0.506060 0.169580
vt 0.503110 0.174320
vt 0.501020 0.176550
vt 0.503860 0.176880
vt 0.504610 0.168860
vt 0.505790 0.180270
vt 0.501270 0.179900
vt 0.501700 0.183450
vt 0.505080 0.189860
vt 0.502080 0.188150
vt 0.524410 0.362910
vt 0.528010 0.363720
vt 0.520880 0.361890
vt 0.531750 0.341810
vt 0.531920 0.349770
vt 0.528360 0.349440
vt 0.528560 0.341840
vt 0.530610 0.357200
vt 0.527000 0.356600
vt 0.523580 0.355770
vt 0.524990 0.349080
vt 0.525370 0.341930
vt 0.526300 0.328210
vt 0.527700 0.334650
vt 0.524820 0.335060
vt 0.523820 0.328570
vt 0.510680 0.135320
vt 0.512550 0.134240
vt 0.514470 0.132730
vt 0.508820 0.136160
vt 0.508680 0.130740
vt 0.510260 0.129230
vt 0.505910 0.126150
vt 0.506940 0.124150
vt 0.507160 0.131680
vt 0.505080 0.127390
vt 0.502130 0.124290
vt 0.502250 0.122750
vt 0.505360 0.103780
vt 0.503920 0.105810
vt 0.503040 0.103370
vt 0.503790 0.102080
vt 0.504350 0.100400
vt 0.506420 0.101050
vt 0.503700 0.097040
vt 0.505570 0.095390
vt 0.506620 0.098470
vt 0.504280 0.098800
vt 0.502600 0.095340
vt 0.503860 0.092120
vt 0.502460 0.119530
vt 0.503660 0.378030
vt 0.506790 0.375220
vt 0.509680 0.372410
vt 0.512610 0.369370
vt 0.515650 0.365740
vt 0.518870 0.360960
vt 0.521600 0.355090
vt 0.522980 0.348700
vt 0.523480 0.341850
vt 0.522950 0.335190
vt 0.522160 0.328720
vt 0.521600 0.322160
vt 0.523070 0.322070
vt 0.525270 0.321890
vt 0.520320 0.306900
vt 0.519080 0.302290
vt 0.521540 0.301410
vt 0.523150 0.306420
vt 0.523830 0.300430
vt 0.525850 0.305910
vt 0.527650 0.321630
vt 0.528820 0.327820
vt 0.530540 0.334180
vt 0.506570 0.162690
vt 0.508080 0.158350
vt 0.508970 0.154780
vt 0.508590 0.141010
vt 0.507390 0.136870
vt 0.509320 0.144410
vt 0.509800 0.147840
vt 0.509560 0.151210
vt 0.500840 0.166120
vt 0.502510 0.164780
vt 0.507190 0.158270
vt 0.508070 0.154900
vt 0.505630 0.162290
vt 0.504660 0.161300
vt 0.506220 0.158070
vt 0.514320 0.364960
vt 0.517360 0.360120
vt 0.519960 0.354450
vt 0.521520 0.348340
vt 0.521920 0.341690
vt 0.521410 0.335170
vt 0.520750 0.328760
vt 0.520160 0.322310
vt 0.502710 0.377250
vt 0.505710 0.374490
vt 0.508390 0.371600
vt 0.511300 0.368510
vt 0.504880 0.373950
vt 0.507180 0.371040
vt 0.509830 0.367660
vt 0.510840 0.362760
vt 0.512710 0.363910
vt 0.508250 0.366830
vt 0.515540 0.359150
vt 0.517860 0.353620
vt 0.519390 0.347790
vt 0.519780 0.341480
vt 0.519370 0.335180
vt 0.518700 0.328960
vt 0.518140 0.322780
vt 0.508200 0.361420
vt 0.510080 0.356560
vt 0.513230 0.358000
vt 0.511770 0.351510
vt 0.515330 0.352670
vt 0.512920 0.346120
vt 0.516720 0.347170
vt 0.513370 0.340910
vt 0.517200 0.341290
vt 0.513200 0.335260
vt 0.516850 0.335230
vt 0.512620 0.329500
vt 0.516280 0.329190
vt 0.511620 0.323690
vt 0.515570 0.323220
vt 0.507990 0.350320
vt 0.508980 0.345370
vt 0.506650 0.355310
vt 0.509410 0.340560
vt 0.509400 0.335380
vt 0.508920 0.329890
vt 0.500660 0.338440
vt 0.501680 0.337540
vt 0.502150 0.339410
vt 0.500940 0.339320
vt 0.502510 0.342610
vt 0.503800 0.339730
vt 0.505900 0.340130
vt 0.504440 0.344760
vt 0.501320 0.341140
vt 0.505850 0.335590
vt 0.506110 0.365800
vt 0.503820 0.364890
vt 0.505400 0.360230
vt 0.501570 0.364360
vt 0.502460 0.359530
vt 0.502870 0.354520
vt 0.503680 0.349630
vt 0.505860 0.370630
vt 0.503860 0.370290
vt 0.502240 0.369650
vt 0.500920 0.369170
vt 0.504250 0.373410
vt 0.501790 0.374810
vt 0.502120 0.376380
vt 0.500890 0.373190
vt 0.500440 0.371880
vt 0.525570 0.299180
vt 0.528090 0.305260
vt 0.530120 0.321340
vt 0.531270 0.327380
vt 0.533110 0.333320
vt 0.506570 0.147190
vt 0.507160 0.147370
vt 0.506930 0.148840
vt 0.506210 0.148650
vt 0.506670 0.150330
vt 0.505800 0.150110
vt 0.506130 0.151550
vt 0.505380 0.151430
vt 0.505050 0.152630
vt 0.505660 0.152660
vt 0.506150 0.132250
vt 0.503520 0.278120
vt 0.501270 0.274750
vt 0.501250 0.273870
vt 0.503990 0.277450
vt 0.503260 0.278690
vt 0.501290 0.275650
vt 0.502910 0.279500
vt 0.502170 0.281090
vt 0.500910 0.278960
vt 0.501150 0.276900
vt 0.503040 0.335900
vt 0.502740 0.330760
vt 0.505600 0.330390
vt 0.508000 0.324220
vt 0.502670 0.325680
vt 0.505140 0.325160
vt 0.502770 0.319720
vt 0.504890 0.321070
vt 0.501770 0.317000
vt 0.503170 0.314130
vt 0.504510 0.315750
vt 0.504010 0.311590
vt 0.505420 0.312570
vt 0.505640 0.308800
vt 0.504290 0.308370
vt 0.506880 0.318430
vt 0.507200 0.313520
vt 0.507210 0.309060
vt 0.510640 0.318250
vt 0.510100 0.313620
vt 0.509870 0.308950
vt 0.512800 0.303740
vt 0.513410 0.308510
vt 0.509660 0.303810
vt 0.514670 0.317910
vt 0.513910 0.313220
vt 0.517210 0.317370
vt 0.519180 0.316820
vt 0.514670 0.303540
vt 0.515590 0.308050
vt 0.516370 0.312570
vt 0.518230 0.312000
vt 0.517360 0.307590
vt 0.518700 0.307240
vt 0.517620 0.302830
vt 0.516220 0.303240
vt 0.520550 0.316530
vt 0.507180 0.303960
vt 0.504560 0.304020
vt 0.505840 0.304020
vt 0.505050 0.283880
vt 0.504030 0.284650
vt 0.507370 0.287480
vt 0.506040 0.287930
vt 0.505730 0.283420
vt 0.508360 0.287150
vt 0.506420 0.282990
vt 0.509300 0.286820
vt 0.507470 0.282200
vt 0.509330 0.291080
vt 0.507550 0.291390
vt 0.509330 0.299080
vt 0.512120 0.299020
vt 0.508590 0.295100
vt 0.510830 0.294880
vt 0.510550 0.290830
vt 0.515060 0.298800
vt 0.513730 0.298950
vt 0.513420 0.294580
vt 0.512230 0.294750
vt 0.511630 0.290610
vt 0.516330 0.298440
vt 0.507000 0.299260
vt 0.505470 0.299410
vt 0.504260 0.299500
vt 0.506580 0.295340
vt 0.504320 0.295550
vt 0.505390 0.295470
vt 0.505980 0.291700
vt 0.505020 0.291900
vt 0.504090 0.292060
vt 0.504780 0.288380
vt 0.503390 0.288950
vt 0.504100 0.288660
vt 0.503130 0.285470
vt 0.502220 0.287050
vt 0.502670 0.286190
vt 0.501690 0.282910
vt 0.501490 0.284520
vt 0.501270 0.286130
vt 0.500740 0.281430
vt 0.500740 0.283700
vt 0.500740 0.285740
vt 0.522160 0.316340
vt 0.524670 0.316240
vt 0.527250 0.315960
vt 0.529880 0.315560
vt 0.521320 0.311580
vt 0.524260 0.311330
vt 0.527210 0.310920
vt 0.519570 0.311730
vt 0.514750 0.294140
vt 0.513000 0.290170
vt 0.517690 0.297950
vt 0.516060 0.293690
vt 0.519840 0.297120
vt 0.521560 0.296740
vt 0.510510 0.286220
vt 0.504370 0.276720
vt 0.508320 0.281080
vt 0.514250 0.289510
vt 0.504390 0.128050
vt 0.502000 0.125050
vt 0.501590 0.273060
vt 0.511650 0.285350
vt 0.502420 0.100750
vt 0.502060 0.101340
vt 0.501220 0.099920
vt 0.501310 0.099840
vt 0.502590 0.099930
vt 0.501350 0.099710
vt 0.502530 0.099200
vt 0.502270 0.098400
vt 0.501330 0.099570
vt 0.501270 0.099420
vt 0.501610 0.097670
vt 0.501100 0.099220
vt 0.500520 0.340170
vt 0.557630 0.452640
vt 0.551650 0.462830
vt 0.548150 0.455920
vt 0.553890 0.447620
vt 0.544930 0.449300
vt 0.550660 0.442240
vt 0.541870 0.443050
vt 0.547710 0.436770
vt 0.538850 0.437170
vt 0.544640 0.431340
vt 0.535660 0.431590
vt 0.541310 0.426060
vt 0.532280 0.426370
vt 0.537840 0.421090
vt 0.528730 0.421540
vt 0.534290 0.416500
vt 0.525030 0.417070
vt 0.530910 0.412330
vt 0.521350 0.412920
vt 0.527860 0.408500
vt 0.517810 0.408800
vt 0.525480 0.404710
vt 0.515240 0.404520
vt 0.524170 0.400710
vt 0.543110 0.471800
vt 0.540350 0.463080
vt 0.537850 0.455450
vt 0.535250 0.448610
vt 0.532520 0.442340
vt 0.529620 0.436530
vt 0.526530 0.431180
vt 0.523240 0.426300
vt 0.519640 0.421880
vt 0.515680 0.417960
vt 0.511260 0.414300
vt 0.505860 0.410940
vt 0.531750 0.477880
vt 0.531160 0.468190
vt 0.529950 0.460330
vt 0.528150 0.453370
vt 0.525990 0.446970
vt 0.523600 0.441080
vt 0.521050 0.435710
vt 0.518380 0.431010
vt 0.515460 0.427020
vt 0.512060 0.423930
vt 0.508220 0.421590
vt 0.504050 0.420000
vt 0.519750 0.479270
vt 0.522310 0.470950
vt 0.522250 0.464120
vt 0.521140 0.457560
vt 0.519550 0.451200
vt 0.517740 0.445280
vt 0.515850 0.439870
vt 0.514050 0.435260
vt 0.512130 0.431780
vt 0.509510 0.429590
vt 0.506560 0.428500
vt 0.503310 0.428660
vt 0.552960 0.430050
vt 0.555670 0.434690
vt 0.502470 0.310740
vt 0.502870 0.307950
vt 0.556970 0.424230
vt 0.559380 0.428130
vt 0.549960 0.424910
vt 0.503000 0.304030
vt 0.500650 0.308180
vt 0.500960 0.304650
vt 0.554290 0.418940
vt 0.546410 0.419790
vt 0.502990 0.299660
vt 0.500880 0.300390
vt 0.550190 0.413670
vt 0.542840 0.415040
vt 0.502990 0.295740
vt 0.500820 0.296670
vt 0.546610 0.409020
vt 0.539410 0.410890
vt 0.502890 0.292420
vt 0.500640 0.293430
vt 0.543190 0.405230
vt 0.502420 0.289600
vt 0.536400 0.407280
vt 0.500710 0.291100
vt 0.540620 0.402120
vt 0.501680 0.288030
vt 0.534080 0.404240
vt 0.500610 0.289690
vt 0.538800 0.400110
vt 0.501140 0.287480
vt 0.532560 0.401520
vt 0.500560 0.288980
vt 0.537870 0.399030
vt 0.500800 0.287320
vt 0.532030 0.398820
vt 0.500420 0.288430
vt 0.537630 0.398220
vt 0.500360 0.310660
vt 0.501970 0.312960
vt 0.558090 0.438830
vt 0.500250 0.312680
vt 0.561000 0.431490
vt 0.501220 0.315160
vt 0.560780 0.442330
vt 0.511070 0.476350
vt 0.516290 0.471640
vt 0.505790 0.433090
vt 0.503450 0.435560
vt 0.515410 0.467170
vt 0.508460 0.470310
vt 0.514320 0.461080
vt 0.507350 0.463930
vt 0.506570 0.457840
vt 0.513140 0.454830
vt 0.511890 0.449000
vt 0.505890 0.452180
vt 0.509770 0.434950
vt 0.507570 0.434440
vt 0.509930 0.438460
vt 0.505170 0.440230
vt 0.510720 0.443510
vt 0.505340 0.446640
vt 0.506730 0.105940
vt 0.504990 0.108180
vt 0.508750 0.102080
vt 0.509580 0.098050
vt 0.508000 0.093290
vt 0.504780 0.089210
vt 0.515540 0.086420
vt 0.521440 0.096960
vt 0.514030 0.097470
vt 0.511640 0.090730
vt 0.506510 0.085880
vt 0.511960 0.103580
vt 0.934890 0.242880
vt 0.928780 0.246240
vt 0.926650 0.238430
vt 0.933580 0.238160
vt 0.508210 0.108390
vt 0.505990 0.110330
vt 0.515890 0.105930
vt 0.509930 0.111680
vt 0.511960 0.127140
vt 0.504120 0.112310
vt 0.506880 0.113610
vt 0.504060 0.115370
vt 0.508560 0.121720
vt 0.945280 0.245610
vt 0.942930 0.244080
vt 0.945220 0.241360
vt 0.948490 0.243830
vt 0.502330 0.111330
vt 0.502020 0.115330
vt 0.939730 0.242920
vt 0.940200 0.239060
vt 0.504790 0.118090
vt 0.503080 0.158940
vt 0.502410 0.159420
vt 0.501610 0.160130
vt 0.503740 0.159980
vt 0.502640 0.160250
vt 0.501810 0.161270
vt 0.500740 0.163700
vt 0.502110 0.162650
vt 0.500620 0.160820
vt 0.500690 0.162040
vt 0.503630 0.158200
vt 0.504270 0.157400
vt 0.504910 0.156420
vt 0.505460 0.157820
vt 0.504130 0.158580
vt 0.504880 0.157640
vt 0.505520 0.155480
vt 0.505440 0.156560
vt 0.505700 0.154580
vt 0.506380 0.155480
vt 0.505970 0.153680
vt 0.506420 0.153810
vt 0.506230 0.154540
vt 0.506360 0.152750
vt 0.506910 0.153270
vt 0.507200 0.155210
vt 0.506940 0.151710
vt 0.507570 0.152450
vt 0.507550 0.150560
vt 0.508580 0.150990
vt 0.507630 0.149020
vt 0.508220 0.149140
vt 0.508890 0.147920
vt 0.507750 0.147570
vt 0.508350 0.147760
vt 0.533770 0.326950
vt 0.535660 0.332570
vt 0.508650 0.144780
vt 0.532750 0.320850
vt 0.538090 0.331900
vt 0.535860 0.326850
vt 0.535400 0.321600
vt 0.540290 0.331210
vt 0.507900 0.141370
vt 0.532180 0.315490
vt 0.533570 0.309650
vt 0.530090 0.310400
vt 0.529870 0.304260
vt 0.506710 0.137280
vt 0.527610 0.297890
vt 0.529760 0.296240
vt 0.521030 0.293130
vt 0.518160 0.292950
vt 0.505910 0.132780
vt 0.522870 0.292150
vt 0.516040 0.288480
vt 0.520380 0.286070
vt 0.517810 0.287080
vt 0.512740 0.283990
vt 0.508880 0.279150
vt 0.504350 0.128520
vt 0.513740 0.283040
vt 0.510140 0.278170
vt 0.505120 0.275900
vt 0.503010 0.272330
vt 0.501920 0.125520
vt 0.471190 0.233520
vt 0.477240 0.236530
vt 0.455200 0.226670
vt 0.459260 0.229740
vt 0.487060 0.225020
vt 0.479510 0.227460
vt 0.476680 0.221190
vt 0.485600 0.209360
vt 0.472550 0.206030
vt 0.469590 0.218890
vt 0.463470 0.221420
vt 0.462250 0.216060
vt 0.476730 0.191330
vt 0.488310 0.193470
vt 0.479260 0.176140
vt 0.487460 0.179450
vt 0.494130 0.180340
vt 0.494850 0.189840
vt 0.493220 0.162730
vt 0.495250 0.168860
vt 0.493780 0.169570
vt 0.491430 0.162990
vt 0.494180 0.162330
vt 0.496790 0.167790
vt 0.496710 0.174250
vt 0.496040 0.176830
vt 0.497440 0.171730
vt 0.491710 0.158440
vt 0.489970 0.158530
vt 0.492590 0.158400
vt 0.490870 0.154900
vt 0.489120 0.154940
vt 0.491770 0.155040
vt 0.490320 0.151310
vt 0.488690 0.151300
vt 0.491330 0.151090
vt 0.490120 0.147890
vt 0.488530 0.147660
vt 0.491080 0.147980
vt 0.490610 0.144390
vt 0.488760 0.143910
vt 0.491320 0.144770
vt 0.491360 0.140920
vt 0.489790 0.140250
vt 0.492050 0.141290
vt 0.492460 0.136710
vt 0.491020 0.136030
vt 0.493130 0.137110
vt 0.493710 0.132270
vt 0.492750 0.131720
vt 0.493940 0.132790
vt 0.495350 0.128270
vt 0.494740 0.127580
vt 0.495330 0.128850
vt 0.498020 0.125260
vt 0.497940 0.124490
vt 0.498120 0.125700
vt 0.491200 0.169860
vt 0.487020 0.169770
vt 0.498090 0.183510
vt 0.497830 0.188120
vt 0.498360 0.179950
vt 0.489110 0.163110
vt 0.486060 0.163480
vt 0.487940 0.158600
vt 0.485540 0.158840
vt 0.487260 0.154990
vt 0.485130 0.155110
vt 0.486830 0.151210
vt 0.484970 0.151090
vt 0.486710 0.147380
vt 0.484900 0.147070
vt 0.486970 0.143470
vt 0.485200 0.142960
vt 0.487900 0.139540
vt 0.485940 0.138650
vt 0.489200 0.135220
vt 0.487380 0.134170
vt 0.491150 0.130770
vt 0.489670 0.129320
vt 0.494040 0.126300
vt 0.493270 0.124220
vt 0.498020 0.122750
vt 0.498070 0.119410
vt 0.483170 0.169570
vt 0.479680 0.164660
vt 0.481880 0.155320
vt 0.483110 0.159310
vt 0.482620 0.164040
vt 0.483120 0.150850
vt 0.023700 0.236350
vt 0.013230 0.238920
vt 0.481510 0.146830
vt 0.483370 0.138570
vt 0.483620 0.142630
vt 0.482970 0.146820
vt 0.032270 0.235760
vt 0.485520 0.132690
vt 0.487980 0.127210
vt 0.059860 0.238850
vt 0.054940 0.240910
vt 0.051230 0.238250
vt 0.491530 0.121710
vt 0.495720 0.117820
vt 0.498870 0.111330
vt 0.498960 0.115320
vt 0.496950 0.115320
vt 0.496980 0.112350
vt 0.496430 0.108150
vt 0.497620 0.105800
vt 0.498920 0.107820
vt 0.498570 0.103390
vt 0.499480 0.104510
vt 0.495170 0.101140
vt 0.496330 0.103770
vt 0.494850 0.105840
vt 0.492770 0.102050
vt 0.497210 0.100480
vt 0.497830 0.102090
vt 0.492040 0.098140
vt 0.495030 0.098510
vt 0.497380 0.098830
vt 0.497850 0.092030
vt 0.496190 0.095330
vt 0.493890 0.093160
vt 0.496710 0.089060
vt 0.499150 0.095290
vt 0.498040 0.097060
vt 0.495250 0.110320
vt 0.493170 0.108310
vt 0.489670 0.103340
vt 0.487510 0.097790
vt 0.490690 0.089870
vt 0.495370 0.085710
vt 0.073370 0.238440
vt 0.070530 0.270410
vt 0.071650 0.265160
vt 0.060180 0.242650
vt 0.066430 0.238100
vt 0.065030 0.242800
vt 0.498620 0.385770
vt 0.498900 0.386900
vt 0.498310 0.387560
vt 0.497380 0.386020
vt 0.498770 0.158700
vt 0.499310 0.158910
vt 0.499190 0.159840
vt 0.498390 0.159320
vt 0.498450 0.384150
vt 0.496710 0.384120
vt 0.498450 0.158170
vt 0.497780 0.158760
vt 0.498520 0.382380
vt 0.496990 0.381970
vt 0.497940 0.157650
vt 0.497250 0.158290
vt 0.497090 0.380680
vt 0.498400 0.380650
vt 0.496650 0.157790
vt 0.497060 0.157360
vt 0.494970 0.380400
vt 0.494250 0.380850
vt 0.499150 0.160830
vt 0.498160 0.160150
vt 0.497340 0.159460
vt 0.496680 0.158980
vt 0.496130 0.158270
vt 0.496400 0.156880
vt 0.496010 0.157210
vt 0.495470 0.157480
vt 0.495760 0.156430
vt 0.495420 0.156480
vt 0.494800 0.156550
vt 0.495480 0.155610
vt 0.495020 0.155610
vt 0.494230 0.155660
vt 0.495180 0.154750
vt 0.494690 0.154760
vt 0.494080 0.154800
vt 0.494940 0.153880
vt 0.494410 0.153880
vt 0.493830 0.153920
vt 0.494180 0.152920
vt 0.494790 0.152900
vt 0.493470 0.152980
vt 0.494160 0.150370
vt 0.494520 0.151700
vt 0.493760 0.151800
vt 0.493290 0.150530
vt 0.492950 0.151920
vt 0.492460 0.150700
vt 0.493830 0.148850
vt 0.493090 0.149010
vt 0.492390 0.149150
vt 0.492910 0.147500
vt 0.493520 0.147340
vt 0.492300 0.147660
vt 0.492510 0.379180
vt 0.490510 0.380590
vt 0.488910 0.377060
vt 0.486720 0.378430
vt 0.485180 0.374410
vt 0.482160 0.375810
vt 0.481540 0.371460
vt 0.477800 0.372680
vt 0.478300 0.367600
vt 0.474380 0.368510
vt 0.471560 0.363510
vt 0.475290 0.362680
vt 0.499100 0.162050
vt 0.497970 0.161290
vt 0.497340 0.164750
vt 0.497700 0.162630
vt 0.499040 0.163680
vt 0.498940 0.166120
vt 0.498870 0.169160
vt 0.495800 0.378080
vt 0.494550 0.378570
vt 0.492650 0.375310
vt 0.491270 0.376070
vt 0.493740 0.374550
vt 0.496790 0.377280
vt 0.489700 0.372410
vt 0.488170 0.373180
vt 0.490890 0.371660
vt 0.483970 0.365810
vt 0.486870 0.369320
vt 0.485220 0.370220
vt 0.482070 0.366670
vt 0.485330 0.364940
vt 0.488190 0.368450
vt 0.480900 0.360830
vt 0.478970 0.361550
vt 0.482370 0.360080
vt 0.478250 0.354960
vt 0.476350 0.355540
vt 0.479790 0.354400
vt 0.476820 0.348570
vt 0.474860 0.348890
vt 0.478330 0.348230
vt 0.476290 0.341770
vt 0.474540 0.341850
vt 0.477860 0.341620
vt 0.475220 0.334980
vt 0.476920 0.335110
vt 0.478440 0.335060
vt 0.478430 0.322000
vt 0.477870 0.328560
vt 0.476300 0.328440
vt 0.476920 0.321900
vt 0.479900 0.322220
vt 0.479240 0.328610
vt 0.479520 0.316450
vt 0.477950 0.316260
vt 0.480850 0.316750
vt 0.482530 0.302890
vt 0.481580 0.307250
vt 0.479990 0.306930
vt 0.481070 0.302340
vt 0.483820 0.303230
vt 0.482800 0.307570
vt 0.480560 0.311650
vt 0.478850 0.311500
vt 0.481850 0.311950
vt 0.482430 0.297980
vt 0.483720 0.298500
vt 0.484960 0.298820
vt 0.485990 0.289540
vt 0.487190 0.290240
vt 0.485400 0.294250
vt 0.484200 0.293760
vt 0.488610 0.285480
vt 0.489800 0.286390
vt 0.488500 0.290690
vt 0.490930 0.286920
vt 0.486640 0.294620
vt 0.497140 0.160280
vt 0.496060 0.160020
vt 0.495640 0.158660
vt 0.494880 0.157740
vt 0.494300 0.156700
vt 0.493390 0.155650
vt 0.493550 0.154750
vt 0.493370 0.154030
vt 0.492890 0.153460
vt 0.498830 0.172660
vt 0.498600 0.176540
vt 0.495140 0.161340
vt 0.496220 0.277540
vt 0.492780 0.282360
vt 0.491950 0.281260
vt 0.495780 0.276840
vt 0.496650 0.278180
vt 0.493810 0.283040
vt 0.498880 0.273980
vt 0.498440 0.273170
vt 0.498950 0.274840
vt 0.472900 0.356260
vt 0.471530 0.349180
vt 0.471460 0.341660
vt 0.472450 0.334520
vt 0.473900 0.328090
vt 0.474760 0.321750
vt 0.475440 0.316110
vt 0.475900 0.311230
vt 0.477060 0.306400
vt 0.478620 0.301410
vt 0.480360 0.297150
vt 0.484050 0.288330
vt 0.482060 0.293000
vt 0.487130 0.283910
vt 0.469150 0.356900
vt 0.468020 0.349380
vt 0.468390 0.341510
vt 0.469650 0.334010
vt 0.471400 0.327700
vt 0.472420 0.321480
vt 0.472860 0.315800
vt 0.472920 0.310790
vt 0.474340 0.305840
vt 0.476310 0.300370
vt 0.478650 0.296740
vt 0.479100 0.293080
vt 0.482010 0.286800
vt 0.485850 0.282890
vt 0.494930 0.276040
vt 0.496850 0.272480
vt 0.491050 0.279220
vt 0.499600 0.101360
vt 0.500070 0.101900
vt 0.500460 0.099940
vt 0.500590 0.100030
vt 0.499040 0.100010
vt 0.499280 0.100780
vt 0.500300 0.099730
vt 0.500370 0.099860
vt 0.499130 0.099260
vt 0.500330 0.099580
vt 0.499970 0.097690
vt 0.499380 0.098460
vt 0.500510 0.099240
vt 0.500380 0.099430
vt 0.489330 0.278450
vt 0.494560 0.373970
vt 0.497440 0.376360
vt 0.492040 0.371080
vt 0.489570 0.367680
vt 0.486950 0.363910
vt 0.484290 0.359050
vt 0.481900 0.353570
vt 0.480460 0.347670
vt 0.480020 0.341410
vt 0.480520 0.335070
vt 0.481260 0.328840
vt 0.481920 0.322680
vt 0.482790 0.317280
vt 0.483670 0.312520
vt 0.485350 0.303390
vt 0.484460 0.308010
vt 0.486280 0.298920
vt 0.487830 0.294800
vt 0.491830 0.287240
vt 0.489640 0.290950
vt 0.496920 0.278720
vt 0.494470 0.283440
vt 0.498930 0.275690
vt 0.499050 0.339330
vt 0.499310 0.340130
vt 0.498300 0.341220
vt 0.497690 0.339470
vt 0.499350 0.338460
vt 0.498350 0.337550
vt 0.497190 0.342640
vt 0.496140 0.339740
vt 0.496980 0.335910
vt 0.467050 0.333130
vt 0.468980 0.327250
vt 0.470040 0.321140
vt 0.470220 0.315380
vt 0.470000 0.310240
vt 0.472090 0.305200
vt 0.474580 0.299110
vt 0.464510 0.332380
vt 0.466590 0.326810
vt 0.467650 0.320660
vt 0.468020 0.315300
vt 0.466580 0.309420
vt 0.470320 0.304240
vt 0.472600 0.297780
vt 0.477270 0.292070
vt 0.479390 0.285880
vt 0.493560 0.158190
vt 0.492600 0.155380
vt 0.492250 0.152640
vt 0.491680 0.147840
vt 0.491760 0.149240
vt 0.464440 0.326630
vt 0.462030 0.331680
vt 0.459890 0.330880
vt 0.464720 0.321490
vt 0.470510 0.296180
vt 0.494310 0.157940
vt 0.489790 0.356530
vt 0.491460 0.361390
vt 0.488830 0.362710
vt 0.486590 0.357930
vt 0.491210 0.366850
vt 0.493310 0.365790
vt 0.488040 0.351490
vt 0.484430 0.352590
vt 0.486940 0.346090
vt 0.483210 0.347030
vt 0.486540 0.340840
vt 0.482630 0.341190
vt 0.486710 0.335190
vt 0.483020 0.335170
vt 0.487390 0.329430
vt 0.483690 0.329100
vt 0.488350 0.323620
vt 0.484450 0.323100
vt 0.489350 0.318140
vt 0.485350 0.317790
vt 0.486130 0.313120
vt 0.489850 0.313560
vt 0.490410 0.303830
vt 0.490140 0.308920
vt 0.486600 0.308460
vt 0.487280 0.303570
vt 0.490770 0.299130
vt 0.487970 0.299020
vt 0.489260 0.294960
vt 0.491560 0.295130
vt 0.492740 0.291490
vt 0.490900 0.291190
vt 0.492820 0.287560
vt 0.494220 0.287990
vt 0.498100 0.281160
vt 0.496300 0.284690
vt 0.495160 0.283900
vt 0.497280 0.279520
vt 0.499330 0.278990
vt 0.499040 0.276910
vt 0.493390 0.370640
vt 0.495410 0.370270
vt 0.497690 0.374750
vt 0.495180 0.373400
vt 0.497050 0.369630
vt 0.498450 0.373110
vt 0.495570 0.364860
vt 0.494300 0.360200
vt 0.493240 0.355320
vt 0.491860 0.350270
vt 0.490830 0.345370
vt 0.490410 0.340510
vt 0.490560 0.335320
vt 0.491070 0.329820
vt 0.491960 0.324120
vt 0.493180 0.318410
vt 0.492720 0.313490
vt 0.497250 0.359620
vt 0.497860 0.364390
vt 0.498360 0.369180
vt 0.497140 0.354550
vt 0.496200 0.349680
vt 0.495350 0.344810
vt 0.493930 0.340110
vt 0.494090 0.335570
vt 0.494410 0.330330
vt 0.494800 0.325090
vt 0.495000 0.321050
vt 0.497090 0.319820
vt 0.495260 0.316130
vt 0.494420 0.312550
vt 0.497190 0.330720
vt 0.497360 0.325560
vt 0.497110 0.307430
vt 0.497340 0.311270
vt 0.495980 0.311720
vt 0.495960 0.307800
vt 0.498960 0.307850
vt 0.498750 0.311760
vt 0.497080 0.303340
vt 0.495710 0.303590
vt 0.498970 0.303940
vt 0.497150 0.299540
vt 0.495840 0.299480
vt 0.499160 0.300170
vt 0.497220 0.295930
vt 0.495990 0.295700
vt 0.499370 0.296640
vt 0.497330 0.292550
vt 0.496250 0.292230
vt 0.499560 0.293540
vt 0.497820 0.289740
vt 0.496890 0.289040
vt 0.499470 0.291230
vt 0.498740 0.288010
vt 0.498340 0.286940
vt 0.499350 0.289630
vt 0.499520 0.286060
vt 0.499660 0.287390
vt 0.499510 0.288650
vt 0.496530 0.315050
vt 0.494460 0.308480
vt 0.494320 0.303940
vt 0.494640 0.299500
vt 0.494910 0.295600
vt 0.495380 0.292060
vt 0.496210 0.288690
vt 0.497900 0.286190
vt 0.499210 0.284590
vt 0.498850 0.371830
vt 0.492890 0.304020
vt 0.492840 0.309020
vt 0.493120 0.299350
vt 0.493660 0.295430
vt 0.494400 0.291840
vt 0.495510 0.288400
vt 0.498820 0.283000
vt 0.497370 0.285520
vt 0.499580 0.281470
vt 0.499910 0.283730
vt 0.500120 0.285730
vt 0.500270 0.287260
vt 0.500050 0.287660
vt 0.465160 0.416530
vt 0.459870 0.410930
vt 0.462880 0.407300
vt 0.468570 0.412340
vt 0.465260 0.404290
vt 0.471610 0.408480
vt 0.456270 0.405310
vt 0.458910 0.402160
vt 0.460760 0.400170
vt 0.470820 0.421570
vt 0.474460 0.417130
vt 0.478090 0.412970
vt 0.479750 0.422020
vt 0.476190 0.426410
vt 0.483720 0.418030
vt 0.461630 0.421120
vt 0.456500 0.415100
vt 0.452880 0.409140
vt 0.467290 0.426390
vt 0.472910 0.431280
vt 0.458170 0.426100
vt 0.453040 0.419760
vt 0.449280 0.413330
vt 0.463900 0.431610
vt 0.469830 0.436630
vt 0.473900 0.404690
vt 0.466810 0.401550
vt 0.461770 0.399030
vt 0.475160 0.400740
vt 0.467370 0.398820
vt 0.462050 0.398100
vt 0.481540 0.408840
vt 0.484210 0.404520
vt 0.488230 0.414330
vt 0.493560 0.410940
vt 0.454830 0.431390
vt 0.449610 0.424720
vt 0.445680 0.417870
vt 0.460680 0.437200
vt 0.466910 0.442440
vt 0.451700 0.436850
vt 0.446650 0.429920
vt 0.442830 0.423490
vt 0.457600 0.443100
vt 0.464160 0.448700
vt 0.448650 0.442320
vt 0.443980 0.434780
vt 0.439920 0.428570
vt 0.454530 0.449370
vt 0.461500 0.455540
vt 0.445450 0.447700
vt 0.441560 0.439140
vt 0.451220 0.456070
vt 0.458860 0.463200
vt 0.447310 0.463100
vt 0.442030 0.452830
vt 0.456070 0.472000
vt 0.468000 0.468380
vt 0.467520 0.477870
vt 0.469300 0.460540
vt 0.471200 0.453540
vt 0.473390 0.447150
vt 0.475790 0.441250
vt 0.478320 0.435880
vt 0.480990 0.431150
vt 0.483920 0.427170
vt 0.487330 0.424010
vt 0.491190 0.421630
vt 0.495350 0.420000
vt 0.476990 0.471190
vt 0.479350 0.479360
vt 0.477070 0.464380
vt 0.478250 0.457750
vt 0.479860 0.451370
vt 0.481670 0.445460
vt 0.483520 0.440080
vt 0.485320 0.435410
vt 0.487250 0.431860
vt 0.489840 0.429690
vt 0.492830 0.428590
vt 0.496050 0.428770
vt 0.483150 0.471920
vt 0.488520 0.476830
vt 0.484050 0.467610
vt 0.485090 0.461420
vt 0.486260 0.455120
vt 0.487500 0.449240
vt 0.488660 0.443730
vt 0.489440 0.438670
vt 0.489580 0.435130
vt 0.491770 0.434560
vt 0.493530 0.433210
vt 0.495900 0.435650
vt 0.491080 0.470960
vt 0.492050 0.464410
vt 0.492790 0.458190
vt 0.493470 0.452430
vt 0.494020 0.446820
vt 0.494210 0.440370
vt 0.494100 0.113750
vt 0.491280 0.111750
vt 0.485850 0.106120
vt 0.484590 0.237940
vt 0.492460 0.241210
vt 0.499920 0.223380
vt 0.506650 0.234750
vt 0.499930 0.235180
vt 0.499960 0.209510
vt 0.499960 0.197520
vt 0.499980 0.192720
vt 0.499980 0.189040
vt 0.499910 0.183960
vt 0.499850 0.180460
vt 0.499810 0.176980
vt 0.499890 0.173000
vt 0.499900 0.166320
vt 0.499940 0.169360
vt 0.499900 0.163870
vt 0.499890 0.161020
vt 0.499890 0.162230
vt 0.499890 0.159990
vt 0.499860 0.158940
vt 0.499790 0.385730
vt 0.499750 0.387090
vt 0.499710 0.388270
vt 0.499780 0.384150
vt 0.499760 0.382390
vt 0.499800 0.379870
vt 0.499790 0.376460
vt 0.499820 0.377940
vt 0.499650 0.372250
vt 0.499700 0.374370
vt 0.499630 0.369130
vt 0.499690 0.364170
vt 0.499860 0.359410
vt 0.499910 0.354690
vt 0.499900 0.350370
vt 0.499860 0.343990
vt 0.499930 0.346590
vt 0.499870 0.340520
vt 0.499860 0.341940
vt 0.499990 0.339270
vt 0.499990 0.336660
vt 0.499990 0.338060
vt 0.499960 0.334580
vt 0.499980 0.330800
vt 0.499970 0.326130
vt 0.500030 0.321460
vt 0.499830 0.318510
vt 0.501060 0.081190
vt 0.500840 0.086420
vt 0.500860 0.089990
vt 0.500880 0.094460
vt 0.500800 0.097310
vt 0.500830 0.099680
vt 0.500800 0.098990
vt 0.500860 0.100120
vt 0.500820 0.102200
vt 0.501090 0.100020
vt 0.500770 0.105060
vt 0.501570 0.101880
vt 0.502090 0.104500
vt 0.500680 0.108520
vt 0.500590 0.111740
vt 0.502490 0.107820
vt 0.500470 0.115310
vt 0.500300 0.118790
vt 0.500150 0.121360
vt 0.500000 0.123300
vt 0.500010 0.124440
vt 0.500040 0.125120
vt 0.499920 0.270870
vt 0.499960 0.272020
vt 0.500010 0.273050
vt 0.500100 0.273920
vt 0.500110 0.274880
vt 0.500120 0.276290
vt 0.500090 0.278450
vt 0.500130 0.281060
vt 0.500320 0.283490
vt 0.500450 0.285650
vt 0.500570 0.287260
vt 0.500300 0.288300
vt 0.461970 0.397380
vt 0.467290 0.396300
vt 0.532190 0.396320
vt 0.537690 0.397530
vt 0.523500 0.396480
vt 0.475870 0.396520
vt 0.512770 0.399940
vt 0.486650 0.399940
vt 0.499690 0.408200
vt 0.499690 0.419450
vt 0.499690 0.429220
vt 0.499690 0.437350
vt 0.499690 0.443010
vt 0.499690 0.448410
vt 0.499690 0.453920
vt 0.499690 0.459660
vt 0.499690 0.466010
vt 0.499690 0.473350
vt 0.499690 0.482980
vt 0.483860 0.489850
vt 0.466640 0.489750
vt 0.515960 0.489710
vt 0.451620 0.481740
vt 0.533180 0.489320
vt 0.441920 0.469450
vt 0.547700 0.481070
vt 0.437140 0.456420
vt 0.556880 0.468990
vt 0.562050 0.456320
vt 0.500200 0.314560
vt 0.563720 0.444380
vt 0.435720 0.444590
vt 0.438750 0.442680
vt 0.497850 0.317470
vt 0.499640 0.316850
vt 0.562600 0.434690
vt 0.499840 0.315980
vt 0.563910 0.436760
vt 0.438700 0.432990
vt 0.437160 0.435950
vt 0.435790 0.437170
vt 0.497480 0.314390
vt 0.499220 0.314530
vt 0.498210 0.316200
vt 0.499390 0.315990
vt 0.493210 0.234780
vt 0.515300 0.237870
vt 0.507440 0.241180
vt 0.499950 0.242490
vt 0.530510 0.218750
vt 0.535300 0.231250
vt 0.464680 0.231330
vt 0.536600 0.221150
vt 0.071200 0.246270
vt 0.039490 0.235600
vt 0.037810 0.236880
vt 0.962940 0.236860
vt 0.961200 0.235670
vt 0.486510 0.086150
vt 0.494500 0.079340
vt 0.501260 0.075360
vt 0.507590 0.079580
vt 0.480570 0.097460
vt 0.071970 0.256510
vt 0.929530 0.270380
vt 0.928400 0.265110
vt 0.928040 0.256450
vt 0.057030 0.243600
vt 0.955800 0.236680
vt 0.949190 0.238670
vt 0.051760 0.243140
vt 0.047710 0.240990
vt 0.042660 0.238700
vt 0.044900 0.236440
vt 0.958480 0.238990
vt 0.952900 0.241640
vt 0.054730 0.244950
vt 0.529220 0.159570
vt 0.536240 0.170440
vt 0.543770 0.184840
vt 0.521370 0.149580
vt 0.977250 0.225120
vt 0.989360 0.227810
vt 0.963890 0.223130
vt 0.948110 0.221630
vt 0.561780 0.233600
vt 0.567430 0.241420
vt 0.571740 0.238940
vt 0.563860 0.229820
vt 0.925700 0.218560
vt 0.550660 0.197200
vt 0.922610 0.221920
vt 0.903770 0.210710
vt 0.903100 0.205480
vt 0.562320 0.218060
vt 0.568920 0.226710
vt 0.556590 0.208500
vt 0.576160 0.234770
vt 0.470790 0.159570
vt 0.463760 0.170440
vt 0.456260 0.184890
vt 0.478650 0.149580
vt 0.010660 0.227810
vt 0.022770 0.225120
vt 0.036140 0.223130
vt 0.051940 0.221650
vt 0.432520 0.241470
vt 0.438180 0.233650
vt 0.428200 0.238980
vt 0.436100 0.229870
vt 0.074380 0.218610
vt 0.449360 0.197260
vt 0.077450 0.221960
vt 0.096280 0.210770
vt 0.096960 0.205550
vt 0.431020 0.226750
vt 0.437650 0.218110
vt 0.443390 0.208560
vt 0.423790 0.234800
s 1
usemtl defaultMat.005
f 1/1/1 7/2/2 163/3/3 1306/4/4
f 6/5/5 1/1/1 1306/4/4 160/6/6
f 162/7/7 163/3/3 7/2/2 8/8/8
f 1297/9/9 3/10/10 4/11/11 161/12/12
f 161/12/12 4/11/13 5/13/14 90/14/15
f 1297/9/9 162/15/7 8/16/8 3/10/10
f 13/17/16 9/18/17 158/19/18 10/20/19
f 1302/21/20 14/22/21 15/23/22 1262/24/23
f 1262/24/23 15/23/22 11/25/24 12/26/25
f 12/26/25 13/17/16 10/20/19 1262/24/23
f 156/27/26 17/28/27 14/22/21 1302/21/20
f 157/29/28 16/30/28 17/28/27 156/27/26
f 1301/31/29 1298/32/30 2/33/30 18/34/31
f 157/29/28 1301/31/29 18/34/31 16/30/28
f 19/35/32 22/36/33 21/37/34 1261/38/35
f 81/39/36 24/40/37 26/41/38 29/42/39
f 71/43/40 23/44/41 28/45/42 27/46/43
f 81/39/36 29/42/39 28/45/42 23/44/41
f 1272/47/44 1261/38/35 21/37/34 20/48/45
f 20/48/45 30/49/46 1273/50/47 1272/47/44
f 1260/51/48 25/52/49 31/53/50 32/54/51
f 26/41/38 24/40/37 32/54/51 31/53/50
f 1260/51/48 1273/50/47 30/49/46 25/52/49
f 160/6/6 159/55/52 33/56/53 6/5/5
f 9/18/17 33/56/53 159/55/52 158/19/18
f 90/14/15 5/13/14 34/57/54 87/58/55
f 19/35/32 1261/38/35 1282/59/56 35/60/57
f 36/61/58 35/60/57 1282/59/56 84/62/59
f 34/57/54 36/61/58 84/62/59 87/58/55
f 37/63/60 1307/64/61 760/65/62 42/66/63
f 41/67/64 757/68/65 1307/64/61 37/63/60
f 759/69/66 43/70/67 42/66/63 760/65/62
f 1299/71/68 758/72/69 39/73/70 38/74/71
f 758/72/69 688/75/72 40/76/73 39/73/70
f 1299/71/68 38/74/74 43/77/67 759/78/66
f 48/79/75 45/80/76 755/81/77 44/82/78
f 1303/83/79 1264/84/80 50/85/81 49/86/82
f 1264/84/80 47/87/83 46/88/84 50/85/81
f 47/87/83 1264/84/80 45/80/76 48/79/75
f 753/89/85 1303/83/79 49/86/82 52/90/86
f 754/91/87 753/89/85 52/90/86 51/92/88
f 1300/93/89 53/94/89 2/95/90 1298/96/90
f 754/91/87 51/92/88 53/94/89 1300/93/89
f 54/97/91 1263/98/92 56/99/93 57/100/94
f 678/101/95 63/102/96 61/103/97 59/104/98
f 71/43/40 27/46/43 62/105/99 58/106/100
f 678/101/95 58/106/100 62/105/99 63/102/96
f 1277/107/101 55/108/102 56/99/93 1263/98/92
f 55/108/102 1277/107/101 1276/109/103 64/110/104
f 679/111/105 66/112/106 65/113/107 60/114/108
f 61/103/97 65/113/107 66/112/106 59/104/98
f 679/111/105 60/114/108 64/110/104 1276/109/103
f 757/68/65 41/67/64 67/115/109 756/116/110
f 44/82/78 755/81/77 756/116/110 67/115/109
f 688/75/72 685/117/111 68/118/112 40/76/73
f 54/97/91 69/119/113 1285/120/114 1263/98/92
f 70/121/115 682/122/116 1285/120/114 69/119/113
f 68/118/112 685/117/111 682/122/116 70/121/115
f 32/54/51 24/40/37 1289/123/117 1290/124/118
f 1272/47/44 1273/50/47 1293/125/119 1294/126/120
f 1268/127/121 82/128/122 85/129/123 1269/130/124
f 84/62/59 1275/131/125 86/132/126 87/58/55
f 86/132/126 85/129/123 88/133/127 89/134/128
f 87/58/55 86/132/126 89/134/128 90/14/15
f 133/135/129 132/136/130 110/137/131 111/138/132
f 111/138/133 110/137/131 141/139/134 142/140/135
f 132/136/130 131/141/136 109/142/137 110/137/131
f 110/137/131 109/142/137 140/143/138 141/139/134
f 131/141/136 130/144/139 108/145/140 109/142/137
f 109/142/137 108/145/140 139/146/141 140/143/138
f 130/144/139 129/147/142 107/148/143 108/145/140
f 108/145/140 107/148/143 138/149/144 139/146/141
f 129/147/142 128/150/145 106/151/146 107/148/143
f 107/148/143 106/151/146 137/152/147 138/149/144
f 128/150/145 127/153/148 105/154/149 106/151/146
f 106/151/146 105/154/149 136/155/150 137/152/147
f 127/153/148 126/156/151 104/157/152 105/154/149
f 1314/158/153 1315/159/154 119/160/155 118/161/156
f 162/7/7 118/162/156 119/163/157 163/3/3
f 119/160/155 1315/159/154 1316/164/158 120/165/159
f 119/163/157 120/166/159 1306/4/4 163/3/3
f 120/165/159 1316/164/158 132/136/130 133/135/129
f 128/150/145 129/147/142 118/161/156 1308/167/160
f 127/153/148 128/150/145 1308/167/160 1309/168/161
f 1297/9/9 117/169/162 118/161/156 162/15/7
f 127/153/148 1309/168/161 1310/170/163 126/156/151
f 161/12/12 116/171/164 117/169/162 1297/9/9
f 90/14/15 89/134/128 116/171/164 161/12/12
f 171/172/165 169/173/166 166/174/167 165/175/168
f 169/173/166 170/176/169 167/177/170 166/174/167
f 165/178/168 166/179/167 174/180/171 173/181/172
f 166/179/167 167/182/170 175/183/173 174/180/171
f 167/182/170 168/184/174 176/185/175 175/183/173
f 170/176/169 172/186/176 168/187/174 167/177/170
f 181/188/177 180/189/178 189/190/179 190/191/180
f 180/189/178 179/192/181 188/193/182 189/190/179
f 179/192/181 178/194/183 187/195/184 188/193/182
f 168/184/174 186/196/185 177/197/186 176/185/175
f 178/194/183 177/197/186 186/196/185 187/195/184
f 172/186/176 195/198/187 225/199/188 168/187/174
f 168/187/174 225/199/188 226/200/189 186/201/185
f 225/199/188 251/202/190 227/203/191 226/200/192
f 226/200/192 227/203/191 187/204/184 186/201/193
f 227/203/191 228/205/194 188/206/182 187/204/184
f 251/202/190 250/207/195 228/205/194 227/203/191
f 228/205/194 229/208/196 189/209/179 188/206/182
f 250/207/195 238/210/197 229/208/196 228/205/194
f 190/211/180 189/209/179 229/208/196 230/212/198
f 230/212/198 229/208/196 238/210/197 237/213/199
f 190/191/180 191/214/200 182/215/201 181/188/177
f 230/212/198 231/216/202 191/217/200 190/211/180
f 237/213/199 236/218/203 231/216/202 230/212/198
f 88/133/127 125/219/204 116/171/164 89/134/128
f 221/220/205 224/221/206 220/222/207 219/223/208
f 105/154/149 104/157/152 135/224/209 136/155/150
f 220/222/207 257/225/210 255/226/211 219/223/208
f 135/224/209 258/227/212 257/225/213 91/228/214
f 126/156/151 125/219/204 103/229/215 104/157/152
f 104/157/152 103/229/215 258/227/212 135/224/209
f 257/225/213 258/227/212 256/230/216 255/226/211
f 258/227/212 103/229/215 259/231/217 256/230/216
f 125/219/204 88/133/127 260/232/218 103/229/215
f 103/229/215 260/232/218 261/233/219 259/231/217
f 191/217/200 231/216/202 254/234/220 253/235/221
f 235/236/222 254/234/220 231/216/202 236/218/203
f 264/237/223 263/238/224 266/239/225 267/240/226
f 263/238/224 262/241/227 265/242/228 266/239/225
f 235/236/222 239/243/229 265/242/228 254/234/220
f 266/239/225 265/242/228 239/243/229 240/244/230
f 254/234/220 265/242/228 262/241/227 253/235/221
f 240/244/230 241/245/231 267/240/226 266/239/225
f 271/246/232 270/247/233 249/248/234 242/249/235
f 111/138/132 112/250/236 134/251/237 133/135/129
f 133/135/129 134/251/237 121/252/238 120/165/159
f 142/140/135 143/253/239 112/250/240 111/138/133
f 112/250/236 113/254/241 278/255/242 134/251/237
f 113/254/241 114/256/243 279/257/244 278/255/242
f 143/253/239 281/258/245 113/254/246 112/250/240
f 281/258/245 282/259/247 114/256/243 113/254/246
f 282/259/247 283/260/248 115/261/249 114/256/243
f 147/262/250 1351/263/251 1352/264/252 298/265/253
f 147/262/250 298/265/253 299/266/254 148/267/255
f 300/268/256 149/269/257 1326/270/258 1327/271/259
f 149/269/257 300/268/256 301/272/260 150/273/261
f 114/256/243 115/261/249 280/274/262 279/257/244
f 195/198/187 196/275/263 251/202/190 225/199/188
f 196/275/263 197/276/264 250/207/195 251/202/190
f 197/276/264 232/277/265 238/210/197 250/207/195
f 232/277/265 198/278/266 237/213/199 238/210/197
f 198/278/266 199/279/267 236/218/203 237/213/199
f 199/279/267 200/280/268 235/236/222 236/218/203
f 200/280/268 201/281/269 239/243/229 235/236/222
f 201/281/269 202/282/270 240/244/230 239/243/229
f 202/282/270 203/283/271 241/245/231 240/244/230
f 203/283/271 248/284/272 249/248/234 241/245/231
f 249/248/234 248/284/272 204/285/273 242/249/235
f 204/285/273 205/286/274 243/287/275 242/249/235
f 241/245/231 249/248/234 270/247/233 267/240/226
f 242/249/235 243/287/275 272/288/276 271/246/232
f 245/289/277 246/290/278 275/291/279 274/292/280
f 335/293/281 334/294/282 274/292/280 275/291/279
f 332/295/283 331/296/284 271/246/232 272/288/276
f 267/240/226 270/247/233 330/297/285 264/237/223
f 331/296/284 330/297/285 270/247/233 271/246/232
f 91/228/214 92/298/286 136/155/150 135/224/209
f 92/298/286 93/299/287 137/152/147 136/155/150
f 93/299/287 94/300/288 138/149/144 137/152/147
f 143/253/239 142/140/135 98/301/289 99/302/290
f 142/140/135 141/139/134 97/303/291 98/301/289
f 141/139/134 140/143/138 96/304/292 97/303/291
f 94/300/288 95/305/293 139/146/141 138/149/144
f 140/143/138 139/146/141 95/305/293 96/304/292
f 220/222/207 224/221/206 91/228/294 257/225/210
f 221/220/205 194/306/295 223/307/296 224/221/206
f 94/300/288 93/299/287 345/308/297 346/309/298
f 93/299/299 92/298/300 344/310/301 345/308/302
f 91/228/294 224/221/206 344/310/301 92/298/300
f 223/307/296 352/311/303 344/310/301 224/221/206
f 345/308/302 344/310/301 352/311/303 353/312/304
f 308/313/305 309/314/306 200/280/268 199/279/267
f 309/314/306 310/315/307 201/281/269 200/280/268
f 310/315/307 311/316/308 202/282/270 201/281/269
f 311/316/308 312/317/309 203/283/271 202/282/270
f 312/317/309 313/318/310 248/284/272 203/283/271
f 248/284/272 313/318/310 314/319/311 204/285/273
f 314/319/311 315/320/312 205/286/274 204/285/273
f 304/321/313 305/322/314 197/276/264 196/275/263
f 305/322/314 306/323/315 232/277/265 197/276/264
f 306/323/315 307/324/316 198/278/266 232/277/265
f 198/278/266 307/324/316 308/313/305 199/279/267
f 305/322/314 1365/325/317 1366/326/318 306/323/315
f 306/323/315 1366/326/318 1367/327/319 307/324/316
f 358/328/320 1368/329/321 1367/327/319 377/330/322
f 308/313/305 1368/329/321 1369/331/323 309/314/306
f 309/314/306 1369/331/323 1370/332/324 310/315/307
f 311/316/308 310/315/307 1370/332/324 1371/333/325
f 312/317/309 311/316/308 1371/333/325 1372/334/326
f 313/318/310 312/317/309 1372/334/326 1373/335/327
f 314/319/311 313/318/310 1373/335/327 1374/336/328
f 314/319/311 1374/336/328 1375/337/329 315/320/312
f 380/338/330 381/339/331 359/340/332 358/328/320
f 381/339/331 382/341/333 360/342/334 359/340/332
f 382/341/333 383/343/335 361/344/336 360/342/334
f 383/343/335 384/345/337 362/346/338 361/344/336
f 384/345/337 385/347/339 363/348/340 362/346/338
f 385/347/339 386/349/341 364/350/342 363/348/340
f 386/349/341 387/351/343 365/352/344 364/350/342
f 392/353/345 393/354/346 383/343/335 382/341/333
f 391/355/347 392/353/345 382/341/333 381/339/331
f 393/354/346 394/356/348 384/345/337 383/343/335
f 394/356/348 395/357/349 385/347/339 384/345/337
f 395/357/349 396/358/350 386/349/341 385/347/339
f 325/359/351 328/360/352 327/361/353 324/362/354
f 407/363/355 406/364/356 402/365/357 401/366/358
f 326/367/359 327/361/353 406/364/356 407/363/355
f 402/365/357 403/368/360 395/357/349 394/356/348
f 358/328/320 377/330/322 379/369/361 380/338/330
f 389/370/362 390/371/363 380/338/330 379/369/361
f 381/339/331 380/338/330 390/371/363 391/355/347
f 390/371/363 389/370/362 441/372/364 440/373/365
f 390/371/363 440/373/365 399/374/366 391/355/347
f 399/374/366 400/375/367 392/353/345 391/355/347
f 376/376/368 378/377/369 379/369/361 377/330/322
f 389/370/362 439/378/370 442/379/371 441/372/364
f 379/369/361 378/377/369 439/378/370 389/370/362
f 375/380/372 374/381/373 378/377/369 376/376/368
f 375/380/372 1365/325/317 1376/382/374 374/381/373
f 439/378/370 445/383/375 443/384/376 442/379/371
f 378/377/369 374/381/373 445/383/375 439/378/370
f 400/375/367 401/366/358 393/354/346 392/353/345
f 394/356/348 393/354/346 401/366/358 402/365/357
f 342/385/377 341/386/378 334/294/282 335/293/281
f 339/387/379 338/388/380 331/296/284 332/295/283
f 331/296/284 338/388/380 337/389/381 330/297/285
f 330/390/285 337/391/381 185/392/382 264/393/223
f 264/393/223 185/392/382 184/394/383 263/395/224
f 184/394/383 183/396/384 262/397/227 263/395/224
f 253/398/221 252/399/385 182/215/201 191/214/200
f 262/397/227 183/396/384 252/399/385 253/398/221
f 143/253/239 99/302/290 100/400/386 281/258/245
f 322/401/387 452/402/388 288/403/389 234/404/390
f 322/401/387 1377/405/391 1378/406/392 452/402/388
f 372/407/393 470/408/394 471/409/395 453/410/396
f 327/361/353 328/360/352 405/411/397 406/364/356
f 406/364/356 405/411/397 403/368/360 402/365/357
f 405/411/397 483/412/398 404/413/399 403/368/360
f 403/368/360 404/413/399 396/358/350 395/357/349
f 396/358/350 397/414/400 387/351/343 386/349/341
f 483/412/398 489/415/401 490/416/402 404/413/399
f 404/413/399 490/416/402 397/414/400 396/358/350
f 489/415/401 484/417/403 491/418/404 490/416/402
f 423/419/405 424/420/406 485/421/407 484/417/403
f 424/420/406 425/422/408 486/423/409 485/421/407
f 487/424/410 486/423/409 425/422/408 426/425/411
f 490/416/402 491/418/404 398/426/412 397/414/400
f 484/417/403 485/421/407 398/426/412 491/418/404
f 485/421/407 486/423/409 492/427/413 398/426/412
f 487/424/410 466/428/414 492/427/413 486/423/409
f 397/414/400 398/426/412 388/429/415 387/351/343
f 398/426/412 492/427/413 493/430/416 388/429/415
f 466/428/414 447/431/417 493/430/416 492/427/413
f 368/432/418 367/433/419 447/431/417 448/434/420
f 387/351/343 388/429/415 366/435/421 365/352/344
f 388/429/415 493/430/416 494/436/422 366/435/421
f 447/431/417 367/433/419 494/436/422 493/430/416
f 315/320/312 1375/337/329 1379/437/423 316/438/424
f 368/432/418 1380/439/425 1381/440/426 367/433/419
f 316/438/424 1379/437/423 1382/441/427 495/442/428
f 495/442/428 1382/441/427 1381/440/426 317/443/429
f 245/289/277 206/444/430 207/445/431 246/290/278
f 318/446/432 207/445/431 206/444/430 317/443/429
f 315/320/312 316/438/424 209/447/433 205/286/274
f 466/428/414 467/448/434 448/434/420 447/431/417
f 426/425/411 427/449/435 488/450/436 487/424/410
f 372/407/393 371/451/437 451/452/438 470/408/394
f 451/452/438 371/451/437 499/453/439 498/454/440
f 372/407/393 1377/405/391 1383/455/441 371/451/437
f 1384/456/442 1383/455/441 321/457/443 500/458/444
f 322/401/387 234/404/390 233/459/445 321/457/443
f 499/453/439 370/460/446 450/461/447 498/454/440
f 448/434/420 449/462/448 369/463/449 368/432/418
f 449/462/448 503/464/450 504/465/451 369/463/449
f 450/461/447 370/460/446 504/465/451 503/464/450
f 370/460/446 499/453/439 1384/456/442 1385/466/452
f 319/467/453 318/446/432 1380/439/425 1386/468/454
f 505/469/455 319/467/453 1386/468/454 1387/470/456
f 1387/470/456 1385/466/452 320/471/457 505/469/455
f 318/446/432 319/467/453 269/472/458 207/445/431
f 487/424/410 488/450/436 467/448/434 466/428/414
f 467/448/434 468/473/459 449/462/448 448/434/420
f 467/448/434 488/450/436 507/474/460 468/473/459
f 427/449/435 428/475/461 507/474/460 488/450/436
f 468/473/459 502/476/462 503/464/450 449/462/448
f 429/477/463 508/478/464 507/474/460 428/475/461
f 507/474/460 508/478/464 502/476/462 468/473/459
f 503/464/450 502/476/462 469/479/465 450/461/447
f 502/476/462 508/478/464 509/480/466 469/479/465
f 429/477/463 430/481/467 509/480/466 508/478/464
f 469/479/465 497/482/468 498/454/440 450/461/447
f 431/483/469 510/484/470 509/480/466 430/481/467
f 509/480/466 510/484/470 497/482/468 469/479/465
f 498/454/440 497/482/468 475/485/471 451/452/438
f 432/486/472 511/487/473 510/484/470 431/483/469
f 510/484/470 511/487/473 475/485/471 497/482/468
f 475/485/471 476/488/474 470/408/394 451/452/438
f 475/485/471 511/487/473 512/489/475 476/488/474
f 432/486/476 481/490/477 512/489/475 511/487/478
f 476/488/474 477/491/479 471/409/480 470/408/481
f 476/488/474 512/489/475 513/492/482 477/491/479
f 481/490/477 479/493/483 513/492/482 512/489/475
f 205/286/274 209/447/433 244/494/484 243/287/275
f 243/287/275 244/494/484 273/495/485 272/288/276
f 273/495/485 333/496/486 332/295/283 272/288/276
f 333/496/486 340/497/487 339/387/379 332/295/283
f 273/495/485 244/494/484 515/498/488 516/499/489
f 334/294/282 517/500/490 516/499/489 274/292/280
f 333/496/486 273/495/485 516/499/489 517/500/490
f 209/447/433 496/501/491 515/498/488 244/494/484
f 316/438/424 495/442/428 496/501/491 209/447/433
f 317/443/429 206/444/430 496/501/491 495/442/428
f 245/289/277 515/498/488 496/501/491 206/444/430
f 274/292/280 516/499/489 515/498/488 245/289/277
f 319/467/453 505/469/455 506/502/492 269/472/458
f 320/471/457 208/503/493 506/502/492 505/469/455
f 207/445/431 269/472/458 268/504/494 246/290/278
f 506/502/492 519/505/495 268/504/494 269/472/458
f 275/291/279 276/506/496 336/507/497 335/293/281
f 246/290/278 268/504/494 276/506/496 275/291/279
f 320/471/457 500/458/444 501/508/498 208/503/493
f 321/457/443 233/459/445 501/508/498 500/458/444
f 290/509/499 289/510/500 233/459/445 234/404/390
f 506/502/492 208/503/493 247/511/501 519/505/495
f 100/400/386 101/512/502 282/259/247 281/258/245
f 101/512/502 102/513/503 283/260/248 282/259/247
f 288/403/389 287/514/504 290/509/499 234/404/390
f 208/503/493 501/508/498 521/515/505 247/511/501
f 233/459/445 289/510/500 521/515/505 501/508/498
f 293/516/506 1353/517/507 1354/518/508 527/519/509
f 298/265/253 1352/264/252 1353/517/507 293/516/506
f 293/516/506 294/520/510 299/266/254 298/265/253
f 527/519/509 528/521/511 294/520/510 293/516/506
f 1327/271/259 1328/522/512 295/523/513 300/268/256
f 1328/522/512 1329/524/514 529/525/515 295/523/513
f 295/523/513 296/526/516 301/272/260 300/268/256
f 529/525/515 530/527/517 296/526/516 295/523/513
f 327/361/353 326/367/359 323/528/518 324/362/354
f 565/529/519 566/530/520 563/531/521 562/532/522
f 562/532/522 563/531/521 560/533/523 559/534/524
f 559/534/524 560/533/523 557/535/525 556/536/526
f 556/536/526 557/535/525 554/537/527 553/538/528
f 553/538/528 554/537/527 551/539/529 550/540/530
f 550/540/530 551/539/529 539/541/531 538/542/532
f 538/542/532 539/541/531 536/543/533 535/544/534
f 535/544/534 536/543/533 533/545/535 532/546/536
f 533/545/535 546/547/537 543/548/538 532/546/536
f 546/547/537 547/549/539 544/550/540 543/548/538
f 547/549/539 548/551/541 545/552/542 544/550/540
f 568/553/543 569/554/544 563/531/521 566/530/520
f 569/554/544 570/555/545 560/533/523 563/531/521
f 570/555/545 571/556/546 557/535/525 560/533/523
f 571/556/546 572/557/547 554/537/527 557/535/525
f 572/557/547 573/558/548 551/539/529 554/537/527
f 573/558/548 574/559/549 539/541/531 551/539/529
f 574/559/549 575/560/550 536/543/533 539/541/531
f 575/560/550 576/561/551 533/545/535 536/543/533
f 576/561/551 577/562/552 546/547/537 533/545/535
f 577/562/552 578/563/553 547/549/539 546/547/537
f 547/549/539 578/563/553 579/564/554 548/551/541
f 580/565/555 581/566/556 569/554/544 568/553/543
f 581/566/556 582/567/557 570/555/545 569/554/544
f 582/567/557 583/568/558 571/556/546 570/555/545
f 583/568/558 584/569/559 572/557/547 571/556/546
f 584/569/559 585/570/560 573/558/548 572/557/547
f 585/570/560 586/571/561 574/559/549 573/558/548
f 586/571/561 587/572/562 575/560/550 574/559/549
f 575/560/550 587/572/562 588/573/563 576/561/551
f 576/561/551 588/573/563 589/574/564 577/562/552
f 577/562/552 589/574/564 590/575/565 578/563/553
f 578/563/553 590/575/565 591/576/566 579/564/554
f 580/565/555 593/577/567 594/578/568 581/566/556
f 581/566/556 594/578/568 595/579/569 582/567/557
f 582/567/557 595/579/569 596/580/570 583/568/558
f 583/568/558 596/580/570 597/581/571 584/569/559
f 584/569/559 597/581/571 598/582/572 585/570/560
f 585/570/560 598/582/572 599/583/573 586/571/561
f 586/571/561 599/583/573 600/584/574 587/572/562
f 587/572/562 600/584/574 601/585/575 588/573/563
f 588/573/563 601/585/575 602/586/576 589/574/564
f 589/574/564 602/586/576 603/587/577 590/575/565
f 590/575/565 603/587/577 604/588/578 591/576/566
f 556/536/526 555/589/579 558/590/580 559/534/524
f 414/591/581 415/592/582 426/425/411 425/422/408
f 558/590/580 555/589/579 619/593/583 618/594/584
f 553/538/528 552/595/585 555/589/579 556/536/526
f 415/592/582 416/596/586 427/449/435 426/425/411
f 415/592/582 619/597/583 620/598/587 416/596/586
f 555/589/579 552/595/585 620/599/587 619/593/583
f 550/540/530 549/600/588 552/595/585 553/538/528
f 416/596/586 417/601/589 428/475/461 427/449/435
f 416/596/586 620/598/587 621/602/590 417/601/589
f 552/595/585 549/600/588 621/603/590 620/599/587
f 538/542/532 537/604/591 549/600/588 550/540/530
f 417/601/589 418/605/592 429/477/463 428/475/461
f 417/601/589 621/602/590 622/606/593 418/605/592
f 549/600/588 537/604/591 622/607/593 621/603/590
f 535/544/534 534/608/594 537/604/591 538/542/532
f 418/605/592 419/609/595 430/481/467 429/477/463
f 418/605/592 622/606/593 623/610/596 419/609/595
f 537/604/591 534/608/594 623/611/596 622/607/593
f 419/609/595 420/612/597 431/483/469 430/481/467
f 532/546/536 531/613/598 534/608/594 535/544/534
f 419/609/595 623/610/596 624/614/599 420/612/597
f 534/608/594 531/613/598 624/615/599 623/611/596
f 420/612/597 421/616/600 432/486/472 431/483/469
f 532/546/536 543/548/538 540/617/601 531/613/598
f 420/612/597 624/614/599 625/618/602 421/616/600
f 531/613/598 540/617/601 625/619/602 624/615/599
f 421/616/600 482/620/603 481/490/604 432/486/472
f 543/548/538 544/550/540 541/621/605 540/617/601
f 421/616/600 625/618/602 626/622/606 482/620/603
f 540/617/601 541/621/605 626/623/606 625/619/602
f 481/490/604 482/620/603 480/624/607 479/493/608
f 544/550/540 545/552/542 542/625/609 541/621/605
f 482/620/603 626/622/606 627/626/610 480/624/607
f 541/621/605 542/625/609 627/627/610 626/623/606
f 414/591/581 618/628/584 619/597/583 415/592/582
f 425/422/408 424/420/406 413/629/611 414/591/581
f 558/590/580 561/630/612 562/532/522 559/534/524
f 413/629/611 629/631/613 618/628/584 414/591/581
f 618/594/584 629/632/613 561/630/612 558/590/580
f 424/420/406 423/419/405 412/633/614 413/629/611
f 561/630/612 564/634/615 565/529/519 562/532/522
f 593/577/567 606/635/616 607/636/617 594/578/568
f 616/637/618 617/638/619 604/588/578 603/587/577
f 607/636/617 608/639/620 595/579/569 594/578/568
f 606/635/616 637/640/621 608/639/620 607/636/617
f 608/639/620 609/641/622 596/580/570 595/579/569
f 637/640/621 638/642/623 609/641/622 608/639/620
f 638/642/623 639/643/624 610/644/625 609/641/622
f 609/641/622 610/644/625 597/581/571 596/580/570
f 610/644/625 611/645/626 598/582/572 597/581/571
f 639/643/624 640/646/627 611/645/626 610/644/625
f 614/647/628 615/648/629 602/586/576 601/585/575
f 603/587/577 602/586/576 615/648/629 616/637/618
f 614/647/628 613/649/630 642/650/631 615/648/629
f 601/585/575 600/584/574 613/649/630 614/647/628
f 616/637/618 615/648/629 642/650/631 617/638/619
f 611/645/626 612/651/632 599/583/573 598/582/572
f 640/646/627 641/652/633 612/651/632 611/645/626
f 600/584/574 599/583/573 612/651/632 613/649/630
f 613/649/630 612/651/632 641/652/633 642/650/631
f 152/653/634 1355/654/635 1351/263/251 147/262/250
f 147/262/250 148/267/255 153/655/636 152/653/634
f 1330/656/637 1326/270/258 149/269/257 154/657/638
f 150/273/261 155/658/639 154/657/638 149/269/257
f 1342/659/640 1304/660/641 1331/661/642 648/662/643
f 291/663/644 648/662/643 154/657/638 155/658/639
f 153/655/636 1330/656/637 1331/661/642 647/664/645
f 645/665/646 1304/666/641 1324/667/647 1320/668/648
f 646/669/649 1356/670/650 1355/654/635 152/653/634
f 647/664/645 646/669/649 152/653/634 153/655/636
f 645/671/646 649/672/651 646/669/649 647/664/645
f 134/251/237 278/255/242 122/673/652 121/252/238
f 644/674/653 1356/670/650 1357/675/654 643/676/655
f 279/257/244 123/677/656 122/673/652 278/255/242
f 643/678/655 1357/679/654 1346/680/657 650/681/658
f 151/682/659 644/674/653 643/676/655 124/683/660
f 649/684/651 645/665/646 1320/668/648 1321/685/661
f 643/676/655 650/686/658 280/274/262 124/683/660
f 280/274/262 650/686/658 123/677/656 279/257/244
f 176/185/175 212/687/662 211/688/663 175/183/173
f 175/183/173 211/688/663 210/689/664 174/180/171
f 212/687/662 355/690/665 651/691/666 211/688/663
f 211/688/663 651/691/666 652/692/667 210/689/664
f 194/306/295 193/693/668 222/694/669 223/307/296
f 174/180/171 210/689/664 192/695/670 173/181/172
f 210/689/664 652/692/667 653/696/671 192/695/670
f 222/694/669 193/693/668 653/696/671 652/692/667
f 176/185/175 177/197/186 213/697/672 212/687/662
f 178/194/183 214/698/673 213/697/672 177/197/186
f 179/192/181 215/699/674 214/698/673 178/194/183
f 222/694/669 355/690/665 352/311/303 223/307/296
f 652/692/667 651/691/666 355/690/665 222/694/669
f 352/311/303 355/690/665 356/700/675 353/312/304
f 356/700/675 355/690/665 654/701/676 655/702/677
f 213/697/672 654/701/676 355/690/665 212/687/662
f 214/698/673 655/702/677 654/701/676 213/697/672
f 180/189/178 216/703/678 215/699/674 179/192/181
f 214/698/673 215/699/674 656/704/679 655/702/677
f 181/188/177 217/705/680 216/703/678 180/189/178
f 216/703/678 357/706/681 656/704/679 215/699/674
f 181/188/177 182/215/201 218/707/682 217/705/680
f 217/705/680 218/707/682 658/708/683 657/709/684
f 252/399/385 454/710/685 218/707/682 182/215/201
f 655/702/677 656/704/679 357/706/681 356/700/675
f 217/705/680 657/709/684 357/706/681 216/703/678
f 218/707/682 454/710/685 659/711/686 658/708/683
f 353/312/304 354/712/687 346/309/688 345/308/302
f 356/700/675 357/706/681 354/712/687 353/312/304
f 658/708/683 659/711/686 357/706/681 657/709/684
f 252/399/385 183/396/384 455/713/689 454/710/685
f 357/706/681 659/711/686 660/714/690 354/712/687
f 454/710/685 455/713/689 660/714/690 659/711/686
f 455/713/689 456/715/691 347/716/692 660/714/690
f 183/396/384 184/394/383 456/715/691 455/713/689
f 184/394/383 185/392/382 457/717/693 456/715/691
f 94/300/288 346/309/298 347/716/694 95/305/293
f 354/712/687 660/714/690 347/716/692 346/309/688
f 457/717/693 661/718/695 347/716/692 456/715/691
f 95/305/293 347/716/694 348/719/696 96/304/292
f 185/392/382 337/391/381 458/720/697 457/717/693
f 347/716/692 661/718/695 662/721/698 348/719/699
f 457/717/693 458/720/697 662/721/698 661/718/695
f 337/389/381 338/388/380 459/722/700 458/723/697
f 96/304/292 348/719/696 349/724/701 97/303/291
f 338/388/380 339/387/379 460/725/702 459/722/700
f 662/726/698 663/727/703 349/728/704 348/729/699
f 460/725/702 349/728/704 663/727/703 459/722/700
f 458/723/697 459/722/700 663/727/703 662/726/698
f 349/724/704 350/730/705 98/301/706 97/303/707
f 460/725/702 461/731/708 350/732/705 349/728/704
f 340/497/487 518/733/709 350/732/705 461/731/708
f 341/386/378 462/734/710 350/732/705 518/733/709
f 339/387/379 340/497/487 461/731/708 460/725/702
f 341/386/378 518/733/709 517/500/490 334/294/282
f 517/500/490 518/733/709 340/497/487 333/496/486
f 350/730/705 351/735/711 99/302/712 98/301/706
f 462/734/710 463/736/713 351/737/711 350/732/705
f 341/386/378 342/385/377 463/736/713 462/734/710
f 336/507/497 343/738/714 342/385/377 335/293/281
f 519/505/495 520/739/715 276/506/496 268/504/494
f 351/735/711 465/740/716 100/400/717 99/302/712
f 276/506/496 520/739/715 343/738/714 336/507/497
f 342/385/377 343/738/714 464/741/718 463/736/713
f 247/511/501 277/742/719 520/739/715 519/505/495
f 463/736/713 464/741/718 465/743/716 351/737/711
f 520/739/715 277/742/719 664/744/720 343/738/714
f 343/738/714 664/744/720 465/743/716 464/741/718
f 521/515/505 525/745/721 277/742/719 247/511/501
f 521/515/505 289/510/500 302/746/722 525/745/721
f 465/740/716 522/747/723 101/512/724 100/400/717
f 664/744/725 665/748/726 522/749/727 465/743/728
f 302/746/722 522/749/723 665/748/729 525/745/721
f 277/742/719 525/745/721 665/748/729 664/744/720
f 290/509/499 303/750/730 302/746/722 289/510/500
f 287/514/504 523/751/731 303/750/730 290/509/499
f 302/746/722 303/750/730 523/751/731 522/749/723
f 101/512/724 522/747/723 523/752/731 102/513/732
f 66/112/106 1291/753/733 1292/754/734 59/104/98
f 1277/107/101 1295/755/735 1296/756/736 1276/109/103
f 680/757/737 1271/758/738 1270/759/739 683/760/740
f 684/761/741 681/762/742 1279/763/743 1278/764/744
f 683/760/740 684/761/741 687/765/745 686/766/746
f 684/761/741 685/117/111 688/75/72 687/765/745
f 686/766/746 687/765/745 714/767/747 723/768/748
f 723/768/748 701/769/749 865/770/750 686/766/746
f 687/765/745 688/75/72 758/72/69 714/767/747
f 690/771/751 689/772/752 733/773/753 734/774/754
f 949/775/755 826/776/756 689/772/757 690/771/758
f 733/773/753 689/772/752 861/777/759 862/778/760
f 821/779/761 861/777/759 689/772/757 826/776/756
f 691/780/762 690/771/751 734/774/754 735/781/763
f 950/782/764 949/775/755 690/771/758 691/780/765
f 692/783/766 691/780/762 735/781/763 736/784/767
f 951/785/768 950/782/769 691/780/762 692/783/766
f 693/786/770 692/783/766 736/784/767 737/787/771
f 952/788/772 951/785/768 692/783/766 693/786/770
f 694/789/773 693/786/770 737/787/771 738/790/774
f 953/791/775 952/788/772 693/786/770 694/789/773
f 695/792/776 694/789/773 738/790/774 739/793/777
f 954/794/778 953/791/775 694/789/773 695/792/776
f 696/795/779 695/792/776 739/793/777 740/796/780
f 955/797/781 954/794/782 695/792/783 696/795/784
f 697/798/785 696/795/779 740/796/780 741/799/786
f 956/800/787 955/797/781 696/795/784 697/798/788
f 698/801/789 697/798/785 741/799/786 887/802/790
f 1059/803/791 956/800/787 697/798/788 698/801/792
f 699/804/793 698/801/789 887/802/790 888/805/794
f 1111/806/795 1059/803/791 698/801/792 699/804/796
f 700/807/797 699/804/793 888/805/794 889/808/798
f 1112/809/799 1111/806/795 699/804/796 700/807/800
f 702/810/801 701/769/749 723/768/748 724/811/802
f 733/773/753 862/778/760 701/769/749 702/810/801
f 863/812/803 866/813/804 865/770/750 701/769/749
f 860/814/805 863/812/803 701/769/749 862/778/760
f 703/815/806 702/810/801 724/811/802 725/816/807
f 734/774/754 733/773/753 702/810/801 703/815/806
f 704/817/808 703/815/806 725/816/807 726/818/809
f 735/781/763 734/774/754 703/815/806 704/817/808
f 705/819/810 704/817/808 726/818/809 727/820/811
f 736/784/767 735/781/763 704/817/808 705/819/810
f 706/821/812 705/819/810 727/820/811 728/822/813
f 737/787/771 736/784/767 705/819/810 706/821/812
f 707/823/814 706/821/812 728/822/813 729/824/815
f 738/790/774 737/787/771 706/821/812 707/823/814
f 708/825/816 707/823/814 729/824/815 730/826/817
f 739/793/818 738/790/819 707/823/814 708/825/816
f 709/827/820 708/825/816 730/826/817 731/828/821
f 740/796/780 739/793/777 708/825/816 709/827/820
f 710/829/822 709/827/820 731/828/821 732/830/823
f 741/799/786 740/796/780 709/827/820 710/829/824
f 711/831/825 710/829/822 732/830/823 884/832/826
f 887/802/790 741/799/786 710/829/824 711/831/827
f 712/833/828 711/831/825 884/832/826 885/834/829
f 888/805/794 887/802/790 711/831/827 712/833/830
f 713/835/831 712/833/828 885/834/829 886/836/832
f 889/808/798 888/805/794 712/833/830 713/835/831
f 714/767/747 1311/837/833 724/811/802 723/768/748
f 1299/71/68 715/838/834 714/767/747 758/72/69
f 716/839/835 1313/840/836 1312/841/837 715/838/834
f 759/78/66 716/839/835 715/838/834 1299/71/68
f 716/839/835 1317/842/838 728/822/813 727/820/811
f 760/65/62 717/843/839 716/844/835 759/69/66
f 717/845/840 718/846/841 1319/847/842 1318/848/843
f 760/65/62 1307/64/844 718/849/845 717/843/839
f 732/830/823 731/828/821 718/846/845 719/850/846
f 884/832/826 732/830/823 719/850/846 720/851/847
f 756/116/110 1323/852/848 1345/853/849 1350/854/850
f 885/834/829 884/832/826 720/851/847 721/855/851
f 885/834/829 721/855/851 1241/856/852 886/836/832
f 748/857/853 722/858/854 1234/859/855 1235/860/856
f 1241/856/852 1234/859/855 722/858/854 886/836/832
f 1358/861/857 1359/862/858 743/863/859 748/857/853
f 1359/862/858 1360/864/860 900/865/861 743/863/859
f 745/866/862 744/867/863 749/868/864 750/869/865
f 902/870/866 901/871/867 744/867/863 745/866/862
f 1332/872/868 1333/873/869 745/866/862 750/869/865
f 1333/873/869 1334/874/870 902/870/866 745/866/862
f 747/875/871 746/876/872 751/877/873 752/878/874
f 904/879/875 903/880/876 746/876/872 747/875/871
f 1235/860/856 1361/881/877 1358/861/857 748/857/853
f 750/869/865 749/868/864 1237/882/878 1238/883/879
f 1335/884/880 1332/872/868 750/869/865 1238/883/879
f 752/878/874 751/877/873 1239/885/881 894/886/882
f 1303/83/79 1325/887/883 45/80/76 1264/84/80
f 1300/93/884 1298/96/885 1338/888/886 1339/889/887
f 1240/890/888 1323/852/848 1322/891/889 1236/892/890
f 765/893/891 767/894/892 761/895/893 762/896/894
f 762/897/894 761/898/893 772/899/895 773/900/896
f 766/901/897 765/893/891 762/896/894 763/902/898
f 763/903/899 762/897/894 773/900/896 774/904/900
f 769/905/901 766/901/897 763/902/898 764/906/902
f 764/907/903 763/903/899 774/904/900 775/908/904
f 769/905/901 764/906/902 827/909/905 795/910/906
f 776/911/907 785/912/908 764/907/903 775/908/904
f 828/913/909 827/909/910 764/906/903 785/914/908
f 773/900/911 772/899/912 792/915/913 810/916/914
f 774/904/915 773/900/911 810/916/914 811/917/916
f 775/908/904 774/904/915 811/917/916 812/918/917
f 776/911/907 775/908/904 812/918/917 813/919/918
f 786/920/919 785/912/908 776/911/907 777/921/920
f 777/921/921 776/911/907 813/919/918 814/922/922
f 787/923/923 786/920/919 777/921/920 778/924/924
f 778/924/925 777/921/921 814/922/922 815/925/926
f 788/926/927 787/923/928 778/924/925 779/927/929
f 779/927/929 778/924/925 815/925/926 816/928/930
f 789/929/931 788/926/927 779/927/929 780/930/932
f 780/930/932 779/927/929 816/928/930 817/931/933
f 790/932/934 789/929/931 780/930/932 781/933/935
f 781/933/935 780/930/932 817/931/933 818/934/936
f 790/932/934 781/933/935 854/935/937 855/936/938
f 1048/937/939 854/935/937 781/933/935 818/934/936
f 869/938/940 868/939/941 782/940/942 783/941/943
f 783/941/943 782/940/942 1049/942/944 1050/943/945
f 854/935/937 782/940/942 868/939/941 855/936/938
f 1048/937/939 1049/942/944 782/940/942 854/935/937
f 870/944/946 869/938/940 783/941/943 784/945/947
f 784/945/947 783/941/943 1050/943/945 1051/946/948
f 870/944/946 784/945/947 942/947/949 935/948/950
f 942/947/949 784/945/947 1051/946/948 1052/949/951
f 829/950/952 828/913/909 785/914/908 786/951/953
f 830/952/954 829/950/952 786/951/953 787/953/928
f 831/954/955 830/952/954 787/953/928 788/955/927
f 832/956/956 831/954/955 788/955/927 789/957/931
f 833/958/957 832/956/956 789/957/931 790/959/934
f 833/958/957 790/959/934 855/960/938 856/961/958
f 810/916/914 792/915/913 1244/962/959 1243/963/960
f 825/964/961 824/965/962 793/966/963 794/967/964
f 1243/963/960 1244/962/959 793/966/963 824/965/962
f 826/776/756 825/964/961 794/967/964 823/968/965
f 796/969/966 795/910/906 827/909/905 853/970/967
f 797/971/968 796/969/966 853/970/967 852/972/969
f 908/973/970 907/974/971 796/969/966 797/971/968
f 834/975/972 797/971/968 852/972/969 840/976/973
f 909/977/974 908/973/970 797/971/968 834/975/972
f 799/978/975 798/979/976 839/980/977 838/981/978
f 911/982/979 910/983/980 798/979/976 799/978/975
f 840/976/973 839/980/977 798/979/976 834/975/972
f 834/975/972 798/979/976 910/983/980 909/977/974
f 800/984/981 799/978/975 838/981/978 837/985/982
f 912/986/983 911/982/979 799/978/975 800/984/981
f 801/987/984 800/984/981 837/985/982 841/988/985
f 913/989/986 912/986/983 800/984/981 801/987/984
f 802/990/987 801/987/984 841/988/985 842/991/988
f 914/992/989 913/989/986 801/987/984 802/990/987
f 803/993/990 802/990/987 842/991/988 843/994/991
f 915/995/992 914/992/989 802/990/987 803/993/990
f 851/996/993 850/997/994 803/993/990 843/994/991
f 916/998/995 915/995/992 803/993/990 850/997/994
f 805/999/996 804/1000/997 844/1001/998 845/1002/999
f 918/1003/1000 917/1004/1001 804/1000/997 805/999/996
f 844/1001/998 804/1000/997 850/997/994 851/996/993
f 850/997/994 804/1000/997 917/1004/1001 916/998/995
f 809/1005/1002 805/999/996 845/1002/999 846/1006/1003
f 919/1007/1004 918/1003/1000 805/999/996 809/1005/1002
f 807/1008/1005 806/1009/1006 847/1010/1007 848/1011/1008
f 921/1012/1009 920/1013/1010 806/1009/1006 807/1008/1005
f 847/1010/1007 806/1009/1006 1086/1014/1011 1104/1015/1012
f 1085/1016/1013 1086/1014/1011 806/1009/1006 920/1013/1010
f 874/1017/1014 875/1018/1015 807/1008/1005 848/1011/1008
f 922/1019/1016 921/1012/1009 807/1008/1005 875/1018/1015
f 849/1020/1017 808/1021/1018 1096/1022/1019 1108/1023/1020
f 1110/1024/1021 1091/1025/1022 808/1021/1018 849/1020/1017
f 923/1026/1023 808/1021/1018 1091/1025/1022 1090/1027/1024
f 1095/1028/1025 1096/1022/1019 808/1021/1018 923/1026/1023
f 1104/1015/1012 1086/1014/1011 809/1005/1002 846/1006/1003
f 919/1007/1004 809/1005/1002 1086/1014/1011 1085/1016/1013
f 811/917/916 810/916/914 1243/963/960 1242/1029/1026
f 812/918/917 811/917/916 1242/1029/1026 960/1030/1027
f 813/919/918 812/918/917 960/1030/1027 1246/1031/1028
f 814/922/922 813/919/918 1246/1031/1028 1247/1032/1029
f 815/925/926 814/922/922 1247/1032/1029 1248/1033/1030
f 816/928/930 815/925/926 1248/1033/1030 962/1034/1031
f 817/931/933 816/928/930 962/1034/1031 1249/1035/1032
f 818/934/936 817/931/933 1249/1035/1032 1250/1036/1033
f 1048/937/939 818/934/936 1250/1036/1033 1251/1037/1034
f 826/776/756 823/968/965 820/1038/1035 821/779/761
f 821/779/761 820/1038/1035 859/1039/1036 861/777/759
f 957/1040/1037 960/1030/1027 824/965/962 825/964/961
f 1242/1029/1026 1243/963/960 824/965/962 960/1030/1027
f 949/775/755 957/1040/1037 825/964/961 826/776/756
f 829/950/952 853/970/967 827/909/905 828/913/909
f 852/972/969 853/970/967 829/950/952 830/952/954
f 840/976/973 852/972/969 830/952/954 831/954/955
f 839/980/977 840/976/973 831/954/955 832/956/956
f 838/981/978 839/980/977 832/956/956 833/958/957
f 838/981/978 833/958/957 856/961/958 837/985/982
f 836/1041/1038 835/1042/1039 892/1043/1040 893/1044/1041
f 925/1045/1042 924/1046/1043 835/1042/1039 836/1041/1038
f 892/1043/1040 835/1042/1039 1091/1025/1022 1110/1024/1021
f 1090/1027/1024 1091/1025/1022 835/1042/1039 924/1046/1043
f 891/1047/1044 836/1041/1038 893/1044/1041 890/1048/1045
f 1046/1049/1046 925/1045/1042 836/1041/1038 891/1047/1044
f 841/988/985 837/985/982 856/961/958 871/1050/1047
f 842/991/988 841/988/985 871/1050/1047 872/1051/1048
f 843/994/991 842/991/988 872/1051/1048 873/1052/1049
f 851/996/993 843/994/991 873/1052/1049 876/1053/1050
f 845/1002/999 844/1001/998 877/1054/1051 878/1055/1052
f 876/1053/1050 877/1054/1051 844/1001/998 851/996/993
f 846/1006/1003 845/1002/999 878/1055/1052 879/1056/1053
f 1105/1057/1054 1104/1015/1012 846/1006/1003 879/1056/1053
f 848/1011/1008 847/1010/1007 880/1058/1055 881/1059/1056
f 880/1058/1055 847/1010/1007 1104/1015/1012 1105/1057/1054
f 874/1017/1014 848/1011/1008 881/1059/1056 882/1060/1057
f 883/1061/1058 849/1020/1017 1108/1023/1020 1109/1062/1059
f 1113/1063/1060 1110/1024/1021 849/1020/1017 883/1061/1058
f 856/961/958 855/960/938 868/1064/941 871/1050/1047
f 862/778/760 861/777/759 859/1039/1036 860/814/805
f 872/1051/1048 871/1050/1047 868/1064/941 869/1065/940
f 873/1052/1049 872/1051/1048 869/1065/940 870/1066/946
f 873/1052/1049 870/1066/946 935/1067/950 876/1053/1050
f 875/1018/1015 874/1017/1014 1108/1023/1020 1096/1022/1019
f 1109/1062/1059 1108/1023/1020 874/1017/1014 882/1060/1057
f 922/1019/1016 875/1018/1015 1096/1022/1019 1095/1028/1025
f 877/1054/1051 876/1053/1050 935/1067/950 936/1068/1061
f 878/1055/1052 877/1054/1051 936/1068/1061 937/1069/1062
f 879/1056/1053 878/1055/1052 937/1069/1062 938/1070/1063
f 1106/1071/1064 1105/1057/1054 879/1056/1053 938/1070/1063
f 881/1059/1056 880/1058/1055 939/1072/1065 940/1073/1066
f 939/1072/1065 880/1058/1055 1105/1057/1054 1106/1071/1064
f 882/1060/1057 881/1059/1056 940/1073/1066 941/1074/1067
f 948/1075/1068 1109/1062/1059 882/1060/1057 941/1074/1067
f 948/1075/1068 1256/1076/1069 883/1061/1058 1109/1062/1059
f 1113/1063/1060 883/1061/1058 1256/1076/1069 1257/1077/1070
f 906/1078/1071 1112/1079/799 890/1048/1045 893/1044/1041
f 893/1044/1041 892/1043/1040 905/1080/1072 906/1078/1071
f 905/1080/1072 892/1043/1040 1110/1024/1021 1113/1063/1060
f 1360/864/860 1363/1081/1073 895/1082/1074 900/865/861
f 1363/1081/1073 1364/1083/1075 1115/1084/1076 895/1082/1074
f 897/1085/1077 896/1086/1078 901/871/867 902/870/866
f 1117/1087/1079 1116/1088/1080 896/1086/1078 897/1085/1077
f 1334/874/870 1336/1089/1081 897/1085/1077 902/870/866
f 1336/1089/1081 1337/1090/1082 1117/1087/1079 897/1085/1077
f 899/1091/1083 898/1092/1084 903/880/876 904/879/875
f 1119/1093/1085 1118/1094/1086 898/1092/1084 899/1091/1083
f 906/1078/1071 905/1080/1072 1111/1095/795 1112/1079/799
f 1111/1095/795 905/1080/1072 1113/1063/1060 1257/1077/1070
f 907/974/971 908/973/970 1388/1096/1087 1389/1097/1088
f 908/973/970 909/977/974 1390/1098/1089 1388/1096/1087
f 909/977/974 910/983/980 1391/1099/1090 1390/1098/1089
f 910/983/980 911/982/979 1392/1100/1091 1391/1099/1090
f 911/982/979 912/986/983 1393/1101/1092 1392/1100/1091
f 912/986/983 913/989/986 1394/1102/1093 1393/1101/1092
f 914/992/989 1395/1103/1094 1394/1102/1093 913/989/986
f 915/995/992 1396/1104/1095 1395/1103/1094 914/992/989
f 916/998/995 1397/1105/1096 1396/1104/1095 915/995/992
f 917/1004/1001 1398/1106/1097 1397/1105/1096 916/998/995
f 917/1004/1001 918/1003/1000 1399/1107/1098 1398/1106/1097
f 918/1003/1000 919/1007/1004 1400/1108/1099 1399/1107/1098
f 1401/1109/1100 1400/1108/1099 919/1007/1004 1085/1016/1013
f 921/1012/1009 1402/1110/1101 1403/1111/1102 920/1013/1010
f 1403/1111/1102 1401/1109/1100 1085/1016/1013 920/1013/1010
f 922/1019/1016 1404/1112/1103 1402/1110/1101 921/1012/1009
f 1095/1028/1025 1405/1113/1104 1404/1112/1103 922/1019/1016
f 1090/1027/1024 1406/1114/1105 1407/1115/1106 923/1026/1023
f 923/1026/1023 1407/1115/1106 1405/1113/1104 1095/1028/1025
f 925/1045/1042 1408/1116/1107 1409/1117/1108 924/1046/1043
f 924/1046/1043 1409/1117/1108 1406/1114/1105 1090/1027/1024
f 1410/1118/1109 1408/1116/1107 925/1045/1042 1046/1049/1046
f 928/1119/1110 927/1120/1111 932/1121/1112 933/1122/1113
f 929/1123/1114 928/1119/1110 933/1122/1113 934/1124/1115
f 933/1122/1113 932/1121/1112 1011/1125/1116 1010/1126/1117
f 934/1124/1115 933/1122/1113 1010/1126/1117 1009/1127/1118
f 936/1068/1061 935/1067/950 942/1128/949 943/1129/1119
f 937/1069/1062 936/1068/1061 943/1129/1119 944/1130/1120
f 938/1070/1063 937/1069/1062 944/1130/1120 945/1131/1121
f 1107/1132/1122 1106/1071/1064 938/1070/1063 945/1131/1121
f 940/1073/1066 939/1072/1065 946/1133/1123 947/1134/1124
f 946/1133/1123 939/1072/1065 1106/1071/1064 1107/1132/1122
f 941/1074/1067 940/1073/1066 947/1134/1124 948/1075/1068
f 943/1129/1119 942/1128/949 1052/1135/951 1053/1136/1125
f 944/1130/1120 943/1129/1119 1053/1136/1125 1054/1137/1126
f 945/1131/1121 944/1130/1120 1054/1137/1126 1055/1138/1127
f 955/1139/781 1107/1132/1122 945/1131/1121 1055/1138/1127
f 947/1134/1124 946/1133/1123 1056/1140/1128 1057/1141/1129
f 1056/1140/1128 946/1133/1123 1107/1132/1122 955/1139/781
f 948/1075/1068 947/1134/1124 1057/1141/1129 1058/1142/1130
f 1059/1143/791 1256/1076/1069 948/1075/1068 1058/1142/1130
f 958/1144/1131 957/1040/1037 949/775/755 950/782/764
f 959/1145/1132 958/1144/1133 950/782/769 951/785/768
f 1252/1146/1134 959/1145/1132 951/785/768 952/788/1135
f 1254/1147/1136 1253/1148/1137 952/788/1135 953/791/1138
f 1049/942/944 1252/1146/1134 952/788/1135 1050/943/945
f 1050/943/945 952/788/1135 1253/1148/1137 1051/946/948
f 1255/1149/1139 1254/1150/1136 953/1151/1138 954/1152/782
f 1055/1138/1127 1054/1137/1126 954/1152/782 955/1139/781
f 1053/1136/1125 1255/1149/1139 954/1152/782 1054/1137/1126
f 1057/1141/1129 1056/1140/1128 955/1139/781 956/1153/787
f 1057/1141/1129 956/1153/787 1059/1143/791 1058/1142/1130
f 961/1154/1140 960/1030/1027 957/1040/1037 958/1144/1131
f 962/1034/1031 961/1154/1140 958/1144/1131 959/1145/1132
f 962/1034/1031 959/1145/1132 1252/1146/1134 1251/1037/1034
f 1247/1032/1029 1246/1031/1028 960/1030/1027 961/1154/1140
f 1248/1033/1030 1247/1032/1029 961/1154/1140 962/1034/1031
f 1249/1035/1032 962/1034/1031 1251/1037/1034 1250/1036/1033
f 985/1155/1141 984/1156/1142 963/1157/1143 964/1158/1144
f 981/1159/1145 963/1157/1143 984/1156/1142 983/1160/1146
f 986/1161/1147 985/1155/1141 964/1158/1144 965/1162/1148
f 987/1163/1149 986/1161/1147 965/1162/1148 966/1164/1150
f 988/1165/1151 987/1163/1149 966/1164/1150 967/1166/1152
f 989/1167/1153 988/1165/1151 967/1166/1152 968/1168/1154
f 990/1169/1155 989/1167/1153 968/1168/1154 969/1170/1156
f 991/1171/1157 990/1169/1155 969/1170/1156 970/1172/1158
f 992/1173/1159 991/1171/1157 970/1172/1158 971/1174/1160
f 992/1173/1159 971/1174/1160 1084/1175/1161 1083/1176/1162
f 1041/1177/1163 1040/1178/1164 972/1179/1165 973/1180/1166
f 1083/1176/1162 1084/1175/1161 972/1179/1165 1040/1178/1164
f 1042/1181/1167 1041/1177/1163 973/1180/1166 974/1182/1168
f 1042/1181/1167 974/1182/1168 1094/1183/1169 1093/1184/1170
f 1043/1185/1171 975/1186/1172 1089/1187/1173 1088/1188/1174
f 1093/1184/1170 1094/1183/1169 975/1186/1172 1043/1185/1171
f 1064/1189/1175 1044/1190/1176 976/1191/1177 977/1192/1178
f 1088/1188/1174 1089/1187/1173 976/1191/1177 1044/1190/1176
f 1065/1193/1179 1064/1189/1175 977/1192/1178 1047/1194/1180
f 980/1195/1181 982/1196/1182 978/1197/1183 979/1198/1184
f 1033/1199/1185 1038/1200/1186 978/1197/1183 982/1196/1182
f 983/1160/1146 982/1196/1182 980/1195/1181 981/1159/1145
f 993/1201/1187 1033/1199/1185 982/1196/1182 983/1160/1146
f 994/1202/1188 993/1201/1187 983/1160/1146 984/1156/1142
f 995/1203/1189 994/1202/1188 984/1156/1142 985/1155/1141
f 996/1204/1190 995/1203/1189 985/1155/1141 986/1161/1147
f 997/1205/1191 996/1204/1190 986/1161/1147 987/1163/1149
f 998/1206/1192 997/1205/1191 987/1163/1149 988/1165/1151
f 999/1207/1193 998/1206/1192 988/1165/1151 989/1167/1153
f 1000/1208/1194 999/1207/1193 989/1167/1153 990/1169/1155
f 1001/1209/1195 1000/1208/1194 990/1169/1155 991/1171/1157
f 1002/1210/1196 1001/1209/1195 991/1171/1157 992/1173/1159
f 1002/1210/1196 992/1173/1159 1083/1176/1162 1082/1211/1197
f 1034/1212/1198 1035/1213/1199 993/1201/1187 994/1202/1188
f 1033/1199/1185 993/1201/1187 1035/1213/1199 1036/1214/1200
f 1003/1215/1201 1034/1212/1198 994/1202/1188 995/1203/1189
f 1004/1216/1202 1003/1215/1201 995/1203/1189 996/1204/1190
f 1005/1217/1203 1004/1216/1202 996/1204/1190 997/1205/1191
f 1006/1218/1204 1005/1217/1203 997/1205/1191 998/1206/1192
f 1007/1219/1205 1006/1218/1204 998/1206/1192 999/1207/1193
f 1008/1220/1206 1007/1219/1205 999/1207/1193 1000/1208/1194
f 1080/1221/1207 1008/1220/1206 1000/1208/1194 1001/1209/1195
f 1081/1222/1208 1080/1221/1207 1001/1209/1195 1002/1210/1196
f 1074/1223/1209 1081/1222/1208 1002/1210/1196 1075/1224/1210
f 1075/1224/1210 1002/1210/1196 1082/1211/1197 1076/1225/1211
f 1010/1126/1117 1011/1125/1116 1005/1217/1203 1006/1218/1204
f 1009/1127/1118 1010/1126/1117 1006/1218/1204 1007/1219/1205
f 1073/1226/1212 1009/1127/1118 1007/1219/1205 1008/1220/1206
f 1073/1226/1212 1008/1220/1206 1080/1221/1207 1079/1227/1213
f 1016/1228/1214 1015/1229/1215 1025/1230/1216 1026/1231/1217
f 1217/1232/1218 1216/1233/1219 1015/1229/1215 1016/1228/1214
f 1017/1234/1220 1016/1228/1214 1026/1231/1217 1027/1235/1221
f 1218/1236/1222 1217/1232/1218 1016/1228/1214 1017/1234/1220
f 1018/1237/1223 1017/1234/1220 1027/1235/1221 1028/1238/1224
f 1219/1239/1225 1218/1236/1222 1017/1234/1220 1018/1237/1223
f 1019/1240/1226 1018/1237/1223 1028/1238/1224 1029/1241/1227
f 1220/1242/1228 1219/1239/1225 1018/1237/1223 1019/1240/1226
f 1020/1243/1229 1019/1240/1226 1029/1241/1227 1030/1244/1230
f 1221/1245/1231 1220/1242/1228 1019/1240/1226 1020/1243/1229
f 1021/1246/1232 1020/1243/1229 1030/1244/1230 1031/1247/1233
f 1222/1248/1234 1221/1245/1231 1020/1243/1229 1021/1246/1232
f 1022/1249/1235 1021/1246/1232 1031/1247/1233 1032/1250/1236
f 1223/1251/1237 1222/1248/1234 1021/1246/1232 1022/1249/1235
f 1071/1252/1238 1072/1253/1239 1022/1249/1235 1032/1250/1236
f 1224/1254/1240 1223/1251/1237 1022/1249/1235 1072/1253/1239
f 1025/1230/1216 1024/1255/1241 1075/1224/1210 1076/1225/1211
f 1026/1231/1217 1025/1230/1216 1076/1225/1211 1077/1256/1242
f 1027/1235/1221 1026/1231/1217 1077/1256/1242 1078/1257/1243
f 1028/1238/1224 1027/1235/1221 1078/1257/1243 1097/1258/1244
f 1029/1241/1227 1028/1238/1224 1097/1258/1244 1098/1259/1245
f 1030/1244/1230 1029/1241/1227 1098/1259/1245 1099/1260/1246
f 1031/1247/1233 1030/1244/1230 1099/1260/1246 1100/1261/1247
f 1032/1250/1236 1031/1247/1233 1100/1261/1247 1101/1262/1248
f 1071/1252/1238 1032/1250/1236 1101/1262/1248 1102/1263/1249
f 1037/1264/1250 1038/1200/1186 1033/1199/1185 1036/1214/1200
f 1061/1265/1251 1060/1266/1252 1040/1178/1164 1041/1177/1163
f 1082/1211/1197 1083/1176/1162 1040/1178/1164 1060/1266/1252
f 1062/1267/1253 1061/1265/1251 1041/1177/1163 1042/1181/1167
f 1062/1267/1253 1042/1181/1167 1093/1184/1170 1092/1268/1254
f 1063/1269/1255 1043/1185/1171 1088/1188/1174 1087/1270/1256
f 1092/1268/1254 1093/1184/1170 1043/1185/1171 1063/1269/1255
f 1067/1271/1257 1066/1272/1258 1044/1190/1176 1064/1189/1175
f 1087/1270/1256 1088/1188/1174 1044/1190/1176 1066/1272/1258
f 1049/942/944 1048/937/939 1251/1037/1034 1252/1146/1134
f 1052/949/951 1051/946/948 1253/1148/1137 1254/1147/1136
f 1053/1136/1125 1052/1135/951 1254/1150/1136 1255/1149/1139
f 1257/1077/1070 1256/1076/1069 1059/1143/791 1111/1095/795
f 1078/1257/1243 1077/1256/1242 1060/1266/1252 1061/1265/1251
f 1076/1225/1211 1082/1211/1197 1060/1266/1252 1077/1256/1242
f 1097/1258/1244 1078/1257/1243 1061/1265/1251 1062/1267/1253
f 1098/1259/1245 1097/1258/1244 1062/1267/1253 1092/1268/1254
f 1100/1261/1247 1099/1260/1246 1063/1269/1255 1087/1270/1256
f 1092/1268/1254 1063/1269/1255 1099/1260/1246 1098/1259/1245
f 1068/1273/1259 1067/1271/1260 1064/1189/1175 1065/1193/1179
f 1102/1263/1249 1101/1262/1248 1066/1272/1258 1067/1271/1261
f 1087/1270/1256 1066/1272/1258 1101/1262/1248 1100/1261/1247
f 1103/1274/1262 1102/1263/1263 1067/1271/1264 1068/1273/1265
f 1072/1253/1239 1071/1252/1238 1069/1275/1266 1070/1276/1267
f 1102/1263/1263 1103/1274/1262 1069/1275/1268 1071/1252/1269
f 1072/1253/1239 1070/1276/1267 1225/1277/1270 1224/1254/1240
f 1080/1221/1207 1081/1222/1208 1074/1223/1209 1079/1227/1213
f 1125/1278/1271 1124/1279/1272 1121/1280/1273 1122/1281/1274
f 1122/1281/1274 1121/1280/1273 1130/1282/1275 1137/1283/1276
f 1221/1284/1231 1222/1285/1234 1121/1280/1273 1124/1279/1272
f 1130/1282/1275 1121/1280/1273 1222/1285/1234 1223/1286/1237
f 1126/1287/1277 1125/1278/1271 1122/1281/1274 1123/1288/1278
f 1123/1288/1278 1122/1281/1274 1137/1283/1276 1140/1289/1279
f 1126/1287/1277 1123/1288/1278 1172/1290/1280 1171/1291/1281
f 1173/1292/1282 1172/1290/1280 1123/1288/1278 1140/1289/1279
f 1128/1293/1283 1127/1294/1284 1124/1279/1272 1125/1278/1271
f 1220/1295/1228 1221/1284/1231 1124/1279/1272 1127/1294/1284
f 1129/1296/1285 1128/1293/1283 1125/1278/1271 1126/1287/1277
f 1129/1296/1285 1126/1287/1277 1171/1291/1281 1170/1297/1286
f 1144/1298/1287 1143/1299/1288 1127/1294/1284 1128/1293/1283
f 1219/1300/1225 1220/1295/1228 1127/1294/1284 1143/1299/1288
f 1145/1301/1289 1144/1298/1287 1128/1293/1283 1129/1296/1285
f 1145/1301/1289 1129/1296/1285 1170/1297/1286 1169/1302/1290
f 1138/1303/1291 1137/1283/1276 1130/1282/1275 1131/1304/1292
f 1131/1304/1292 1130/1282/1275 1223/1286/1237 1224/1305/1240
f 1139/1306/1293 1138/1303/1291 1131/1304/1292 1132/1307/1294
f 1132/1307/1294 1131/1304/1292 1224/1305/1240 1225/1308/1270
f 1141/1309/1295 1140/1289/1279 1137/1283/1276 1138/1303/1291
f 1142/1310/1296 1141/1309/1295 1138/1303/1291 1139/1306/1293
f 1174/1311/1297 1173/1292/1282 1140/1289/1279 1141/1309/1295
f 1175/1312/1298 1174/1311/1297 1141/1309/1295 1142/1310/1296
f 1147/1313/1299 1146/1314/1300 1143/1299/1288 1144/1298/1287
f 1218/1315/1222 1219/1300/1225 1143/1299/1288 1146/1314/1300
f 1148/1316/1301 1147/1313/1299 1144/1298/1287 1145/1301/1289
f 1148/1316/1301 1145/1301/1289 1169/1302/1290 1168/1317/1302
f 1150/1318/1303 1149/1319/1304 1146/1314/1300 1147/1313/1299
f 1217/1320/1218 1218/1315/1222 1146/1314/1300 1149/1319/1304
f 1151/1321/1305 1150/1318/1303 1147/1313/1299 1148/1316/1301
f 1151/1321/1305 1148/1316/1301 1168/1317/1302 1167/1322/1306
f 1153/1323/1307 1152/1324/1308 1149/1319/1304 1150/1318/1303
f 1216/1325/1219 1217/1320/1218 1149/1319/1304 1152/1324/1308
f 1154/1326/1309 1153/1323/1307 1150/1318/1303 1151/1321/1305
f 1154/1326/1309 1151/1321/1305 1167/1322/1306 1166/1327/1310
f 1156/1328/1311 1155/1329/1312 1152/1324/1308 1153/1323/1307
f 1157/1330/1313 1156/1328/1311 1153/1323/1307 1154/1326/1309
f 1157/1330/1313 1154/1326/1309 1166/1327/1310 1165/1331/1314
f 1160/1332/1315 1159/1333/1316 1156/1328/1311 1157/1330/1313
f 1160/1332/1315 1157/1330/1313 1165/1331/1314 1164/1334/1317
f 1178/1335/1318 1177/1336/1319 1164/1334/1317 1165/1331/1314
f 1179/1337/1320 1178/1335/1318 1165/1331/1314 1166/1327/1310
f 1180/1338/1321 1179/1337/1320 1166/1327/1310 1167/1322/1306
f 1181/1339/1322 1180/1338/1321 1167/1322/1306 1168/1317/1302
f 1182/1340/1323 1181/1339/1322 1168/1317/1302 1169/1302/1290
f 1183/1341/1324 1182/1340/1323 1169/1302/1290 1170/1297/1286
f 1184/1342/1325 1183/1341/1324 1170/1297/1286 1171/1291/1281
f 1185/1343/1326 1184/1342/1325 1171/1291/1281 1172/1290/1280
f 1186/1344/1327 1185/1343/1326 1172/1290/1280 1173/1292/1282
f 1187/1345/1328 1186/1344/1327 1173/1292/1282 1174/1311/1297
f 1188/1346/1329 1187/1345/1328 1174/1311/1297 1175/1312/1298
f 1191/1347/1330 1190/1348/1331 1177/1336/1319 1178/1335/1318
f 1192/1349/1332 1191/1347/1330 1178/1335/1318 1179/1337/1320
f 1193/1350/1333 1192/1349/1332 1179/1337/1320 1180/1338/1321
f 1194/1351/1334 1193/1350/1333 1180/1338/1321 1181/1339/1322
f 1195/1352/1335 1194/1351/1334 1181/1339/1322 1182/1340/1323
f 1196/1353/1336 1195/1352/1335 1182/1340/1323 1183/1341/1324
f 1197/1354/1337 1196/1353/1336 1183/1341/1324 1184/1342/1325
f 1198/1355/1338 1197/1354/1337 1184/1342/1325 1185/1343/1326
f 1199/1356/1339 1198/1355/1338 1185/1343/1326 1186/1344/1327
f 1200/1357/1340 1199/1356/1339 1186/1344/1327 1187/1345/1328
f 1201/1358/1341 1200/1357/1340 1187/1345/1328 1188/1346/1329
f 1204/1359/1342 1203/1360/1343 1190/1348/1331 1191/1347/1330
f 1205/1361/1344 1204/1359/1342 1191/1347/1330 1192/1349/1332
f 1206/1362/1345 1205/1361/1344 1192/1349/1332 1193/1350/1333
f 1207/1363/1346 1206/1362/1345 1193/1350/1333 1194/1351/1334
f 1208/1364/1347 1207/1363/1346 1194/1351/1334 1195/1352/1335
f 1209/1365/1348 1208/1364/1347 1195/1352/1335 1196/1353/1336
f 1210/1366/1349 1209/1365/1348 1196/1353/1336 1197/1354/1337
f 1211/1367/1350 1210/1366/1349 1197/1354/1337 1198/1355/1338
f 1212/1368/1351 1211/1367/1350 1198/1355/1338 1199/1356/1339
f 1213/1369/1352 1212/1368/1351 1199/1356/1339 1200/1357/1340
f 1214/1370/1353 1213/1369/1352 1200/1357/1340 1201/1358/1341
f 1205/1361/1344 1228/1371/1354 1203/1360/1343 1204/1359/1342
f 1229/1372/1355 1228/1371/1354 1205/1361/1344 1206/1362/1345
f 1230/1373/1356 1229/1372/1355 1206/1362/1345 1207/1363/1346
f 1231/1374/1357 1230/1373/1356 1207/1363/1346 1208/1364/1347
f 1232/1375/1358 1231/1374/1357 1208/1364/1347 1209/1365/1348
f 1233/1376/1359 1232/1375/1358 1209/1365/1348 1210/1366/1349
f 1212/1368/1351 1233/1376/1359 1210/1366/1349 1211/1367/1350
f 1214/1370/1353 1233/1376/1359 1212/1368/1351 1213/1369/1352
f 1237/882/878 1361/881/877 1362/1377/1360 1240/1378/888
f 1237/882/878 1240/1378/888 1236/1379/890 1238/883/879
f 678/101/95 1284/1380/1361 1287/1381/1362 58/106/100
f 72/1382/1363 82/128/122 1265/1383/1364 1267/1384/1365
f 73/1385/1366 72/1382/1363 680/757/737 683/760/740
f 82/128/122 72/1382/1363 73/1385/1366 85/129/123
f 683/760/740 686/766/746 666/1386/1367 73/1385/1366
f 666/1386/1367 88/133/127 85/129/123 73/1385/1366
f 865/770/750 867/1387/1368 666/1386/1367 686/766/746
f 866/813/804 857/1388/1369 867/1387/1368 865/770/750
f 88/133/127 666/1386/1367 867/1387/1368 260/232/218
f 866/813/804 863/812/803 864/1389/1370 857/1388/1369
f 260/232/218 867/1387/1368 857/1388/1369 261/233/219
f 864/1389/1370 259/231/217 261/233/219 857/1388/1369
f 860/814/805 858/1390/1371 864/1389/1370 863/812/803
f 860/814/805 859/1039/1036 667/1391/1372 858/1390/1371
f 259/231/217 864/1389/1370 858/1390/1371 256/230/216
f 256/230/216 858/1390/1371 667/1391/1372 255/226/211
f 255/226/211 667/1391/1372 819/1392/1373 219/223/208
f 859/1039/1036 820/1038/1035 819/1392/1373 667/1391/1372
f 794/967/964 668/1393/1374 822/1394/1375 823/968/965
f 219/223/208 819/1392/1373 822/1394/1375 221/220/205
f 820/1038/1035 823/968/965 822/1394/1375 819/1392/1373
f 221/220/205 822/1394/1375 668/1393/1374 194/306/295
f 194/306/295 668/1393/1374 791/1395/1376 193/693/668
f 794/967/964 793/966/963 791/1395/1376 668/1393/1374
f 792/915/913 669/1396/1377 1245/1397/1378 1244/962/959
f 193/693/668 791/1395/1376 1245/1397/1378 653/696/671
f 793/966/963 1244/962/959 1245/1397/1378 791/1395/1376
f 653/696/671 1245/1397/1378 669/1396/1377 192/695/670
f 771/1398/1379 669/1396/1377 792/915/913 772/899/912
f 761/898/893 670/1399/1380 771/1398/1381 772/899/895
f 192/695/670 669/1396/1377 771/1398/1379 173/181/172
f 173/181/172 771/1398/1381 670/1399/1380 165/178/168
f 765/893/891 74/1400/1382 768/1401/1383 767/894/892
f 165/175/168 670/1402/1380 768/1401/1383 171/172/165
f 761/895/893 767/894/892 768/1401/1383 670/1402/1380
f 171/172/165 768/1401/1383 74/1400/1382 169/173/166
f 164/1403/1384 74/1400/1382 765/893/891 766/901/897
f 169/173/166 74/1400/1382 164/1403/1384 170/176/169
f 769/905/901 770/1404/1385 164/1403/1384 766/901/897
f 195/198/187 75/1405/1386 304/321/313 196/275/263
f 796/969/966 907/974/971 75/1405/1386 795/910/906
f 170/176/169 164/1403/1384 770/1404/1385 172/186/176
f 172/186/176 770/1404/1385 75/1405/1386 195/198/187
f 769/905/901 795/910/906 75/1405/1386 770/1404/1385
f 373/1406/1387 374/381/373 1376/382/374 1411/1407/1388
f 373/1406/1389 1411/1407/1390 1389/1097/1088 978/1197/1183
f 1037/1264/1250 444/1408/1391 1039/1409/1392 1038/1200/1186
f 374/381/373 373/1406/1387 1039/1409/1393 445/383/375
f 978/1197/1183 1038/1200/1186 1039/1409/1392 373/1406/1389
f 1036/1214/1200 434/1410/1394 444/1408/1391 1037/1264/1250
f 445/383/375 1039/1409/1393 444/1408/1395 443/384/376
f 443/384/376 444/1408/1395 434/1410/1396 442/379/371
f 442/379/371 434/1410/1396 435/1411/1397 441/372/364
f 1036/1214/1200 1035/1213/1199 435/1411/1398 434/1410/1394
f 441/372/364 435/1411/1397 436/1412/1399 440/373/365
f 1035/1213/1199 1034/1212/1198 436/1412/1399 435/1411/1398
f 440/373/365 436/1412/1399 437/1413/1400 399/374/366
f 1003/1215/1201 437/1413/1400 436/1412/1399 1034/1212/1198
f 399/374/366 437/1413/1400 438/1414/1401 400/375/367
f 1004/1216/1202 438/1414/1401 437/1413/1400 1003/1215/1201
f 1011/1125/1116 408/1415/1402 446/1416/1403 1005/1217/1203
f 400/375/367 438/1414/1401 446/1416/1403 401/366/358
f 1005/1217/1203 446/1416/1403 438/1414/1401 1004/1216/1202
f 401/366/358 446/1416/1403 408/1415/1402 407/363/355
f 927/1120/1111 926/1417/1404 931/1418/1405 932/1121/1112
f 407/363/355 408/1415/1402 931/1418/1405 326/367/359
f 932/1121/1112 931/1418/1405 408/1415/1402 1011/1125/1116
f 671/1419/1406 927/1120/1111 928/1119/1110
f 671/1419/1406 323/528/518 926/1417/1404
f 671/1419/1406 928/1119/1110 929/1123/1114
f 326/367/359 931/1418/1405 926/1417/1404 323/528/518
f 671/1419/1406 324/362/354 323/528/518
f 325/359/351 324/362/354 671/1419/1406
f 671/1419/1406 926/1417/1404 927/1120/1111
f 929/1123/1114 934/1124/1115 329/1420/1407 930/1421/1408
f 930/1421/1408 325/359/351 671/1419/1406
f 930/1421/1408 671/1419/1406 929/1123/1114
f 325/359/351 930/1421/1408 329/1420/1407 328/360/352
f 1009/1127/1118 409/1422/1409 329/1420/1407 934/1124/1115
f 328/360/352 329/1420/1407 409/1422/1409 405/411/397
f 1073/1226/1212 1045/1423/1410 409/1422/1409 1009/1127/1118
f 1073/1226/1212 1079/1227/1213 1013/1424/1411 1045/1423/1410
f 405/411/397 409/1422/1409 1045/1423/1410 483/412/398
f 1079/1227/1213 1074/1223/1209 1012/1425/1412 1013/1424/1411
f 483/412/398 1045/1423/1410 1013/1424/1411 489/415/401
f 489/415/401 1013/1424/1411 1012/1425/1412 484/417/403
f 484/417/403 1012/1425/1412 411/1426/1413 423/419/405
f 752/878/874 894/886/882 144/1427/1414 76/1428/1415
f 144/1427/1416 291/663/644 155/658/639 76/1428/1417
f 150/273/261 145/1429/1418 76/1428/1417 155/658/639
f 76/1428/1415 145/1429/1419 747/875/871 752/878/874
f 301/272/260 672/1430/1420 145/1429/1418 150/273/261
f 145/1429/1419 672/1430/1421 904/879/875 747/875/871
f 296/526/516 673/1431/1422 672/1430/1420 301/272/260
f 672/1430/1421 673/1431/1423 899/1091/1083 904/879/875
f 674/1432/1424 1116/1088/1080 1117/1087/1079
f 674/1432/1424 528/521/511 527/519/509
f 1120/1433/1425 530/527/517 674/1432/1424
f 674/1432/1424 1115/1084/1076 1364/1083/1075
f 674/1432/1424 1119/1093/1085 1120/1433/1426
f 530/527/517 1120/1433/1425 673/1431/1422 296/526/516
f 673/1431/1423 1120/1433/1426 1119/1093/1085 899/1091/1083
f 529/525/515 1329/524/514 674/1432/1424
f 530/527/517 529/525/515 674/1432/1424
f 527/519/509 1354/518/508 674/1432/1424
f 674/1432/1424 1117/1087/1079 1337/1090/1082
f 674/1432/1424 1118/1094/1086 1119/1093/1085
f 1115/1084/1076 1114/1434/1427 80/1435/1428 895/1082/1074
f 674/1432/1424 526/1436/1429 1114/1434/1427
f 1115/1084/1076 674/1432/1424 1114/1434/1427
f 80/1435/1428 79/1437/1430 900/865/861 895/1082/1074
f 292/1438/1431 80/1435/1428 1114/1434/1427 526/1436/1429
f 297/1439/1432 79/1437/1430 80/1435/1428 292/1438/1431
f 743/863/859 900/865/861 79/1437/1430 742/1440/1433
f 742/1440/1433 677/1441/1434 748/857/853 743/863/859
f 146/1442/1435 742/1440/1433 79/1437/1430 297/1439/1432
f 677/1441/1436 676/1443/1437 722/858/854 748/857/853
f 151/682/659 677/1441/1434 742/1440/1433 146/1442/1435
f 676/1443/1437 675/1444/1438 886/836/832 722/858/854
f 124/683/660 676/1443/1439 677/1441/1440 151/682/659
f 675/1444/1438 285/1445/1441 713/835/831 886/836/832
f 280/274/262 675/1444/1442 676/1443/1439 124/683/660
f 713/835/831 285/1445/1441 284/1446/1443 889/808/798
f 115/261/249 285/1445/1444 675/1444/1442 280/274/262
f 889/808/798 284/1446/1443 78/1447/1445 700/807/797
f 283/260/248 284/1446/1443 285/1445/1444 115/261/249
f 102/513/503 78/1447/1445 284/1446/1443 283/260/248
f 700/807/800 78/1447/1446 524/1448/1447 1112/809/799
f 1112/1079/799 524/1449/1447 286/1450/1448 890/1048/1045
f 523/752/731 524/1448/1449 78/1447/1450 102/513/732
f 286/1450/1448 77/1451/1451 891/1047/1044 890/1048/1045
f 287/514/504 286/1450/1448 524/1449/1449 523/751/731
f 288/403/389 77/1451/1451 286/1450/1448 287/514/504
f 891/1047/1044 77/1451/1451 472/1452/1452 1046/1049/1046
f 452/402/388 472/1452/1452 77/1451/1451 288/403/389
f 452/402/388 1378/406/392 1412/1453/1453 472/1452/1452
f 473/1454/1454 1047/1194/1180 1410/1118/1109 1412/1453/1453
f 471/409/395 474/1455/1455 473/1454/1456 453/410/396
f 1047/1194/1180 473/1454/1454 474/1455/1457 1065/1193/1179
f 477/491/1458 478/1456/1459 474/1455/1460 471/409/1461
f 474/1455/1457 478/1456/1462 1068/1273/1265 1065/1193/1179
f 1103/1274/1262 514/1457/1463 433/1458/1464 1069/1275/1268
f 513/492/482 514/1457/1463 478/1456/1462 477/491/479
f 478/1456/1462 514/1457/1463 1103/1274/1262 1068/1273/1265
f 433/1458/1465 422/1459/1466 1070/1276/1267 1069/1275/1266
f 479/493/1467 433/1458/1464 514/1457/1463 513/492/1468
f 480/624/1469 422/1459/1470 433/1458/1464 479/493/1467
f 1070/1276/1267 422/1459/1466 628/1460/1471 1225/1277/1270
f 627/626/610 628/1460/1471 422/1459/1466 480/624/607
f 1132/1307/1294 1225/1308/1270 628/1461/1471 1133/1462/1472
f 542/625/609 1133/1463/1472 628/1464/1471 627/627/610
f 545/552/542 1134/1465/1473 1133/1463/1472 542/625/609
f 1133/1462/1472 1134/1466/1473 1139/1306/1293 1132/1307/1294
f 548/551/541 1135/1467/1474 1134/1465/1473 545/552/542
f 1134/1466/1473 1135/1468/1474 1142/1310/1296 1139/1306/1293
f 1136/1469/1475 592/1470/1476 1188/1346/1329 1175/1312/1298
f 579/564/554 1136/1469/1475 1135/1467/1474 548/551/541
f 1135/1468/1474 1136/1469/1475 1175/1312/1298 1142/1310/1296
f 591/576/566 592/1470/1476 1136/1469/1475 579/564/554
f 1188/1346/1329 592/1470/1476 605/1471/1477 1201/1358/1341
f 604/588/578 605/1471/1477 592/1470/1476 591/576/566
f 1201/1358/1341 605/1471/1477 1215/1472/1478 1214/1370/1353
f 1215/1472/1478 636/1473/1479 1233/1376/1359 1214/1370/1353
f 617/638/619 1215/1472/1478 605/1471/1477 604/588/578
f 636/1473/1479 635/1474/1480 1232/1375/1358 1233/1376/1359
f 642/650/631 636/1473/1479 1215/1472/1478 617/638/619
f 635/1474/1480 634/1475/1481 1231/1374/1357 1232/1375/1358
f 641/652/633 635/1474/1480 636/1473/1479 642/650/631
f 634/1475/1481 633/1476/1482 1230/1373/1356 1231/1374/1357
f 640/646/627 634/1475/1481 635/1474/1480 641/652/633
f 633/1476/1482 632/1477/1483 1229/1372/1355 1230/1373/1356
f 639/643/624 633/1476/1482 634/1475/1481 640/646/627
f 632/1477/1483 631/1478/1484 1228/1371/1354 1229/1372/1355
f 638/642/623 632/1477/1483 633/1476/1482 639/643/624
f 637/640/621 631/1478/1484 632/1477/1483 638/642/623
f 1203/1360/1343 1202/1479/1485 1189/1480/1486 1190/1348/1331
f 606/635/616 1202/1479/1485 631/1478/1484 637/640/621
f 1228/1371/1354 631/1478/1484 1202/1479/1485 1203/1360/1343
f 1190/1348/1331 1189/1480/1486 1176/1481/1487 1177/1336/1319
f 593/577/567 1189/1482/1486 1202/1479/1485 606/635/616
f 1177/1336/1319 1176/1481/1487 1163/1483/1488 1164/1334/1317
f 580/565/555 1176/1484/1487 1189/1482/1486 593/577/567
f 1164/1334/1317 1163/1483/1488 1162/1485/1489 1160/1332/1315
f 568/553/543 1163/1486/1488 1176/1484/1487 580/565/555
f 1160/1332/1315 1162/1485/1489 1161/1487/1490 1159/1333/1316
f 566/530/520 1162/1488/1489 1163/1486/1488 568/553/543
f 565/529/519 1161/1489/1490 1162/1488/1489 566/530/520
f 412/633/614 630/1490/1491 629/631/613 413/629/611
f 564/634/615 567/1491/1492 1161/1489/1490 565/529/519
f 1161/1487/1490 567/1492/1492 1158/1493/1493 1159/1333/1316
f 1024/1255/1241 1023/1494/1494 1074/1223/1209 1075/1224/1210
f 1012/1425/1412 1074/1223/1209 1023/1494/1494 411/1426/1413
f 423/419/405 411/1426/1413 410/1495/1495 412/633/614
f 629/632/613 630/1496/1491 564/634/615 561/630/612
f 410/1495/1495 1227/1497/1496 630/1490/1491 412/633/614
f 564/634/615 630/1496/1491 1227/1498/1496 567/1491/1492
f 1156/1328/1311 1159/1333/1316 1158/1493/1493 1155/1329/1312
f 1155/1329/1312 1226/1499/1497 1216/1325/1219 1152/1324/1308
f 1158/1493/1493 1259/1500/1498 1226/1499/1497 1155/1329/1312
f 1227/1501/1496 1259/1500/1498 1158/1493/1493 567/1492/1492
f 1015/1229/1215 1014/1502/1499 1024/1255/1241 1025/1230/1216
f 1216/1233/1219 1226/1503/1497 1014/1502/1499 1015/1229/1215
f 1024/1255/1241 1014/1502/1499 1258/1504/1500 1023/1494/1494
f 1259/1505/1498 1258/1504/1500 1014/1502/1499 1226/1503/1497
f 1023/1494/1494 1258/1504/1500 410/1495/1501 411/1426/1413
f 410/1495/1501 1258/1504/1500 1259/1505/1498 1227/1497/1496
f 72/1382/1363 1267/1384/1365 1266/1506/1502 680/757/737
f 1280/1507/1503 1286/1508/1504 1265/1383/1364 82/128/122
f 1286/1508/1504 1288/1509/1505 1267/1384/1365 1265/1383/1364
f 1267/1384/1365 1288/1509/1505 1287/1381/1362 1266/1506/1502
f 81/39/36 1280/1507/1503 1289/123/117 24/40/37
f 83/1510/1506 1281/1511/1507 1290/124/118 1269/130/124
f 66/112/106 679/111/105 1283/1512/1508 1291/753/733
f 1271/758/738 680/757/737 1284/1380/1361 1292/754/734
f 1270/759/739 681/762/742 684/761/741 683/760/740
f 83/1510/1506 1269/130/124 85/129/123 86/132/126
f 1273/50/47 1260/51/48 1281/1511/1507 1293/125/119
f 1275/131/125 84/62/59 1282/59/56 1294/126/120
f 1263/98/92 1285/120/114 1295/755/735 1277/107/101
f 681/762/742 1283/1512/1508 1296/756/736 1279/763/743
f 1268/127/121 1269/130/124 1290/124/118 1289/123/117
f 1274/1513/1509 1275/131/125 1294/126/120 1293/125/119
f 1291/753/733 1270/759/739 1271/758/738 1292/754/734
f 1278/764/744 1279/763/743 1296/756/736 1295/755/735
f 1284/1380/1361 680/757/737 1266/1506/1502 1287/1381/1362
f 81/39/36 23/44/41 1286/1508/1504 1280/1507/1503
f 1286/1508/1504 23/44/41 71/43/40 1288/1509/1505
f 71/43/40 58/106/100 1287/1381/1362 1288/1509/1505
f 1280/1507/1503 82/128/122 1268/127/121 1289/123/117
f 1281/1511/1507 1260/51/48 32/54/51 1290/124/118
f 681/762/742 1270/759/739 1291/753/733 1283/1512/1508
f 678/101/95 59/104/98 1292/754/734 1284/1380/1361
f 83/1510/1506 1274/1513/1509 1293/125/119 1281/1511/1507
f 1261/38/35 1272/47/44 1294/126/120 1282/59/56
f 1285/120/114 682/122/116 1278/764/744 1295/755/735
f 1283/1512/1508 679/111/105 1276/109/103 1296/756/736
f 1304/666/641 156/27/26 1302/21/20 1324/667/647
f 1236/892/890 1322/891/889 1325/887/883 1305/1514/1510
f 1307/64/844 1347/1515/1511 719/1516/846 718/849/845
f 121/1517/238 1348/1518/1512 1306/4/4 120/166/159
f 1274/1513/1509 83/1510/1506 86/132/126 1275/131/125
f 1278/764/744 682/122/116 685/117/111 684/761/741
f 117/169/162 116/171/164 1310/170/163 1309/168/161
f 725/816/807 724/811/802 1311/837/833 1312/841/837
f 1313/840/836 726/818/809 725/816/807 1312/841/837
f 125/219/204 126/156/151 1310/170/163 116/171/164
f 715/838/834 1312/841/837 1311/837/833 714/767/747
f 118/161/156 117/169/162 1309/168/161 1308/167/160
f 727/820/811 726/818/809 1313/840/836 716/839/835
f 1314/158/153 130/144/139 131/141/136 1315/159/154
f 1315/159/154 131/141/136 132/136/130 1316/164/158
f 729/824/815 728/822/813 1317/842/838 1318/848/843
f 730/826/817 729/824/815 1318/848/843 1319/847/1513
f 129/147/142 130/144/139 1314/158/153 118/161/156
f 717/845/840 1318/848/843 1317/842/838 716/839/835
f 731/828/821 730/826/817 1319/847/1513 718/846/845
f 1324/667/647 10/20/19 158/19/18 1320/668/648
f 158/19/18 159/55/52 1321/685/661 1320/668/648
f 1323/852/848 756/116/110 755/81/77 1322/891/889
f 755/81/77 45/80/76 1325/887/883 1322/891/889
f 1302/21/20 1262/24/23 10/20/19 1324/667/647
f 1303/83/79 753/89/85 1305/1514/1510 1325/887/883
f 894/886/882 1239/885/881 1341/1519/1514 1339/1520/887
f 144/1427/1416 1338/1521/1515 1340/1522/1516 291/663/644
f 1335/884/880 1238/883/879 1236/1379/890 1305/1523/1510
f 291/663/644 1340/1522/1516 1342/659/640 648/662/643
f 148/267/255 299/266/254 1327/271/259 1326/270/258
f 1327/271/259 299/266/254 294/520/510 1328/522/512
f 1328/522/512 294/520/510 528/521/511 1329/524/514
f 1330/656/637 153/655/636 148/267/255 1326/270/258
f 154/657/638 648/662/643 1331/661/642 1330/656/637
f 1332/872/868 751/877/873 746/876/872 1333/873/869
f 1333/873/869 746/876/872 903/880/876 1334/874/870
f 1335/884/880 1239/885/881 751/877/873 1332/872/868
f 1334/874/870 903/880/876 898/1092/1084 1336/1089/1081
f 1336/1089/1081 898/1092/1084 1118/1094/1086 1337/1090/1082
f 1337/1090/1082 1118/1094/1086 674/1432/1424
f 1329/524/514 528/521/511 674/1432/1424
f 753/89/85 754/91/87 1341/1524/1514 1305/1514/1510
f 645/671/646 647/664/645 1331/661/642 1304/660/641
f 144/1427/1414 894/886/882 1339/1520/887 1338/1521/886
f 754/91/87 1300/93/884 1339/889/887 1341/1524/1514
f 1338/1525/1515 1298/32/1517 1301/31/1518 1340/1526/1516
f 1340/1526/1516 1301/31/1518 157/29/1519 1342/1527/640
f 1342/1527/640 157/29/1519 156/27/26 1304/666/641
f 1341/1519/1514 1239/885/881 1335/884/880 1305/1523/1510
f 1240/890/888 1362/1528/1360 1345/853/849 1323/852/848
f 160/6/1520 1343/1529/1521 1349/1530/1522 159/55/1523
f 1241/1531/852 721/1532/851 1350/854/850 1345/853/849
f 720/1533/847 719/1516/846 1347/1515/1511 1344/1534/1524
f 1343/1529/1521 160/6/1520 1306/4/4 1348/1518/1512
f 1343/1529/1521 122/1535/652 123/1536/656 1349/1530/1525
f 122/1535/652 1343/1529/1521 1348/1518/1512 121/1517/238
f 757/68/1526 1344/1534/1524 1347/1515/1511 1307/64/844
f 650/681/658 1346/680/657 1349/1530/1525 123/1536/656
f 1346/680/657 1321/685/661 159/55/52 1349/1530/1525
f 721/1532/851 720/1533/847 1344/1534/1524 1350/854/850
f 756/116/110 1350/854/850 1344/1534/1524 757/68/1526
f 1351/263/251 146/1442/1435 297/1439/1432 1352/264/252
f 1353/517/507 292/1438/1431 526/1436/1429 1354/518/508
f 1352/264/252 297/1439/1432 292/1438/1431 1353/517/507
f 1355/654/635 151/682/659 146/1442/1435 1351/263/251
f 644/674/653 151/682/659 1355/654/635 1356/670/650
f 646/669/649 649/672/651 1357/675/654 1356/670/650
f 749/868/864 744/867/863 1359/862/858 1358/861/857
f 744/867/863 901/871/867 1360/864/860 1359/862/858
f 1237/882/878 749/868/864 1358/861/857 1361/881/877
f 901/871/867 896/1086/1078 1363/1081/1073 1360/864/860
f 896/1086/1078 1116/1088/1080 1364/1083/1075 1363/1081/1073
f 1235/860/856 1234/859/855 1362/1377/1360 1361/881/877
f 1234/1537/855 1241/1531/852 1345/853/849 1362/1528/1360
f 649/684/651 1321/685/661 1346/680/657 1357/679/654
f 1354/518/508 526/1436/1429 674/1432/1424
f 1364/1083/1075 1116/1088/1080 674/1432/1424
f 1365/325/317 375/380/372 376/376/368 1366/326/318
f 1366/326/318 376/376/368 377/330/322 1367/327/319
f 1368/329/321 308/313/305 307/324/316 1367/327/319
f 358/328/320 359/340/332 1369/331/323 1368/329/321
f 359/340/332 360/342/334 1370/332/324 1369/331/323
f 360/342/334 361/344/336 1371/333/325 1370/332/324
f 361/344/336 362/346/338 1372/334/326 1371/333/325
f 362/346/338 363/348/340 1373/335/327 1372/334/326
f 363/348/340 364/350/342 1374/336/328 1373/335/327
f 1374/336/328 364/350/342 365/352/344 1375/337/329
f 1365/325/317 305/322/314 304/321/313 1376/382/374
f 1377/405/391 372/407/393 453/410/396 1378/406/392
f 1375/337/329 365/352/344 366/435/421 1379/437/423
f 318/446/432 317/443/429 1381/440/426 1380/439/425
f 1379/437/423 366/435/421 494/436/422 1382/441/427
f 1382/441/427 494/436/422 367/433/419 1381/440/426
f 322/401/387 321/457/443 1383/455/441 1377/405/391
f 499/453/439 371/451/437 1383/455/441 1384/456/442
f 500/458/444 320/471/457 1385/466/452 1384/456/442
f 368/432/418 369/463/449 1386/468/454 1380/439/425
f 369/463/449 504/465/451 1387/470/456 1386/468/454
f 504/465/451 370/460/446 1385/466/452 1387/470/456
f 979/1198/1184 978/1197/1183 1389/1097/1088 1388/1096/1087
f 980/1195/1181 979/1198/1184 1388/1096/1087 1390/1098/1089
f 981/1159/1145 980/1195/1181 1390/1098/1089 1391/1099/1090
f 963/1157/1143 981/1159/1145 1391/1099/1090 1392/1100/1091
f 1393/1101/1092 964/1158/1144 963/1157/1143 1392/1100/1091
f 965/1162/1148 964/1158/1144 1393/1101/1092 1394/1102/1093
f 1395/1103/1094 966/1164/1150 965/1162/1148 1394/1102/1093
f 1396/1104/1095 967/1166/1152 966/1164/1150 1395/1103/1094
f 1397/1105/1096 968/1168/1154 967/1166/1152 1396/1104/1095
f 1398/1106/1097 969/1170/1156 968/1168/1154 1397/1105/1096
f 970/1172/1158 969/1170/1156 1398/1106/1097 1399/1107/1098
f 971/1174/1160 970/1172/1158 1399/1107/1098 1400/1108/1099
f 1084/1175/1161 971/1174/1160 1400/1108/1099 1401/1109/1100
f 973/1180/1166 972/1179/1165 1403/1111/1102 1402/1110/1101
f 972/1179/1165 1084/1175/1161 1401/1109/1100 1403/1111/1102
f 1404/1112/1103 974/1182/1168 973/1180/1166 1402/1110/1101
f 1405/1113/1104 1094/1183/1169 974/1182/1168 1404/1112/1103
f 1406/1114/1105 1089/1187/1173 975/1186/1172 1407/1115/1106
f 1407/1115/1106 975/1186/1172 1094/1183/1169 1405/1113/1104
f 977/1192/1178 976/1191/1177 1409/1117/1108 1408/1116/1107
f 1409/1117/1108 976/1191/1177 1089/1187/1173 1406/1114/1105
f 1047/1194/1180 977/1192/1178 1408/1116/1107 1410/1118/1109
f 304/321/313 75/1405/1386 1411/1407/1388 1376/382/374
f 1411/1407/1390 75/1405/1386 907/974/971 1389/1097/1088
f 1378/406/392 453/410/396 473/1454/1456 1412/1453/1453
f 1046/1049/1046 472/1452/1452 1412/1453/1453 1410/1118/1109
f 1414/1538/1527 1415/1539/1528 4/11/13 3/10/1529
f 1415/1539/1528 1416/1540/1530 5/13/14 4/11/13
f 3/10/1529 8/16/1531 1419/1541/1531 1414/1538/1527
f 8/8/1531 7/2/1532 1418/1542/1532 1419/1543/1531
f 7/2/2 1/1/1 1413/1544/1533 1418/1542/1534
f 6/5/5 1417/1545/1535 1413/1544/1533 1/1/1
f 22/36/33 19/35/32 1423/1546/1536 1420/1547/1537
f 1421/1548/1538 1420/1547/1537 1423/1546/1536 1422/1549/1539
f 1426/1550/1540 1417/1545/1535 6/5/5 33/56/53
f 1427/1551/1541 34/57/54 5/13/14 1416/1540/1530
f 1428/1552/1542 9/18/17 13/17/16 12/26/25
f 1428/1552/1542 12/26/25 11/25/24 1429/1553/1543
f 33/56/53 9/18/17 1428/1552/1542 1426/1550/1540
f 1426/1550/1540 1428/1552/1542 1429/1553/1543 1425/1554/1544
f 1422/1549/1539 1423/1546/1536 19/35/32 35/60/57
f 35/60/57 1430/1555/1545 1424/1556/1546 1422/1549/1539
f 35/60/57 36/61/58 1431/1557/1547 1430/1555/1545
f 1431/1557/1547 36/61/58 34/57/54 1427/1551/1541
f 1421/1548/1538 1422/1549/1539 1424/1556/1546 1432/1558/1548
f 1434/1559/1549 38/74/71 39/73/70 1435/1560/1550
f 1435/1560/1550 39/73/70 40/76/73 1436/1561/1551
f 38/74/71 1434/1559/1549 1439/1562/1552 43/77/1553
f 43/70/1553 1439/1563/1552 1438/1564/1554 42/66/63
f 42/66/63 1438/1564/1554 1433/1565/1555 37/63/60
f 41/67/64 37/63/60 1433/1565/1556 1437/1566/1557
f 57/100/94 1440/1567/1558 1443/1568/1559 54/97/91
f 1441/1569/1560 1442/1570/1561 1443/1568/1559 1440/1567/1558
f 1446/1571/1562 67/115/109 41/67/1563 1437/1566/1564
f 1447/1572/1565 1436/1561/1551 40/76/73 68/118/112
f 1448/1573/1566 47/87/83 48/79/75 44/82/78
f 1448/1573/1566 1449/1574/1567 46/88/84 47/87/83
f 67/115/109 1446/1571/1562 1448/1573/1566 44/82/78
f 1446/1571/1562 1445/1575/1568 1449/1574/1567 1448/1573/1566
f 1442/1570/1561 69/119/113 54/97/91 1443/1568/1559
f 69/119/113 1442/1570/1561 1444/1576/1569 1450/1577/1570
f 69/119/113 1450/1577/1570 1451/1578/1571 70/121/115
f 1451/1578/1571 1447/1572/1565 68/118/112 70/121/115
f 1441/1569/1560 1452/1579/1572 1444/1576/1569 1442/1570/1561
