# Blender 5.1.2
# www.blender.org
mtllib zoe.extra.Special_VaM_Dedicated_1000.Big_Breasts_v.18.Genital.Temp.mtl
o Genitalia-default_1452
v 1.616995 89.103142 -0.374421
v 0.000000 96.744835 -8.071216
v 2.520144 90.137825 4.187725
v 2.975059 91.045235 5.190960
v 3.760577 92.334953 6.133826
v 1.642754 88.689270 -2.116120
v 1.910190 88.973274 1.313808
v 2.194989 89.368652 2.705705
v 1.887816 88.203674 -4.664495
v 1.800232 88.361427 -5.719433
v 2.843585 87.869217 -6.336636
v 2.281157 87.912971 -6.026164
v 2.240535 87.824829 -5.347343
v 1.974323 88.793602 -7.354709
v 2.362233 88.148788 -6.831570
v 0.525273 91.920364 -7.434964
v 1.145654 90.073723 -7.747769
v 0.245470 93.172615 -7.366746
v 6.735062 97.557831 8.391387
v 5.834149 98.204834 8.564221
v 6.282603 98.078079 8.393589
v 6.705927 97.935005 8.456241
v 0.904362 98.707237 9.385612
v 2.849992 98.763046 9.258076
v 4.523193 98.655540 8.995167
v 2.789763 98.933105 9.377520
v 0.000000 98.817291 9.477323
v 0.905488 98.890846 9.505255
v 1.894657 98.907951 9.449173
v 5.306953 98.428307 8.799976
v 3.594856 98.840584 9.217668
v 3.650202 98.614227 9.098702
v 1.900143 88.173195 -3.807861
v 4.584280 93.797180 6.876315
v 6.169737 96.374557 8.136257
v 5.329972 95.085320 7.516037
v -1.616995 89.103134 -0.374421
v -2.520144 90.137825 4.187724
v -2.975059 91.045235 5.190961
v -3.760576 92.334953 6.133826
v -1.642753 88.689270 -2.116120
v -1.910190 88.973274 1.313808
v -2.194989 89.368652 2.705705
v -1.887816 88.203667 -4.664495
v -1.800233 88.361427 -5.719433
v -2.843585 87.869217 -6.336636
v -2.281157 87.912971 -6.026165
v -2.240535 87.824814 -5.347343
v -1.974323 88.793602 -7.354708
v -2.362233 88.148796 -6.831571
v -0.525273 91.920364 -7.434964
v -1.145654 90.073723 -7.747769
v -0.245470 93.172615 -7.366746
v -6.735062 97.557831 8.391386
v -5.834149 98.204834 8.564220
v -6.282604 98.078079 8.393589
v -6.705928 97.935005 8.456242
v -0.904362 98.707237 9.385612
v -2.849992 98.763039 9.258076
v -4.523193 98.655540 8.995166
v -2.789763 98.933105 9.377521
v -0.905488 98.890846 9.505256
v -1.894657 98.907951 9.449173
v -5.306953 98.428307 8.799977
v -3.594856 98.840584 9.217668
v -3.650202 98.614227 9.098702
v -1.900143 88.173195 -3.807861
v -4.587339 93.798851 6.877620
v -6.169737 96.374557 8.136258
v -5.329972 95.085320 7.516037
v 0.000000 98.654335 9.340735
v 0.000000 96.076355 8.616722
v 0.000000 94.993996 7.932006
v 0.000245 90.135727 1.799832
v -0.000388 90.229904 1.442124
v -0.000000 92.540680 -6.759034
v 0.008077 90.444962 -3.399987
v 0.000000 90.592224 -3.598288
v 0.000013 90.345673 -5.281869
v 0.000000 90.618584 -5.163541
v 1.925143 98.764404 9.336005
v 1.608387 96.107231 8.561924
v 3.378669 95.420677 8.053825
v 4.983825 95.065948 7.474573
v 1.489002 94.738770 7.843921
v 3.089387 94.172775 7.346104
v 4.060157 93.678802 7.016835
v 1.354622 93.332939 7.170481
v 2.397356 92.703598 6.708393
v 3.216980 92.289192 6.468540
v 0.230199 91.711632 4.880148
v 0.354488 91.081245 3.246744
v 0.350255 90.687752 2.409749
v 0.365104 90.489624 1.562912
v 0.393797 90.401535 0.617196
v 0.435292 90.392685 -0.377567
v 0.425530 90.461456 -0.722636
v 0.412947 90.448685 -1.204407
v 0.415836 90.482712 -1.803592
v 0.355509 90.493408 -2.391129
v 0.320952 90.547913 -2.939379
v 0.091688 90.604523 -3.462138
v 0.341700 91.961472 6.155251
v 0.246039 91.185921 5.294569
v 0.217512 90.622063 4.477497
v 0.161719 90.204277 3.597633
v 0.160932 89.813736 2.845638
v 0.167191 89.676964 2.044566
v 0.185810 89.597862 1.182104
v 0.225784 89.598862 0.422313
v 0.242312 89.550774 -0.468301
v 0.199768 89.608131 -1.269394
v 0.167976 89.705956 -2.048329
v 0.174233 89.774323 -2.820459
v 0.105034 90.048271 -3.606808
v 2.246043 91.349907 5.805329
v 2.280154 90.132004 4.289075
v 1.886265 89.716377 3.064550
v 1.793455 89.636131 1.833857
v 1.741385 89.652374 0.293637
v 1.537396 89.424927 -0.471756
v 1.453243 89.352280 -1.298111
v 1.237979 89.366798 -2.202394
v 0.291765 89.783615 -3.934889
v 1.217771 91.765060 6.121699
v 1.122217 90.925102 5.163771
v 1.087695 90.369774 4.268977
v 1.116043 90.060394 3.426666
v 1.123946 89.806221 2.690500
v 1.101483 89.713356 1.956515
v 1.073742 89.549538 1.030929
v 1.005852 89.544464 0.272222
v 0.922403 89.526855 -0.597554
v 0.848338 89.571762 -1.410913
v 0.308941 91.599945 5.120514
v 0.127517 90.680214 3.290077
v 0.094150 90.445923 2.549908
v 0.079956 90.177437 1.663296
v 0.151246 90.049988 0.746864
v 0.276694 89.981071 -0.675419
v 0.365782 90.034538 -0.697271
v 0.421871 90.077171 -1.262705
v 0.434352 90.129662 -1.977650
v -0.002621 93.160095 -7.031641
v 0.000003 92.136024 -6.524085
v 0.180740 90.066956 -5.258579
v 0.458285 90.255173 -5.567389
v 0.499503 90.446747 -5.831297
v 0.342559 91.103790 -6.358019
v 0.168082 91.649117 -6.502781
v 0.265751 89.910767 -4.536183
v 0.513794 89.939774 -5.467824
v 0.533724 90.125397 -5.766230
v 0.370512 90.910080 -6.603822
v 0.186976 91.694328 -6.733092
v 0.986925 89.835472 -7.768227
v 0.436904 91.577347 -7.771013
v 1.691270 88.548119 -4.822790
v 1.798139 88.828041 -3.784828
v 1.910318 89.114235 -1.977683
v 2.754769 90.929085 5.734546
v 2.197062 89.454163 2.521047
v 2.045175 89.311523 1.218473
v 0.000080 90.154587 1.728627
v 0.028940 90.100006 1.838123
v 0.068088 90.148369 1.787530
v 0.084576 90.208862 1.695915
v 0.092834 90.221527 1.596891
v 0.038044 90.139832 1.806273
v 0.043826 90.165695 1.736598
v 0.018898 90.125053 1.830131
v 0.035259 90.213356 1.659708
v 0.032479 90.057518 1.798370
v 0.050693 90.047943 1.779396
v 0.072666 90.047119 1.659623
v 0.098257 90.079765 1.566487
v 0.179223 90.058189 1.468593
v 0.219898 90.129944 1.305737
v 0.261560 90.197395 1.152086
v 0.294343 90.212730 0.974655
v 0.313129 90.190422 0.776857
v 0.328103 90.170959 0.547349
v 0.379586 90.215363 0.206588
v 0.394197 90.251663 0.005186
v 0.405487 90.314423 -0.163121
v 0.168318 90.153732 1.350188
v 0.190935 90.159134 1.146744
v 0.229850 90.108208 0.989246
v 0.261413 90.084435 0.757305
v 0.268211 90.075356 0.510888
v 0.292993 90.018608 0.276813
v 0.046862 90.139244 2.089573
v 0.100361 90.850235 3.176193
v 0.055863 91.251137 4.250814
v 0.048269 90.214867 1.491412
v 0.056421 90.125908 1.280432
v 0.110535 89.976006 1.078088
v 0.163731 89.770386 0.756085
v 0.181941 89.671394 0.506021
v 0.199237 89.579849 0.061560
v 0.208264 89.533272 -0.254967
v 0.191714 89.531151 -0.512894
v 0.163809 89.563194 -0.747694
v 0.135940 89.689598 -1.157102
v 0.135148 89.852547 -1.382184
v 0.131226 89.466736 -1.962304
v 0.132120 89.462563 -2.296936
v 0.059895 89.932434 -2.922525
v 0.134125 89.699562 -1.562020
v 0.056276 90.097542 2.003381
v 0.143494 90.062805 1.911942
v 0.190638 90.077240 1.802457
v 0.239083 90.093712 1.642895
v 0.273430 90.170212 1.440341
v 0.289469 90.265198 1.302517
v 0.316115 90.309853 1.164922
v 0.338832 90.280434 0.975223
v 0.361605 90.286224 0.772230
v 0.075635 91.700340 5.319919
v 0.148783 91.683670 5.114686
v 0.061973 91.421341 4.854984
v 0.137649 90.809402 2.929523
v 0.153469 91.175079 3.550586
v 0.149601 91.476456 4.668947
v 0.116172 90.193398 1.488537
v 0.146123 90.154320 1.377990
v 0.160140 90.107147 1.230126
v 0.201654 90.026138 1.068613
v 0.236471 89.972305 0.860133
v 0.258290 89.937088 0.621913
v 0.276922 89.861366 0.413750
v 0.134756 89.870987 0.916065
v 0.054043 90.108101 -3.113607
v 0.043331 90.313400 -3.248130
v 0.245270 89.644005 0.096691
v 0.219813 89.717972 0.497868
v 0.211413 89.805817 0.791800
v 0.176470 89.885216 0.934700
v 0.243773 89.597664 -0.256204
v 0.244373 89.598221 -0.492477
v 0.217105 89.617630 -0.721299
v 0.194775 89.706612 -1.145297
v 0.178981 89.871162 -1.370177
v 0.181132 89.721069 -1.561317
v 0.157102 89.527306 -1.948829
v 0.190906 89.457283 -2.260590
v 0.113114 89.919930 -2.907421
v 0.151179 89.614456 -0.943120
v 0.210502 89.641006 -0.932058
v 0.155683 89.991821 1.103465
v 0.134936 90.112549 1.285805
v 0.366716 90.176773 0.385809
v 0.332061 89.954773 0.051788
v 0.288885 89.800835 0.122434
v 0.095263 92.102135 5.863946
v 0.156056 92.278465 6.064881
v 0.187607 92.038803 5.270632
v 0.316072 92.129135 5.780473
v 0.213550 92.372803 6.238693
v 0.290845 92.870789 6.946222
v 0.153901 92.804848 6.604815
v 0.337182 89.960686 -0.111948
v 0.340441 89.945702 -0.360248
v 0.327952 89.951591 -0.576513
v 0.298291 89.748001 -0.190577
v 0.285114 89.736801 -0.422671
v 0.272281 89.759857 -0.658018
v 0.167638 89.595009 -2.586530
v 0.124376 89.590652 -2.623795
v 0.248550 89.761894 -0.886472
v 0.234216 89.805450 -1.116145
v 0.199713 89.964027 -1.354840
v 0.199728 89.836517 -1.543838
v 0.206658 89.679001 -1.928566
v 0.184478 89.571404 -2.221202
v 0.189801 89.667175 -2.520676
v 0.150471 89.987213 -2.891104
v 0.780397 89.639542 -2.153690
v 0.643894 89.715515 -2.852346
v 0.293074 89.832474 -3.637689
v 0.400599 90.231026 -2.498013
v 0.329912 90.409973 -3.011800
v 0.118985 90.374481 -3.618669
v -0.000308 90.547043 -3.639760
v 0.000139 90.391304 -3.768692
v 0.008500 90.472374 -3.490099
v 0.063049 90.456322 -3.377579
v 0.037961 90.432915 -3.364802
v 0.097270 90.120430 -3.129355
v 0.077589 90.331078 -3.274688
v 0.195894 91.807816 -7.031287
v 0.170062 90.619316 -5.164518
v 0.364680 90.755951 -5.357507
v 0.388183 90.930359 -5.532720
v 0.144429 91.351669 -5.808310
v 0.065515 91.517868 -5.873917
v 0.192041 90.314514 -5.285350
v 0.526814 90.490234 -5.525795
v 0.542124 90.685867 -5.741962
v 0.300315 91.217209 -6.160505
v 0.141879 91.605850 -6.277648
v 0.124088 90.244164 -3.144770
v 0.098361 90.357483 -3.276350
v 0.009539 90.141678 1.233357
v 0.063855 89.986160 1.073696
v 0.099992 89.884911 0.884761
v 0.119937 89.777184 0.692780
v 0.138654 89.675667 0.437565
v 0.157575 89.575905 -0.008791
v 0.165953 89.536705 -0.284265
v 0.153022 89.532539 -0.515966
v 0.127358 89.567909 -0.745005
v 0.110007 89.632660 -0.937286
v 0.110829 89.699921 -1.137917
v 0.111377 89.851402 -1.373590
v 0.106623 89.723427 -1.557180
v 0.061361 89.515961 -1.963415
v 0.084134 89.474800 -2.289901
v 0.104479 89.609337 -2.614818
v 0.035632 89.977486 -2.898398
v 0.024575 90.165825 -3.092426
v 0.025403 90.315231 -3.233440
v 0.035199 90.370277 -0.601170
v 0.057482 90.367088 -0.658212
v 0.038312 90.359680 -0.721881
v 0.078254 90.370262 -0.571102
v 0.113566 90.355103 -0.656716
v 0.087268 90.356110 -0.749557
v -0.000078 90.365837 -0.792611
v 0.279866 89.985207 -0.807939
v 0.253985 89.960716 -1.141197
v 0.224914 90.067162 -1.346353
v 0.212866 89.949181 -1.545961
v 0.214635 89.820984 -1.918581
v 0.208565 89.741669 -2.196669
v 0.202331 89.743874 -2.474402
v 0.360528 90.232925 -0.523198
v 0.299260 90.089775 -1.147996
v 0.282241 90.201431 -1.349157
v 0.256703 90.073700 -1.554675
v 0.223461 89.951218 -1.927906
v 0.219724 89.881111 -2.200382
v 0.198996 89.892021 -2.624474
v 0.345796 90.872948 3.045801
v 0.360603 90.716850 2.303660
v 0.381135 90.574104 1.523295
v 0.409033 90.561325 0.450095
v 0.475001 90.569908 -0.494566
v 0.362069 90.323692 -1.504791
v 0.267420 90.344429 -1.762629
v 0.205480 90.345673 -2.240828
v 0.277303 90.663216 2.513659
v 0.319960 90.721359 2.220190
v 0.339599 90.530800 1.508070
v 0.171416 90.508858 2.500172
v 0.315189 90.508942 1.940752
v 0.334879 90.428261 1.374146
v 0.081740 89.806190 0.319123
v 0.098111 89.740501 -0.039540
v 0.112956 89.707123 -0.289807
v 0.123444 89.735886 -0.492736
v 0.118231 89.747932 -0.693515
v 0.108617 89.778473 -0.894491
v 0.112111 89.829704 -1.110609
v 0.103379 89.998528 -1.352894
v 0.098212 89.904701 -1.561724
v 0.096541 89.703400 -1.946396
v 0.084709 89.604828 -2.235211
v 0.077480 89.705055 -2.588217
v 0.043047 90.089607 -2.887907
v 0.016548 90.226570 -3.081420
v 0.010541 90.336609 -3.225447
v -0.000307 90.204132 1.232325
v 0.003833 90.165199 1.153888
v 0.021184 90.008766 1.011557
v 0.066524 89.964157 0.841875
v 0.080095 89.896355 0.570739
v 0.064426 90.068512 0.834820
v 0.078296 90.002068 0.520693
v 0.091553 89.958527 0.246889
v 0.109312 89.907417 -0.055365
v 0.143457 89.891930 -0.263754
v 0.167525 89.930969 -0.458734
v 0.185275 89.942604 -0.657453
v 0.196640 89.951927 -0.863215
v 0.194589 89.995438 -1.091945
v 0.174934 90.203407 -1.351575
v 0.154724 90.120796 -1.590606
v 0.019429 90.144424 0.477369
v 0.042243 90.145966 0.223937
v 0.074520 90.151581 0.029810
v 0.135039 90.121002 -0.224466
v 0.202275 90.131256 -0.447958
v 0.225292 90.129921 -0.638204
v 0.235505 90.137840 -0.828403
v 0.230830 90.154961 -1.064019
v 0.203097 90.284966 -1.303262
v 0.181394 90.283005 -1.612207
v 0.067416 90.320602 0.074272
v 0.111857 90.433670 -0.150142
v 0.174312 90.296783 -0.459199
v 0.227271 90.281845 -0.643392
v 0.221782 90.293358 -0.811268
v 0.201812 90.296532 -1.040804
v 0.127328 90.333076 -0.783576
v 0.167430 90.317169 -0.650047
v 0.126712 90.337898 -0.527501
v 0.000000 90.409470 -0.469539
v -0.000008 90.356865 -0.860941
v -0.001603 90.476761 -1.580465
v 0.000428 90.365196 -1.501657
v 0.024400 90.481392 -1.681049
v 0.049903 90.469131 -1.777746
v 0.040173 90.443474 -1.904596
v 0.073189 90.417961 -2.068188
v 0.050846 90.419609 -2.270088
v 0.080594 90.405502 -2.480753
v 0.072712 90.388130 -2.671465
v 0.071341 90.382057 -2.828941
v 0.034086 90.421944 -2.956501
v 0.021302 90.462967 -3.026972
v 0.018423 90.483253 -3.041910
v 0.043078 90.412971 -1.626104
v 0.074285 90.404572 -1.759764
v 0.071278 90.352058 -1.874362
v 0.093827 90.353378 -2.044631
v 0.080391 90.320923 -2.272925
v 0.100246 90.325462 -2.488340
v 0.096568 90.311905 -2.684567
v 0.070021 90.322441 -2.839103
v 0.070032 90.332352 -2.941482
v 0.046042 90.331375 -3.074760
v 0.000000 90.339600 -3.165859
v -0.000000 90.256546 0.858749
v -0.000000 90.302467 0.513931
v -0.000000 90.314171 0.288041
v 0.000000 90.369316 0.115938
v 0.000000 90.477173 -0.116768
v 0.015303 90.169014 0.825926
v 0.049524 90.283234 0.232790
v 0.024385 90.245155 0.501394
v 0.014559 90.216377 0.834302
v 0.001679 90.214394 0.964794
v 0.000590 90.224083 1.016332
v 0.000547 90.186127 1.038042
v -0.000000 90.465195 -0.344921
v 0.118044 89.977402 -2.004049
v 0.107296 89.941002 -2.257258
v 0.096101 89.923767 -2.552490
v 0.054509 90.141205 -2.880826
v 0.034786 90.268265 -3.066735
v 0.024644 90.417809 -3.335268
v 0.014604 90.420593 -3.310353
v 0.381141 90.328972 0.641335
v 0.395703 90.388313 0.478147
v 0.411921 90.461029 0.258428
v 0.426301 90.411469 -0.095581
v 0.424595 90.357483 -0.511181
v 0.331073 90.213615 -1.143901
v 0.316634 90.207588 -1.344515
v 0.278092 90.214561 -1.567466
v 0.220671 90.157936 -1.955114
v 0.213664 90.090370 -2.221301
v 0.204506 90.033539 -2.595710
v 0.176106 90.258492 -2.808324
v 0.137087 90.200302 -2.014341
v 0.123092 90.163055 -2.261846
v 0.111275 90.129303 -2.521288
v 0.082131 90.228035 -2.861720
v 0.013327 90.360245 -3.218254
v 0.009003 90.424873 -3.285886
v 0.006755 90.434929 -3.353806
v 0.014926 90.435486 -3.315946
v 0.011426 90.439842 -3.290518
v 0.049273 90.295601 -3.118356
v 0.021932 90.361153 -3.184309
v 0.000000 90.396065 -3.244921
v 0.011046 90.406929 -3.255882
v 0.005812 90.328819 -3.167928
v 0.003701 90.483139 -3.043762
v 0.016575 90.327316 -3.143492
v 0.019142 90.481247 -3.042138
v 0.108025 90.337341 -1.020449
v 0.080457 90.370064 -1.556301
v 0.112930 90.351601 -1.712228
v 0.113275 90.305077 -1.857113
v 0.122657 90.296745 -2.009609
v 0.112210 90.258286 -2.259067
v 0.098607 90.360931 -1.237154
v 0.171933 90.323303 -1.284344
v 0.157059 90.354240 -1.458239
v 0.160104 90.248642 -1.815381
v 0.138682 90.062302 -1.786432
v 0.104391 89.806831 -1.737526
v 0.107348 89.621132 -1.739478
v 0.137024 89.603378 -1.739506
v 0.079132 90.270775 -2.954196
v 0.055209 90.220055 -2.956066
v 0.029559 90.165634 -2.956029
v 0.040998 90.071976 -2.976972
v 0.072183 90.001816 -3.001725
v 0.103014 90.153519 -2.715156
v 0.084644 90.015686 -2.740360
v 0.051571 89.917038 -2.743164
v 0.068607 89.838127 -2.772523
v 0.091282 89.790367 -2.788233
v 0.113786 90.242294 -2.493550
v 0.104955 90.242790 -2.695018
v 0.058416 90.271255 -2.851728
v 0.083446 90.298141 -2.948707
v 0.053224 90.302353 -3.089783
v 0.024206 90.354019 -3.157786
v 0.008532 90.364891 -3.199879
v 0.008096 90.368660 -3.201575
v 0.185870 89.652664 -1.731951
v 0.206625 89.774780 -1.727703
v 0.218623 89.924629 -1.729196
v 0.236201 90.120644 -1.734697
v 0.134701 89.778572 -2.756793
v 0.174164 89.831177 -2.712052
v 0.108417 90.024323 -3.012303
v 0.157930 90.319138 -3.152270
v 0.079702 90.497574 -3.369290
v 0.000167 90.520226 -3.539035
v 0.135125 90.083572 -2.990231
v 0.099759 90.966232 -5.054850
v 0.212954 91.029190 -5.165925
v 0.226651 91.098793 -5.270450
v 0.104677 91.341034 -5.456118
v 0.045658 91.424835 -5.495132
v 0.330251 91.040611 -2.862921
v 0.573153 91.232941 -2.807899
v 0.725181 91.463104 -2.698470
v 0.397113 91.014168 -2.663641
v 0.668123 91.191551 -2.577442
v 0.829157 91.435265 -2.460784
v 0.431054 91.007576 -2.366482
v 0.720950 91.176292 -2.232591
v 0.894845 91.397636 -2.277924
v 0.253173 91.064392 -2.947542
v 0.173249 91.025215 -2.924906
v 0.080876 91.017616 -2.957826
v 0.453590 91.261230 -2.975013
v 0.317849 91.289574 -3.029724
v 0.164094 91.281128 -3.000538
v 0.586421 91.510132 -2.956110
v 0.414570 91.551598 -2.976483
v 0.212511 91.549469 -2.978207
v 0.443442 90.998840 -2.202567
v 0.737337 91.119041 -1.951751
v 0.925335 91.349472 -1.830666
v 0.425448 90.970406 -1.752787
v 0.706363 91.129059 -1.580431
v 0.908807 91.349442 -1.424243
v 0.396812 90.989708 -1.422774
v 0.637978 91.142975 -1.207750
v 0.854513 91.355347 -1.008116
v 0.323393 90.993454 -1.151348
v 0.545258 91.140152 -0.870521
v 0.753375 91.338608 -0.583393
v 0.244371 91.012276 -0.917625
v 0.416584 91.151405 -0.557318
v 0.591456 91.344688 -0.176133
v 0.132792 91.033058 -0.734215
v 0.234395 91.186295 -0.294746
v 0.340345 91.378136 0.150390
v 0.000000 91.037842 -0.647540
v 0.453189 91.711296 0.565203
v 0.746768 91.666122 0.121696
v 0.910376 91.649712 -0.363271
v 0.990212 91.653526 -0.836258
v 1.017705 91.654678 -1.290590
v 1.000966 91.655312 -1.716973
v 0.940459 91.695839 -2.157098
v 0.863292 91.713303 -2.498835
v 0.755676 91.721176 -2.646079
v 0.607604 91.777214 -2.765374
v 0.423382 91.795013 -2.887293
v 0.215333 91.785995 -2.900058
v 0.517055 92.167435 0.721604
v 0.803039 92.073547 0.248529
v 0.944642 92.030510 -0.267076
v 1.004721 92.014587 -0.738862
v 1.005612 91.997284 -1.197726
v 0.965500 91.978973 -1.618325
v 0.886659 91.961647 -1.981312
v 0.799511 91.949104 -2.288691
v 0.693311 91.945412 -2.565357
v 0.549838 91.966461 -2.627228
v 0.375905 91.983276 -2.747128
v 0.195919 92.006172 -2.763840
v 0.000000 92.008118 -2.794947
v 0.485938 92.571327 0.561408
v 0.743052 92.437012 0.184023
v 0.858825 92.382645 -0.260954
v 0.903064 92.344566 -0.706958
v 0.890705 92.300041 -1.133363
v 0.824540 92.252792 -1.533997
v 0.754996 92.210434 -1.864979
v 0.680184 92.177803 -2.141350
v 0.590011 92.157242 -2.357883
v 0.469220 92.201820 -2.460716
v 0.334506 92.198265 -2.550956
v 0.183996 92.257812 -2.553764
v 0.000000 92.293251 -2.528180
v 0.438296 92.799171 0.220074
v 0.649191 92.657883 0.060270
v 0.687166 92.668930 -0.252041
v 0.705184 92.646332 -0.668236
v 0.670692 92.589973 -1.081920
v 0.624151 92.510742 -1.444796
v 0.565921 92.432114 -1.746486
v 0.521324 92.352158 -2.024695
v 0.504099 92.283134 -2.220838
v 0.401362 92.323730 -2.237711
v 0.316404 92.319183 -2.331635
v 0.203747 92.423294 -2.198494
v 0.052548 90.685905 -1.965879
v 0.091214 90.679611 -2.149571
v 0.065191 90.727531 -2.214366
v 0.102759 90.735710 -2.442988
v 0.093542 90.741478 -2.670868
v 0.091751 90.763824 -2.800031
v 0.053355 90.778839 -2.863793
v 0.033992 90.792839 -2.915337
v 0.028994 90.801453 -2.939029
v 0.012497 90.811073 -2.955439
v 0.000000 90.811386 -2.955683
v 0.069047 90.670235 -1.806886
v 0.030718 90.680893 -1.670136
v -0.011901 93.002258 -0.114316
v 0.000000 92.998260 -0.516962
v 0.000000 92.943108 -0.886477
v 0.000000 92.862366 -1.224507
v 0.000000 92.754074 -1.542046
v 0.000000 92.636894 -1.831422
v 0.420382 92.882233 -0.213248
v 0.403351 92.883148 -0.629564
v 0.383851 92.825294 -0.984834
v 0.350721 92.744469 -1.325438
v 0.316879 92.647842 -1.610052
v 0.297221 92.505722 -1.977279
v 0.676700 89.562256 -3.738140
v 0.500360 89.718513 -4.271649
v 0.822372 89.380287 -5.484661
v 0.587121 89.655128 -4.960373
v 0.607202 89.757233 -5.469404
v 0.412946 90.809685 -6.806630
v 0.834559 89.460632 -4.927772
v 0.975586 89.431030 -3.024073
v 0.121200 90.322502 2.379439
v 0.085888 90.443275 2.587257
v 0.081555 90.486702 2.773804
v 0.241104 90.333961 1.991271
v 0.299075 90.386993 1.724808
v 0.307357 90.365860 1.464876
v 0.353030 90.346191 1.088602
v 0.371319 90.359756 0.927323
v 0.390500 90.417213 0.906414
v 0.397857 90.502441 0.779524
v 0.434126 90.499718 -0.014485
v 0.445506 90.467583 -0.505679
v 0.397616 90.336159 -1.155618
v 0.167958 90.081406 -2.862521
v 0.167605 90.194977 -3.001641
v 0.000004 93.678337 7.269022
v -0.002221 92.144455 5.973951
v -0.000253 91.283646 4.363338
v -0.028909 90.097458 2.025297
v -0.020175 90.097832 1.844629
v -0.000000 90.472336 -0.683910
v 0.000002 91.964806 -6.389916
v 0.000003 91.616661 -5.887729
v 0.000000 91.287102 -4.929118
v 0.000040 90.124603 -3.786751
v -0.000022 90.069870 -4.008781
v 0.001578 90.109932 -4.505882
v -1.925143 98.764404 9.336005
v -4.536639 98.440872 8.893762
v -1.608387 96.107231 8.561924
v -3.378669 95.420677 8.053823
v -4.983825 95.065948 7.474573
v -1.489002 94.738770 7.843921
v -3.089387 94.172775 7.346104
v -4.060157 93.678802 7.016834
v -1.354622 93.332939 7.170481
v -2.397355 92.703598 6.708393
v -3.216980 92.289192 6.468539
v -0.229206 91.713684 4.879103
v -0.354488 91.081245 3.246744
v -0.350255 90.687752 2.409749
v -0.365105 90.489624 1.562912
v -0.393826 90.401558 0.617239
v -0.435358 90.392731 -0.377465
v -0.425668 90.461555 -0.722459
v -0.412625 90.448463 -1.204911
v -0.410315 90.484489 -1.813894
v -0.353826 90.494385 -2.389231
v -0.319092 90.549118 -2.937238
v -0.090165 90.605659 -3.460392
v -0.341708 91.961464 6.155251
v -0.246018 91.185966 5.294547
v -0.217531 90.622063 4.477472
v -0.161719 90.204277 3.597633
v -0.160933 89.813736 2.845638
v -0.167192 89.676964 2.044566
v -0.185810 89.597862 1.182105
v -0.225952 89.599640 0.422089
v -0.242373 89.549995 -0.468123
v -0.199768 89.608131 -1.269394
v -0.167975 89.705956 -2.048329
v -0.174232 89.774323 -2.820459
v -0.104989 90.048798 -3.606941
v -2.246044 91.349907 5.805328
v -2.280154 90.132004 4.289075
v -1.886265 89.716377 3.064550
v -1.793455 89.636131 1.833856
v -1.741385 89.652374 0.293637
v -1.537397 89.424927 -0.471756
v -1.453243 89.352280 -1.298111
v -1.237979 89.366806 -2.202394
v -0.291765 89.783615 -3.934889
v -1.217771 91.765060 6.121700
v -1.122217 90.925102 5.163771
v -1.087695 90.369774 4.268977
v -1.116043 90.060394 3.426666
v -1.123946 89.806221 2.690500
v -1.101483 89.713356 1.956516
v -1.073742 89.549538 1.030929
v -1.005853 89.544464 0.272222
v -0.922403 89.526855 -0.597554
v -0.848338 89.571770 -1.410913
v -0.308712 91.600281 5.120337
v -0.127587 90.680222 3.290208
v -0.094066 90.445915 2.550281
v -0.080310 90.177254 1.663616
v -0.151420 90.049667 0.747287
v -0.295302 90.001801 -0.654812
v -0.365820 90.034279 -0.697087
v -0.421753 90.077072 -1.262832
v -0.434414 90.129646 -1.977481
v 0.000874 90.137901 -5.209821
v -0.180740 90.066956 -5.258578
v -0.458285 90.255173 -5.567389
v -0.499503 90.446747 -5.831296
v -0.342560 91.103790 -6.358018
v -0.168081 91.649109 -6.502783
v -0.265775 89.911079 -4.536074
v -0.513794 89.939766 -5.467825
v -0.533725 90.125397 -5.766229
v -0.370512 90.910088 -6.603821
v -0.186976 91.694344 -6.733089
v -0.986925 89.835472 -7.768226
v -0.436904 91.577347 -7.771013
v -1.691271 88.548119 -4.822790
v -1.798139 88.828041 -3.784828
v -1.910317 89.114235 -1.977683
v -2.754769 90.929085 5.734546
v -2.197062 89.454163 2.521047
v -2.045175 89.311523 1.218473
v -0.028064 90.099655 1.838096
v -0.067847 90.148254 1.787426
v -0.084655 90.208893 1.695815
v -0.093162 90.221695 1.596733
v -0.037760 90.139702 1.806192
v -0.043693 90.165634 1.736539
v -0.016642 90.124222 1.830457
v -0.013334 90.123634 1.833301
v -0.035701 90.213593 1.659521
v -0.000213 90.217911 1.643883
v -0.022539 90.056839 1.802390
v -0.031417 90.057320 1.798016
v -0.050380 90.047874 1.779265
v -0.072713 90.047104 1.659402
v -0.098356 90.079834 1.566545
v -0.179282 90.058228 1.468575
v -0.219847 90.129921 1.305775
v -0.260802 90.196968 1.152234
v -0.293680 90.212303 0.974475
v -0.308519 90.187759 0.777416
v -0.323487 90.168518 0.545398
v -0.376896 90.214005 0.202202
v -0.392538 90.251945 0.001519
v -0.400133 90.311348 -0.172422
v -0.168428 90.153717 1.349688
v -0.190355 90.158775 1.146683
v -0.228256 90.107239 0.989176
v -0.259191 90.083160 0.757629
v -0.265814 90.073997 0.511331
v -0.287751 90.015785 0.278490
v -0.000042 90.856834 3.290790
v -0.045357 90.138992 2.089283
v -0.100938 90.850197 3.176201
v -0.060781 91.249870 4.252195
v -0.048663 90.215065 1.491195
v -0.058810 90.126968 1.278216
v -0.119034 89.981979 1.071772
v -0.168885 89.773087 0.753186
v -0.189422 89.675209 0.503873
v -0.208491 89.583076 0.061271
v -0.211229 89.532730 -0.251529
v -0.193996 89.534332 -0.514387
v -0.171016 89.564842 -0.746126
v -0.159326 89.694542 -1.122235
v -0.144651 89.855759 -1.365814
v -0.073156 89.521255 -1.947086
v -0.177432 89.462143 -2.280686
v -0.050730 89.938591 -2.902553
v -0.128778 89.700081 -1.570361
v -0.056081 90.097481 2.003130
v -0.143430 90.062790 1.911831
v -0.190681 90.077248 1.802463
v -0.241372 90.094002 1.643636
v -0.273272 90.170189 1.440293
v -0.288831 90.265114 1.302517
v -0.315485 90.309776 1.164974
v -0.333394 90.277939 0.975375
v -0.358459 90.283836 0.767475
v -0.001354 91.749260 5.398663
v -0.079604 91.700722 5.319944
v -0.152736 91.683304 5.115140
v 0.047852 91.439003 4.947671
v -0.068936 91.435570 4.950574
v -0.138026 90.809464 2.929679
v -0.154363 91.175438 3.550393
v -0.151876 91.477722 4.668286
v -0.116331 90.193474 1.488433
v -0.146666 90.154510 1.377177
v -0.161867 90.107780 1.227715
v -0.202272 90.026009 1.065588
v -0.233341 89.970329 0.859486
v -0.252109 89.933701 0.623737
v -0.271569 89.860535 0.413137
v -0.141503 89.876343 0.910137
v -0.052459 90.108955 -3.112150
v -0.037032 90.336143 -3.246504
v -0.254965 89.646767 0.096389
v -0.221044 89.720436 0.495430
v -0.213951 89.807053 0.789288
v -0.183931 89.893379 0.926061
v -0.251119 89.600159 -0.255948
v -0.242737 89.598534 -0.490689
v -0.223211 89.618416 -0.719438
v -0.208392 89.711937 -1.128128
v -0.181933 89.873161 -1.366981
v -0.171895 89.718941 -1.575920
v -0.156182 89.522453 -1.949146
v -0.153232 89.454643 -2.267686
v -0.107356 89.923386 -2.899748
v -0.158261 89.616646 -0.944542
v -0.218053 89.641708 -0.931717
v -0.161019 89.994202 1.098567
v -0.137114 90.113403 1.283116
v -0.361033 90.173378 0.376355
v -0.330521 89.954872 0.051003
v -0.284369 89.797333 0.125095
v -0.000500 92.939545 6.847478
v -0.001404 92.338371 6.137537
v -0.096390 92.102638 5.863801
v -0.157415 92.278008 6.064960
v -0.188463 92.038635 5.270812
v -0.315936 92.128387 5.780259
v -0.213613 92.372803 6.238697
v -0.001623 92.566414 6.379647
v -0.290845 92.870789 6.946222
v -0.153901 92.804848 6.604815
v -0.000033 93.320679 7.133430
v -0.336304 89.961418 -0.114116
v -0.337544 89.945061 -0.364017
v -0.303698 89.928787 -0.607972
v -0.300450 89.749519 -0.191305
v -0.284081 89.738312 -0.424790
v -0.272352 89.759155 -0.657198
v -0.167847 89.594856 -2.586523
v -0.123444 89.590858 -2.625615
v -0.252591 89.764145 -0.887137
v -0.236774 89.803925 -1.112334
v -0.203806 89.965607 -1.349468
v -0.188946 89.830574 -1.560228
v -0.200153 89.673218 -1.935616
v -0.186855 89.570374 -2.218879
v -0.185514 89.668694 -2.526783
v -0.138814 89.990829 -2.915235
v -0.780397 89.639542 -2.153690
v -0.643894 89.715515 -2.852346
v -0.293074 89.832474 -3.637689
v -0.400794 90.230957 -2.497690
v -0.329987 90.410080 -3.011894
v -0.118985 90.374481 -3.618670
v -0.062528 90.462349 -3.379111
v -0.037254 90.440781 -3.366861
v -0.102022 90.117592 -3.135336
v -0.069540 90.341858 -3.265732
v -0.195895 91.807816 -7.031283
v -0.170062 90.619308 -5.164531
v -0.364682 90.755981 -5.357502
v -0.388184 90.930367 -5.532719
v -0.144429 91.351669 -5.808310
v -0.065515 91.517868 -5.873917
v -0.192087 90.315269 -5.285256
v -0.526815 90.490242 -5.525791
v -0.542124 90.685867 -5.741962
v -0.300315 91.217209 -6.160505
v -0.141878 91.605827 -6.277651
v -0.123649 90.243813 -3.144230
v -0.092178 90.367340 -3.269559
v -0.016119 90.144600 1.230321
v -0.072463 89.989876 1.069248
v -0.105016 89.886047 0.881948
v -0.125018 89.779274 0.691028
v -0.147467 89.679611 0.435703
v -0.168019 89.577995 -0.007134
v -0.170346 89.537567 -0.283697
v -0.158070 89.537498 -0.519831
v -0.138678 89.569092 -0.744104
v -0.129145 89.634727 -0.936332
v -0.120983 89.702278 -1.129480
v -0.116803 89.852341 -1.367839
v -0.103498 89.725655 -1.562545
v -0.058244 89.515114 -1.962427
v -0.084694 89.472115 -2.288523
v -0.090147 89.611893 -2.614908
v -0.023596 89.975937 -2.898446
v -0.024962 90.165504 -3.093188
v -0.018221 90.337181 -3.231469
v -0.000021 90.366104 -0.568656
v -0.034528 90.372780 -0.604220
v -0.056577 90.367836 -0.659431
v -0.037970 90.359619 -0.721960
v -0.000004 90.359550 -0.748283
v -0.000082 90.370209 -0.535408
v -0.078318 90.370705 -0.571560
v -0.113467 90.355522 -0.657228
v -0.087059 90.356361 -0.749932
v -0.212948 89.900131 -1.019231
v -0.252936 89.958145 -1.141253
v -0.232752 90.070557 -1.331503
v -0.211389 89.948845 -1.548303
v -0.206847 89.819679 -1.927971
v -0.202649 89.743744 -2.205935
v -0.194471 89.746620 -2.486789
v -0.359211 90.231178 -0.524831
v -0.299604 90.088730 -1.146892
v -0.282399 90.201431 -1.348556
v -0.257811 90.075188 -1.553462
v -0.221310 89.951302 -1.930574
v -0.212270 89.883003 -2.220624
v -0.192732 89.894478 -2.632314
v -0.346430 90.873024 3.045726
v -0.360893 90.717209 2.304030
v -0.381502 90.574554 1.523694
v -0.409331 90.561440 0.450656
v -0.475376 90.570152 -0.493939
v -0.363017 90.324486 -1.503114
v -0.260828 90.342743 -1.773509
v -0.203737 90.346268 -2.243738
v -0.276314 90.663094 2.513727
v -0.319920 90.721359 2.220204
v -0.346986 90.533104 1.509256
v -0.171188 90.508835 2.500177
v -0.314800 90.508888 1.940812
v -0.334860 90.428261 1.374203
v -0.091371 89.805931 0.319762
v -0.107967 89.739342 -0.038681
v -0.113870 89.707619 -0.290441
v -0.121356 89.737396 -0.495189
v -0.120450 89.750526 -0.695540
v -0.119771 89.783104 -0.889121
v -0.121553 89.835205 -1.103151
v -0.109109 90.001503 -1.348121
v -0.104585 89.908707 -1.553696
v -0.093847 89.700272 -1.949879
v -0.085361 89.603905 -2.234482
v -0.072949 89.706833 -2.591277
v -0.030324 90.093155 -2.891110
v -0.016988 90.227463 -3.081829
v -0.007238 90.344101 -3.224938
v -0.004491 90.163795 1.154042
v -0.026866 90.007706 1.010269
v -0.071222 89.963196 0.840846
v -0.089349 89.899460 0.568668
v -0.070786 90.069252 0.833866
v -0.078592 90.002182 0.520274
v -0.092615 89.959213 0.246416
v -0.110764 89.908485 -0.056155
v -0.144181 89.893913 -0.265806
v -0.167430 89.932213 -0.460146
v -0.186213 89.944260 -0.658863
v -0.198792 89.952385 -0.863130
v -0.195537 89.994385 -1.091138
v -0.178481 90.204552 -1.346677
v -0.157197 90.123596 -1.587118
v -0.007287 90.142265 0.477733
v -0.039832 90.145348 0.223927
v -0.072856 90.152580 0.028177
v -0.135016 90.121399 -0.224926
v -0.203894 90.132759 -0.448904
v -0.227722 90.131065 -0.638401
v -0.238466 90.137108 -0.827824
v -0.234688 90.154007 -1.057630
v -0.211465 90.290169 -1.292915
v -0.189185 90.297592 -1.601327
v -0.066296 90.320343 0.074230
v -0.112118 90.433372 -0.149718
v -0.174250 90.297020 -0.459488
v -0.228324 90.282272 -0.643396
v -0.222164 90.293419 -0.811264
v -0.201945 90.295807 -1.040335
v -0.127018 90.333290 -0.783870
v -0.167613 90.317238 -0.650045
v -0.126913 90.337547 -0.527028
v -0.001659 90.321198 -1.380599
v -0.000075 90.373787 -1.215394
v -0.065206 90.428688 -1.750238
v -0.032335 90.427475 -1.913960
v -0.072779 90.436317 -2.071972
v -0.049096 90.421753 -2.259708
v -0.076660 90.407051 -2.485615
v -0.076198 90.386787 -2.666890
v -0.072694 90.381561 -2.826961
v -0.028873 90.423531 -2.967003
v -0.020806 90.463142 -3.027728
v -0.051632 90.411942 -1.614774
v -0.086542 90.372498 -1.732687
v -0.054689 90.340385 -1.901724
v -0.091120 90.379593 -2.052675
v -0.076832 90.323425 -2.267862
v -0.096102 90.326942 -2.494738
v -0.095371 90.312241 -2.687225
v -0.067498 90.323257 -2.843796
v -0.067222 90.333229 -2.946896
v -0.045030 90.331924 -3.074681
v -0.005706 90.167274 0.826414
v -0.046872 90.282593 0.232739
v -0.021615 90.243637 0.502193
v -0.003780 90.214767 0.834882
v -0.000299 90.214317 0.964578
v 0.000288 90.186043 1.037697
v 0.000134 90.205223 1.110411
v -0.113611 89.976608 -2.007804
v -0.100543 89.943436 -2.267372
v -0.084298 89.927750 -2.572907
v -0.037092 90.147087 -2.911559
v -0.034490 90.268692 -3.063833
v -0.000121 90.354988 -1.000263
v -0.015520 90.426971 -3.335082
v -0.011072 90.437263 -3.318176
v -0.378341 90.326118 0.638011
v -0.393608 90.386566 0.475332
v -0.410645 90.462692 0.254305
v -0.422183 90.408310 -0.102078
v -0.422155 90.356049 -0.515022
v -0.330398 90.212769 -1.144749
v -0.312134 90.201157 -1.353805
v -0.278373 90.216232 -1.567001
v -0.219092 90.157616 -1.956969
v -0.208006 90.092308 -2.230820
v -0.192589 90.037575 -2.616158
v -0.170828 90.261551 -2.802243
v -0.136943 90.200180 -2.014490
v -0.116544 90.165138 -2.274240
v -0.103481 90.132065 -2.533565
v -0.073035 90.231186 -2.876715
v -0.011218 90.362717 -3.215888
v -0.007887 90.428703 -3.289781
v -0.048461 90.296112 -3.117732
v -0.020948 90.369720 -3.183619
v -0.011046 90.396370 -3.255292
v -0.006406 90.330582 -3.168734
v -0.003329 90.483322 -3.043878
v -0.016112 90.327583 -3.143319
v -0.018727 90.481621 -3.040818
v -0.107902 90.336815 -1.020144
v -0.080140 90.369858 -1.556777
v -0.121007 90.330917 -1.696302
v -0.111189 90.308372 -1.860961
v -0.122018 90.304848 -2.015499
v -0.108820 90.259567 -2.263707
v -0.098605 90.360207 -1.236711
v -0.181302 90.331978 -1.274130
v -0.157625 90.354477 -1.457508
v -0.161884 90.247299 -1.812935
v -0.137981 90.062767 -1.787642
v -0.101136 89.807236 -1.742286
v -0.101768 89.619148 -1.741725
v -0.129480 89.597931 -1.749707
v -0.070489 90.273720 -2.968895
v -0.046481 90.223053 -2.970991
v -0.028205 90.166084 -2.958106
v -0.039539 90.072311 -2.976569
v -0.070066 90.004272 -2.984581
v -0.094116 90.156654 -2.729369
v -0.069879 90.020691 -2.765676
v -0.038015 89.919655 -2.747831
v -0.050042 89.837975 -2.776480
v -0.080076 89.796883 -2.775131
v -0.108406 90.244148 -2.502555
v -0.098835 90.244858 -2.705580
v -0.052383 90.273346 -2.861688
v -0.075918 90.300720 -2.961431
v -0.052096 90.303062 -3.088915
v -0.024206 90.361740 -3.158217
v -0.008096 90.365845 -3.201417
v -0.171782 89.648758 -1.749030
v -0.198014 89.769974 -1.735644
v -0.214270 89.925087 -1.734593
v -0.235117 90.120789 -1.736048
v -0.130951 89.780655 -2.753292
v -0.161680 89.834488 -2.744617
v -0.110805 90.022812 -3.016093
v -0.154284 90.320717 -3.148027
v -0.079537 90.498566 -3.369724
v -0.139616 90.080963 -2.995337
v 0.000000 90.965096 -5.055179
v -0.099759 90.966232 -5.054843
v -0.212954 91.029190 -5.165924
v -0.226651 91.098793 -5.270447
v -0.104677 91.341034 -5.456118
v -0.045658 91.424835 -5.495132
v 0.000000 91.464134 -5.504728
v -0.330251 91.040611 -2.862921
v -0.573153 91.232941 -2.807899
v -0.725181 91.463104 -2.698470
v -0.397113 91.014168 -2.663641
v -0.668123 91.191551 -2.577442
v -0.829157 91.435265 -2.460784
v -0.431054 91.007576 -2.366482
v -0.720950 91.176292 -2.232592
v -0.894845 91.397636 -2.277924
v -0.253173 91.064392 -2.947541
v -0.173248 91.025215 -2.924906
v -0.080876 91.017616 -2.957826
v 0.000000 91.005760 -2.951761
v 0.000000 91.274933 -2.996777
v 0.000000 91.554253 -2.979518
v 0.000000 91.778267 -2.890899
v -0.453589 91.261230 -2.975013
v -0.317849 91.289574 -3.029724
v -0.164094 91.281128 -3.000537
v -0.586421 91.510132 -2.956109
v -0.414570 91.551598 -2.976482
v -0.212511 91.549469 -2.978206
v -0.443442 90.998840 -2.202567
v -0.737337 91.119041 -1.951751
v -0.925335 91.349472 -1.830666
v -0.427909 90.969963 -1.745371
v -0.706364 91.129059 -1.580431
v -0.908807 91.349442 -1.424243
v -0.396812 90.989708 -1.422774
v -0.637978 91.142975 -1.207750
v -0.854513 91.355347 -1.008116
v -0.323393 90.993454 -1.151348
v -0.545258 91.140152 -0.870521
v -0.753375 91.338608 -0.583393
v -0.244370 91.012276 -0.917625
v -0.416583 91.151398 -0.557318
v -0.591456 91.344688 -0.176133
v -0.132793 91.033058 -0.734214
v -0.234395 91.186295 -0.294746
v -0.340345 91.378136 0.150390
v 0.000000 91.216171 -0.174810
v 0.000000 91.427376 0.339192
v 0.002689 91.766273 0.834156
v -0.453189 91.711296 0.565203
v -0.746768 91.666122 0.121696
v -0.910376 91.649712 -0.363271
v -0.990212 91.653526 -0.836258
v -1.017706 91.654678 -1.290590
v -1.000966 91.655312 -1.716973
v -0.940459 91.695839 -2.157097
v -0.863292 91.713303 -2.498835
v -0.755676 91.721176 -2.646079
v -0.607604 91.777214 -2.765374
v -0.423383 91.795006 -2.887293
v -0.215333 91.785995 -2.900058
v 0.022476 92.252098 1.027551
v -0.517055 92.167435 0.721604
v -0.803039 92.073547 0.248529
v -0.944641 92.030510 -0.267076
v -1.004721 92.014587 -0.738862
v -1.005612 91.997284 -1.197726
v -0.965500 91.978973 -1.618325
v -0.886659 91.961647 -1.981312
v -0.799511 91.949104 -2.288691
v -0.693311 91.945412 -2.565357
v -0.549838 91.966461 -2.627228
v -0.375904 91.983276 -2.747128
v -0.195919 92.006172 -2.763840
v 0.061346 92.673744 0.794845
v -0.485937 92.571327 0.561408
v -0.743052 92.437012 0.184023
v -0.858825 92.382645 -0.260954
v -0.903064 92.344566 -0.706958
v -0.890705 92.300041 -1.133363
v -0.824540 92.252792 -1.533997
v -0.754996 92.210434 -1.864979
v -0.680185 92.177803 -2.141350
v -0.590012 92.157242 -2.357883
v -0.469220 92.201820 -2.460716
v -0.334506 92.198265 -2.550956
v -0.183996 92.257812 -2.553764
v 0.000000 92.919243 0.344927
v -0.438296 92.799171 0.220074
v -0.649192 92.657883 0.060271
v -0.687166 92.668930 -0.252041
v -0.705184 92.646332 -0.668236
v -0.670692 92.589973 -1.081920
v -0.624151 92.510742 -1.444796
v -0.565922 92.432114 -1.746486
v -0.521324 92.352158 -2.024695
v -0.504099 92.283134 -2.220838
v -0.401362 92.323730 -2.237711
v -0.316404 92.319183 -2.331635
v -0.203747 92.423294 -2.198494
v 0.000000 92.513916 -2.083529
v -0.052432 90.685883 -1.966045
v -0.090999 90.679604 -2.149837
v -0.064759 90.727676 -2.215057
v -0.102221 90.735901 -2.443850
v -0.092929 90.741699 -2.671848
v -0.091114 90.764053 -2.801047
v -0.052704 90.779068 -2.864829
v -0.033749 90.792931 -2.915660
v -0.028755 90.801544 -2.939347
v -0.001004 90.811012 -2.954210
v -0.068911 90.670166 -1.807073
v -0.000884 90.675400 -1.575898
v -0.420383 92.882233 -0.213248
v -0.403351 92.883148 -0.629564
v -0.383851 92.825294 -0.984834
v -0.350721 92.744469 -1.325438
v -0.316878 92.647842 -1.610052
v -0.297220 92.505722 -1.977279
v -0.676700 89.562256 -3.738140
v -0.500356 89.718513 -4.271635
v -0.822372 89.380287 -5.484660
v -0.587121 89.655128 -4.960373
v -0.607202 89.757233 -5.469406
v -0.412947 90.809685 -6.806633
v -0.834559 89.460632 -4.927772
v -0.975586 89.431030 -3.024073
v -0.120803 90.322449 2.379402
v -0.085804 90.443260 2.587209
v -0.081454 90.486664 2.773647
v 0.000000 90.477142 2.861382
v -0.240970 90.333946 1.991297
v -0.299118 90.387001 1.724823
v -0.306908 90.365807 1.464903
v -0.352066 90.342064 1.091794
v -0.370149 90.358963 0.925605
v -0.389603 90.416489 0.905197
v -0.397974 90.502548 0.779675
v -0.434408 90.500320 -0.014364
v -0.445888 90.467819 -0.505065
v -0.398996 90.336136 -1.153027
v -0.166463 90.082123 -2.863050
v -0.167389 90.195091 -3.001344
v -0.030524 90.452980 -1.668538
v -0.030684 90.680878 -1.670181
v 4.536639 98.440872 8.893762
v 6.500463 97.675919 8.357243
v 2.212479 88.057816 -6.509888
v -6.500463 97.675911 8.357243
v -2.212479 88.057808 -6.509888
v 0.770583 97.111458 9.051519
v -0.770583 97.111458 9.051519
v -0.000024 97.095001 9.080750
v 2.396563 96.618416 8.731231
v 2.793349 95.895424 8.308790
v -2.793349 95.895432 8.308789
v -2.396564 96.618416 8.731231
v 6.084828 97.934334 8.531187
v 5.257201 98.190926 8.742178
v 4.304016 95.740974 8.120916
v 4.564418 95.247673 7.734879
v -5.257202 98.190926 8.742177
v -6.084827 97.934334 8.531187
v -4.564418 95.247673 7.734877
v -4.304017 95.740974 8.120916
v 1.861047 97.715614 9.112794
v 4.104661 97.108261 8.572196
v 5.755075 96.365005 8.058117
v -4.104661 97.108261 8.572195
v -1.861047 97.715614 9.112794
v -5.755075 96.365005 8.058117
v 0.853366 97.794823 9.249119
v -0.853366 97.794823 9.249120
v -0.000010 97.887878 9.277528
v 2.645175 97.596283 9.019699
v 3.328216 97.369247 8.824077
v -3.328216 97.369247 8.824076
v -2.645175 97.596283 9.019699
v 4.786664 96.834435 8.364457
v 5.452650 96.592682 8.120552
v -5.452650 96.592682 8.120552
v -4.786663 96.834435 8.364458
v 2.512326 90.018532 4.217982
v -0.000000 96.656807 -9.032995
v -2.512326 90.018532 4.217982
v -0.187852 92.707848 -7.779985
v 0.187852 92.707848 -7.779985
v 1.728662 88.716179 -7.208229
v -1.728663 88.716179 -7.208229
v 0.869569 89.633835 -6.788002
v -0.869570 89.633835 -6.788002
v 1.954540 89.228264 -0.667297
v -1.954540 89.228264 -0.667297
v 1.922259 89.948669 3.733813
v 1.981718 90.203896 4.366010
v 2.029873 90.679344 5.091430
v -2.029873 90.679344 5.091430
v -1.981718 90.203896 4.366010
v -1.922259 89.948669 3.733813
v 1.827663 89.481842 2.413848
v 1.761582 89.395874 1.716358
v 1.722541 89.388367 1.054323
v -1.827663 89.481842 2.413848
v -1.761583 89.395874 1.716357
v -1.722542 89.388367 1.054323
v 1.326274 88.928299 -5.114830
v 1.255655 89.070847 -4.399385
v -1.326274 88.928299 -5.114830
v -1.255655 89.070847 -4.399385
v 1.487970 88.765236 -6.214830
v -1.487970 88.765236 -6.214830
v 0.450817 90.710136 -6.091918
v 0.523073 90.909676 -5.975690
v 0.270014 91.112305 -5.675751
v 0.195199 91.183266 -5.385223
v 0.500328 90.430672 -6.208473
v 0.591339 90.061050 -6.235187
v -0.500327 90.430672 -6.208473
v -0.450817 90.710136 -6.091918
v -0.523073 90.909676 -5.975689
v -0.591339 90.061058 -6.235187
v -0.270014 91.112305 -5.675750
v -0.195199 91.183266 -5.385223
v 0.004292 94.148331 -7.474311
v -0.204046 92.115417 -7.410446
v 0.204050 92.115601 -7.410820
v -0.473199 90.729576 -7.326407
v 0.473199 90.729576 -7.326407
v 1.729422 89.090668 -1.970017
v -1.729422 89.090668 -1.970017
v -1.176105 89.185020 -3.875164
v 1.176105 89.185013 -3.875165
v -1.922133 89.352272 -1.167148
v 1.922133 89.352272 -1.167148
v 1.484340 89.072685 -3.017850
v -1.484340 89.072685 -3.017849
v 0.345544 90.141563 -5.364579
v 0.391022 90.370361 -5.383511
v 0.269961 90.676460 -5.242635
v 0.170048 90.986420 -5.096512
v 0.420339 89.794907 -5.063311
v 0.576709 89.702065 -4.597858
v 0.809827 89.486504 -4.393601
v -0.420339 89.794922 -5.063311
v -0.345544 90.141571 -5.364577
v -0.391026 90.370415 -5.383504
v -0.576709 89.702072 -4.597858
v -0.809827 89.486511 -4.393601
v -0.269967 90.676567 -5.242617
v -0.170048 90.986427 -5.096508
v 0.036606 89.970192 1.018504
v 0.092645 89.925095 0.854644
v 0.109429 89.838882 0.633312
v 0.116387 89.740234 0.379310
v 0.127884 89.654442 -0.030961
v 0.131716 89.623207 -0.292068
v 0.131424 89.636559 -0.506924
v 0.112766 89.648933 -0.717835
v 0.103907 89.702034 -0.915035
v 0.102767 89.758171 -1.121216
v 0.104024 89.916618 -1.363926
v 0.003371 90.153618 1.190266
v 0.018429 90.329880 -3.240738
v 0.014948 90.417458 -3.335856
v 0.096470 89.808464 -1.555859
v 0.106444 89.497337 -2.266593
v 0.100085 89.596077 -1.949864
v 0.097154 89.702034 -1.731936
v 0.015165 90.195755 -3.090627
v 0.025658 90.116180 -2.963779
v 0.046259 90.033516 -2.895962
v 0.076732 89.656334 -2.598955
v 0.065551 89.872200 -2.760284
v -0.043030 89.971115 1.015855
v -0.004992 90.154732 1.188553
v -0.095509 89.925049 0.852679
v -0.115197 89.840363 0.631685
v -0.122926 89.741920 0.379010
v -0.138034 89.653465 -0.029677
v -0.133400 89.622566 -0.291252
v -0.131967 89.639221 -0.509971
v -0.125895 89.650269 -0.719035
v -0.123585 89.703369 -0.915418
v -0.112996 89.761581 -1.118087
v -0.108040 89.919250 -1.362166
v -0.095500 89.811134 -1.557410
v -0.094945 89.706833 -1.729422
v -0.106600 89.495590 -2.266179
v -0.096727 89.596260 -1.945019
v -0.070811 89.655952 -2.601702
v -0.048792 89.871185 -2.763505
v -0.024564 90.115631 -2.963852
v -0.033780 90.034981 -2.897560
v -0.008904 90.338974 -3.232152
v -0.016121 90.196526 -3.090677
v -0.009483 90.432716 -3.342602
v -0.000377 90.215385 1.336659
v 0.014428 90.431999 -3.340253
v 1.521852 88.859344 -0.370321
v 2.621638 90.219780 4.132617
v 3.171770 91.236794 5.100952
v 3.940211 92.441948 6.166282
v 1.566731 88.505974 -2.238490
v 1.516356 89.229225 1.475015
v 2.100273 89.639847 2.671380
v 7.106728 97.979752 8.499084
v 7.226432 97.687073 8.446641
v 7.138752 97.279648 8.404717
v 7.170724 97.700256 8.458501
v 7.301011 97.338707 8.392960
v 2.774886 88.185051 -4.482200
v 2.138975 88.006332 -4.522795
v 4.845167 93.741585 6.925646
v 2.321986 87.748932 -5.489657
v 2.830441 87.756790 -5.968781
v 6.349870 96.442078 8.113710
v 5.569069 95.032860 7.577904
v 7.557435 97.832314 8.424784
v -1.521852 88.859344 -0.370321
v -2.621638 90.219780 4.132617
v -3.171770 91.236794 5.100951
v -3.940210 92.441948 6.166282
v -1.566731 88.505966 -2.238489
v -1.516357 89.229225 1.475015
v -2.100273 89.639854 2.671380
v -7.106727 97.979752 8.499084
v -7.226431 97.687073 8.446641
v -7.138752 97.279648 8.404717
v -7.170724 97.700256 8.458501
v -7.301011 97.338707 8.392960
v -2.774886 88.185051 -4.482200
v -2.138975 88.006332 -4.522795
v -4.845167 93.741585 6.925648
v -2.321986 87.748932 -5.489657
v -2.830441 87.756790 -5.968782
v -6.349870 96.442078 8.113710
v -5.569069 95.032860 7.577903
v -7.557434 97.832298 8.424784
vn -0.8398 0.5425 0.0174
vn -0.9103 0.3847 0.1526
vn -0.9804 -0.1615 0.1131
vn -0.9208 -0.3885 -0.0339
vn -0.8749 0.4607 -0.1492
vn -0.6834 -0.7289 -0.0407
vn -0.9066 -0.3602 0.2197
vn -0.9472 0.3090 0.0851
vn 0.9399 -0.1402 -0.3113
vn 0.9704 -0.1921 -0.1466
vn 0.7780 -0.5953 0.2007
vn 0.4523 -0.7546 0.4754
vn 0.3744 -0.6392 0.6718
vn 0.3506 -0.5985 0.7203
vn -0.7218 -0.5458 0.4255
vn -0.9666 0.2327 0.1071
vn -0.6191 -0.7826 0.0650
vn -0.7611 -0.6426 0.0879
vn -0.8488 -0.5271 0.0424
vn -0.7755 -0.6244 -0.0935
vn -0.4416 -0.6477 -0.6209
vn 0.0463 -0.4314 -0.9010
vn -0.1959 -0.8210 -0.5363
vn -0.4913 -0.7972 -0.3509
vn -0.2013 -0.9302 -0.3070
vn -0.3385 -0.9379 -0.0761
vn -0.2466 -0.2763 -0.9289
vn 0.5622 0.1292 -0.8168
vn 0.8510 0.2728 -0.4487
vn 0.8441 0.2766 -0.4593
vn 0.9789 0.1280 -0.1595
vn 0.9988 0.0364 0.0312
vn 0.9985 0.0439 0.0331
vn 0.9817 0.1233 -0.1452
vn -0.1526 -0.1459 0.9775
vn -0.1447 -0.1753 0.9738
vn 0.1525 0.0072 0.9883
vn 0.0607 -0.1244 0.9904
vn 0.0661 -0.3900 0.9185
vn 0.0954 -0.3941 0.9141
vn 0.0640 -0.5580 0.8274
vn 0.0618 -0.5856 0.8082
vn -0.0096 -0.3689 0.9294
vn 0.0204 -0.3665 0.9302
vn 0.0229 -0.5813 0.8133
vn -0.0184 -0.5951 0.8035
vn 0.2741 -0.1918 0.9424
vn 0.3915 -0.0467 0.9190
vn 0.2016 -0.2658 0.9427
vn 0.1578 -0.2707 0.9496
vn 0.1249 -0.3009 0.9455
vn 0.1233 -0.3371 0.9334
vn 0.0980 -0.4877 0.8675
vn 0.1282 -0.3754 0.9179
vn -0.7114 -0.6932 0.1157
vn -0.9906 -0.1179 -0.0692
vn -0.0401 -0.4280 0.9029
vn 0.1824 -0.5282 0.8293
vn 0.0197 -0.3428 0.9392
vn -0.0968 -0.2882 0.9527
vn -0.2097 -0.3218 0.9233
vn 0.0759 -0.4907 0.8680
vn 0.5230 0.8465 -0.0990
vn 0.6361 0.7712 -0.0224
vn 0.9957 -0.0245 0.0895
vn 0.0077 0.9709 -0.2393
vn 0.8610 0.4901 -0.1359
vn 0.8122 0.5622 -0.1556
vn 0.7720 -0.5835 0.2521
vn 0.9536 0.2774 0.1171
vn -0.4940 -0.7975 0.3462
vn -0.3109 -0.6663 0.6778
vn -0.6964 -0.6148 0.3702
vn -0.8125 -0.5707 0.1187
vn -0.2232 -0.4974 0.8383
vn -0.4553 -0.5967 0.6608
vn -0.9469 -0.2232 -0.2315
vn -0.9809 -0.0584 -0.1857
vn 0.7059 -0.7082 -0.0118
vn 0.7543 -0.6549 -0.0454
vn 0.7887 -0.5994 0.1368
vn 0.6413 -0.7540 0.1419
vn 0.5802 -0.7051 -0.4078
vn 0.5433 -0.8040 -0.2416
vn 0.3414 -0.8742 -0.3453
vn 0.3782 -0.6978 -0.6083
vn 0.5344 -0.8213 -0.1998
vn 0.2324 -0.9330 -0.2749
vn 0.5371 -0.4270 -0.7274
vn 0.0959 -0.2912 -0.9519
vn 0.3524 -0.0925 -0.9313
vn -0.5386 0.1444 -0.8301
vn -0.9436 0.1284 -0.3052
vn -0.9476 0.1293 -0.2923
vn -0.9902 0.0487 -0.1309
vn -0.9910 0.0346 -0.1295
vn 0.1660 -0.1700 0.9714
vn 0.0017 -0.0889 0.9960
vn -0.0870 0.0236 0.9959
vn 0.1748 -0.1982 0.9645
vn -0.0902 -0.4031 0.9107
vn -0.0761 -0.5750 0.8146
vn -0.1030 -0.5252 0.8447
vn -0.1188 -0.3810 0.9169
vn -0.0499 -0.5925 0.8040
vn -0.0535 -0.3922 0.9183
vn -0.2454 -0.0529 0.9680
vn -0.3503 0.2042 0.9141
vn -0.1782 -0.2332 0.9560
vn -0.2045 -0.1458 0.9679
vn -0.1188 -0.3488 0.9296
vn -0.1453 -0.3547 0.9236
vn -0.1224 -0.4393 0.8899
vn -0.1105 -0.4298 0.8961
vn 0.3297 -0.8811 0.3391
vn 0.8028 -0.5874 0.1021
vn -0.2928 -0.4809 0.8264
vn -0.1905 -0.5076 0.8403
vn 0.0091 -0.3255 0.9455
vn 0.0078 -0.3209 0.9471
vn -0.0500 -0.4029 0.9139
vn -0.2495 -0.4940 0.8329
vn 0.1246 -0.2910 0.9486
vn 0.1829 -0.3165 0.9308
vn 0.1515 -0.3124 0.9378
vn 0.2224 -0.4031 0.8877
vn 0.1515 -0.4047 0.9018
vn 0.0714 -0.4047 0.9117
vn 0.0559 -0.4556 0.8884
vn 0.1605 -0.4163 0.8949
vn 0.2682 -0.5332 0.8024
vn 0.1378 -0.4987 0.8557
vn 0.0233 -0.4714 0.8816
vn 0.0455 -0.4860 0.8728
vn -0.0362 -0.9936 -0.1068
vn -0.0543 -0.9964 -0.0649
vn -0.7578 -0.6524 -0.0146
vn -0.0673 -0.9975 -0.0205
vn -0.9435 0.3312 -0.0073
vn -0.9453 0.2565 -0.2017
vn -0.9800 0.1965 -0.0318
vn -0.1619 -0.9819 0.0983
vn -0.6897 -0.7229 0.0425
vn -0.9374 0.2935 -0.1876
vn -0.1801 -0.9718 0.1524
vn -0.6493 -0.7534 0.1039
vn -0.9735 0.2242 -0.0445
vn -0.1797 -0.9577 0.2249
vn -0.6773 -0.7160 0.1688
vn -0.9659 0.2548 -0.0466
vn -0.1963 -0.9254 0.3241
vn -0.7299 -0.6364 0.2496
vn -0.9465 0.3100 -0.0895
vn -0.2059 -0.8765 0.4351
vn -0.7824 -0.5507 0.2909
vn -0.9412 0.3095 -0.1355
vn -0.1668 -0.7825 0.5998
vn -0.7767 -0.4780 0.4102
vn 0.9924 -0.0911 -0.0832
vn 0.9927 -0.0973 -0.0707
vn 0.9928 -0.0974 -0.0704
vn 0.9924 -0.0911 -0.0833
vn -0.3262 -0.9087 0.2607
vn -0.7245 -0.6866 0.0603
vn 0.4046 -0.9002 -0.1610
vn -0.1079 -0.9788 -0.1739
vn -0.2135 -0.9191 0.3311
vn -0.0725 -0.8775 0.4741
vn -0.1643 -0.8504 0.4999
vn -0.0156 -0.7845 0.6200
vn -0.0717 -0.6847 0.7253
vn -0.1047 -0.7526 -0.6502
vn 0.1397 -0.9165 -0.3747
vn -0.5908 -0.5332 -0.6055
vn -0.4009 -0.1062 -0.9099
vn 0.1759 -0.8945 -0.4109
vn -0.7160 -0.5998 -0.3572
vn -0.9296 -0.3528 -0.1066
vn -0.8596 -0.2635 -0.4379
vn -0.7432 -0.6675 -0.0453
vn -0.7872 -0.5890 -0.1828
vn -0.6084 -0.7926 -0.0402
vn -0.1294 -0.9455 -0.2988
vn 0.8337 -0.5278 0.1624
vn 0.8627 -0.4894 0.1278
vn 0.9442 -0.3077 0.1177
vn 0.9394 -0.3188 0.1261
vn 0.8538 -0.5195 -0.0335
vn 0.9085 -0.4088 0.0871
vn 0.5230 -0.8005 -0.2925
vn 0.6899 -0.7172 -0.0979
vn -0.8336 -0.5027 -0.2290
vn -0.3017 -0.9343 -0.1902
vn -0.2926 -0.9441 0.1519
vn -0.2321 -0.9534 0.1926
vn -0.8654 -0.4983 -0.0526
vn 0.3035 -0.8232 0.4799
vn 0.8485 -0.4182 0.3241
vn 0.8070 -0.5256 0.2692
vn 0.9446 -0.2764 0.1768
vn 0.9160 -0.2531 0.3114
vn 0.4544 -0.7122 0.5351
vn 0.9479 -0.2666 0.1743
vn 0.5628 -0.6980 0.4427
vn 0.9628 -0.2499 0.1024
vn 0.7505 -0.5905 0.2967
vn 0.9489 -0.2796 0.1463
vn 0.8938 -0.4232 0.1487
vn 0.9817 -0.1669 0.0912
vn 0.8736 -0.4571 0.1670
vn -0.0475 -0.6554 0.7537
vn 0.5260 -0.7854 0.3263
vn 0.6539 -0.6943 0.3006
vn 0.8901 -0.4021 0.2146
vn 0.5323 -0.6987 0.4780
vn -0.9973 0.0702 0.0211
vn 0.9173 -0.3430 0.2021
vn 0.2824 -0.7889 0.5458
vn -0.8966 -0.4153 0.1540
vn -0.6919 -0.6625 0.2869
vn -0.9972 0.0707 0.0224
vn -0.7180 -0.4975 0.4868
vn -0.4321 -0.7594 0.4864
vn -0.6083 -0.6013 0.5181
vn -0.3143 -0.5147 0.7977
vn -0.4596 -0.5736 0.6781
vn 0.9721 -0.2257 0.0639
vn 0.9708 -0.2241 0.0856
vn 0.8908 -0.4431 0.1002
vn 0.9791 -0.1946 -0.0594
vn 0.9781 -0.2079 -0.0028
vn 0.9627 -0.2652 -0.0537
vn 0.9685 -0.2317 -0.0913
vn 0.9793 -0.1986 0.0379
vn 0.9627 -0.2695 0.0234
vn 0.8945 -0.4469 0.0132
vn 0.8720 -0.4786 -0.1027
vn 0.8162 -0.5527 -0.1685
vn 0.9727 -0.1788 -0.1480
vn 0.9781 -0.1899 -0.0846
vn 0.7628 -0.6132 -0.2054
vn 0.7722 -0.5511 -0.3161
vn -0.0987 -0.9907 -0.0936
vn -0.1724 -0.9823 -0.0734
vn -0.2745 -0.9615 0.0090
vn -0.9753 0.2112 0.0653
vn -0.8791 0.4687 0.0860
vn -0.1286 -0.9862 -0.1042
vn -0.3067 -0.9512 -0.0347
vn -0.9033 -0.4161 0.1046
vn -0.5421 -0.8403 0.0002
vn -0.9771 0.1589 0.1413
vn -0.8924 0.4059 0.1972
vn -0.9680 -0.0207 0.2501
vn -0.8404 -0.3102 0.4443
vn -0.8992 -0.2923 0.3257
vn -0.9708 -0.0644 -0.2311
vn -0.8267 -0.3065 -0.4718
vn -0.6868 0.0994 -0.7200
vn -0.9345 0.0436 -0.3532
vn -0.9949 -0.0645 -0.0770
vn -0.9995 0.0239 0.0204
vn -0.8893 -0.4338 -0.1449
vn -0.9590 -0.2825 -0.0210
vn -0.9906 -0.1257 0.0545
vn -0.9512 -0.2879 -0.1110
vn -0.8189 -0.4808 -0.3135
vn -0.8779 -0.3578 -0.3183
vn -0.7572 -0.6353 0.1519
vn -0.2571 -0.8316 0.4922
vn -0.2088 -0.8158 0.5393
vn -0.2535 -0.8465 0.4681
vn -0.0521 -0.8935 0.4460
vn 0.2329 -0.9285 0.2893
vn 0.3642 -0.9141 0.1782
vn 0.4278 -0.9019 0.0598
vn 0.3866 -0.9172 -0.0967
vn 0.1768 -0.9555 -0.2363
vn 0.0063 -0.9498 -0.3127
vn 0.0846 -0.8857 -0.4566
vn 0.0375 -0.9992 0.0167
vn 0.8311 -0.5559 0.0185
vn 0.9848 -0.1606 -0.0658
vn 0.9362 -0.3255 0.1321
vn 0.9156 -0.3882 -0.1049
vn 0.9960 -0.0877 -0.0187
vn 0.9961 -0.0714 0.0512
vn 0.9971 -0.0737 -0.0198
vn 0.9973 -0.0730 0.0081
vn 0.9666 -0.2356 -0.1006
vn 0.9613 -0.2366 -0.1415
vn 0.9781 -0.1983 -0.0633
vn -0.7968 0.5416 -0.2679
vn -0.8552 0.4883 -0.1737
vn -0.9173 0.3897 -0.0814
vn -0.9969 0.0565 -0.0546
vn -0.9973 -0.0611 0.0411
vn -0.9049 0.3624 -0.2232
vn -0.9034 0.3852 -0.1885
vn -0.9414 0.3298 -0.0704
vn 0.8164 -0.5153 0.2607
vn 0.5634 -0.7851 0.2574
vn 0.5833 -0.7323 0.3515
vn -0.9865 0.1550 -0.0535
vn -0.9856 0.1642 -0.0403
vn 0.9974 -0.0673 0.0270
vn 0.9345 -0.3146 0.1667
vn 0.6997 -0.6616 0.2696
vn 0.8576 -0.4963 0.1348
vn 0.5666 -0.7511 0.3388
vn 0.8379 -0.5214 0.1614
vn -0.7458 -0.6477 0.1558
vn -0.6655 -0.7376 0.1142
vn -0.6109 -0.7885 0.0704
vn -0.6319 -0.7750 0.0063
vn -0.7433 -0.6636 -0.0850
vn -0.8065 -0.5700 -0.1571
vn -0.7743 -0.5667 -0.2817
vn -0.8316 -0.5554 -0.0089
vn -0.6421 -0.6544 0.3994
vn -0.3517 -0.8239 0.4443
vn -0.6095 -0.7482 0.2622
vn -0.8258 -0.5353 0.1774
vn -0.6886 -0.6877 0.2298
vn -0.7967 -0.6006 0.0678
vn -0.9350 -0.3487 0.0648
vn -0.9857 -0.1675 0.0167
vn -0.9452 -0.3220 0.0543
vn -0.9689 -0.2435 0.0442
vn -0.9547 -0.2973 0.0121
vn -0.9679 -0.2515 -0.0013
vn -0.9882 -0.1508 0.0260
vn -0.9960 -0.0754 0.0471
vn -0.9996 -0.0226 0.0164
vn -0.9999 0.0118 0.0057
vn -0.9984 -0.0363 0.0440
vn -0.9918 -0.1206 -0.0428
vn -0.9923 -0.0019 -0.1239
vn -0.9949 -0.0763 -0.0654
vn -0.9699 0.1508 -0.1910
vn -0.9957 0.0329 -0.0862
vn -0.9607 0.2429 -0.1343
vn -0.9895 0.1377 -0.0442
vn -0.9493 0.3077 -0.0648
vn -0.9741 0.2259 -0.0033
vn -0.9429 0.3328 0.0132
vn -0.9618 0.2718 0.0332
vn -0.9413 0.2934 0.1670
vn -0.9582 0.2508 0.1377
vn -0.9598 0.2361 0.1519
vn -0.9789 0.1676 0.1168
vn -0.9775 -0.0038 -0.2108
vn -0.9869 0.0131 -0.1610
vn -0.9889 -0.0551 -0.1382
vn -0.9970 0.0425 -0.0640
vn -0.9992 0.0314 0.0256
vn -0.9883 -0.1183 0.0957
vn -0.4144 -0.8640 0.2861
vn -0.1445 -0.9891 0.0268
vn -0.2958 -0.9543 0.0430
vn -0.5371 -0.8423 0.0459
vn -0.4772 -0.8575 0.1924
vn -0.4732 -0.8810 0.0020
vn -0.8122 -0.5826 -0.0294
vn -0.7519 -0.6582 0.0379
vn -0.2237 -0.9587 0.1759
vn -0.7881 -0.6144 0.0377
vn -0.9819 -0.1883 -0.0189
vn -0.9858 -0.1640 -0.0348
vn -0.9925 -0.0987 -0.0728
vn -0.9853 -0.1659 -0.0408
vn -0.9601 -0.2555 -0.1138
vn -0.9038 -0.3631 -0.2267
vn -0.8451 -0.5073 -0.1686
vn -0.9714 -0.2243 -0.0780
vn -0.9771 -0.2034 -0.0627
vn -0.9686 -0.2482 -0.0168
vn -0.9913 -0.1285 -0.0299
vn -0.9728 -0.2238 -0.0595
vn -0.9859 -0.1660 -0.0232
vn -0.9277 -0.3289 0.1766
vn -0.9868 -0.1588 -0.0307
vn -0.9979 -0.0602 -0.0234
vn 0.9993 -0.0239 -0.0293
vn 0.9976 -0.0369 -0.0583
vn 0.8637 -0.4648 -0.1946
vn 0.8455 -0.4857 -0.2221
vn 0.9469 -0.3200 -0.0328
vn 0.9608 -0.2761 -0.0249
vn 0.9822 -0.1872 0.0152
vn 0.9841 -0.1738 0.0366
vn 0.9638 -0.2533 0.0836
vn -0.9923 -0.0969 0.0768
vn -0.7089 -0.4785 -0.5182
vn -0.5045 -0.6197 -0.6011
vn -0.2917 -0.8120 -0.5056
vn -0.3042 -0.5860 -0.7511
vn -0.8569 -0.3677 -0.3613
vn -0.7745 -0.3468 -0.5290
vn -0.9957 -0.0634 -0.0675
vn -0.9710 0.0793 0.2257
vn -0.9954 0.0951 -0.0061
vn -0.9953 -0.0220 -0.0943
vn -0.3160 -0.9471 0.0559
vn -0.3174 -0.9477 -0.0326
vn -0.7064 -0.7076 0.0135
vn -0.9817 -0.1679 0.0896
vn -0.2300 -0.9725 0.0363
vn -0.6414 -0.7671 -0.0130
vn -0.3942 -0.9176 -0.0507
vn -0.6509 -0.7588 -0.0209
vn -0.7280 -0.6203 -0.2921
vn -0.8643 -0.5017 0.0355
vn -0.7619 -0.6440 0.0692
vn -0.8690 -0.4882 0.0805
vn -0.8506 -0.5019 0.1566
vn -0.9319 -0.3532 0.0824
vn -0.8973 -0.4410 0.0198
vn -0.9535 -0.2950 0.0620
vn -0.9841 -0.1280 0.1227
vn -0.9964 -0.0277 0.0799
vn -0.9840 0.1717 0.0474
vn -0.9931 0.1077 0.0459
vn -0.9964 0.0797 0.0292
vn -0.9995 -0.0094 0.0297
vn -0.9999 0.0042 0.0156
vn -0.9967 0.0751 0.0321
vn -0.9950 0.0995 0.0058
vn -0.9971 0.0756 -0.0002
vn -0.9972 -0.0613 0.0419
vn -0.8209 -0.4793 0.3105
vn -0.9743 0.2211 0.0431
vn -0.9989 0.0465 -0.0050
vn -0.9990 -0.0407 0.0189
vn -0.8266 -0.4882 0.2800
vn -0.8796 -0.4570 0.1319
vn 0.2712 -0.9254 0.2645
vn 0.1126 -0.9699 -0.2160
vn -0.9755 -0.2086 -0.0696
vn -0.0115 -0.8306 0.5568
vn -0.9991 -0.0224 0.0356
vn -0.9607 -0.2776 -0.0005
vn -0.9784 -0.2057 0.0193
vn -0.9931 0.0825 0.0835
vn -0.9403 0.2262 0.2543
vn -0.9616 0.1317 0.2409
vn -0.9090 0.3235 0.2629
vn -0.9620 -0.2249 -0.1549
vn -0.9950 -0.0138 0.0987
vn -0.8696 -0.3663 -0.3310
vn -0.9693 -0.1985 -0.1454
vn -0.4496 -0.6116 -0.6510
vn -0.9741 0.0786 0.2122
vn -0.9433 0.2100 0.2569
vn -0.9860 0.1445 0.0829
vn -0.9988 0.0410 0.0258
vn -0.9682 0.1754 0.1785
vn -0.9960 0.0482 0.0758
vn -0.9787 0.0820 0.1880
vn -0.9502 -0.2196 -0.2210
vn -0.9965 -0.0056 -0.0831
vn -0.9597 -0.2477 -0.1326
vn -0.9889 -0.1356 -0.0609
vn -0.9963 -0.0825 -0.0256
vn -0.2922 -0.7894 -0.5398
vn -0.9992 0.0220 0.0342
vn -0.9954 -0.0959 -0.0023
vn -0.9784 -0.2049 -0.0269
vn -0.9887 0.0462 0.1426
vn -0.9953 -0.0609 0.0749
vn -0.9903 0.0054 0.1386
vn -0.9779 0.1681 0.1246
vn -0.9998 0.0090 -0.0150
vn -0.9935 -0.1139 0.0063
vn -0.9732 0.1976 0.1177
vn -0.9550 -0.2961 0.0190
vn -0.9818 -0.1866 -0.0352
vn -0.9701 -0.0772 0.2301
vn -0.9748 -0.1940 0.1098
vn -0.9383 -0.2866 0.1936
vn -0.5993 -0.7912 -0.1221
vn 0.3297 -0.8830 -0.3342
vn 0.8326 -0.4001 -0.3830
vn 0.8270 -0.4357 -0.3554
vn 0.8327 -0.4252 -0.3547
vn -0.3255 -0.8481 -0.4180
vn 0.1788 -0.8229 -0.5393
vn 0.1684 -0.8223 -0.5436
vn -0.3663 -0.7689 -0.5240
vn 0.8243 -0.4101 -0.3902
vn 0.8044 -0.4853 0.3426
vn 0.9859 -0.1456 0.0826
vn 0.9866 -0.1631 0.0077
vn 0.9815 -0.1821 -0.0593
vn 0.8603 -0.4542 0.2315
vn 0.9885 -0.1346 0.0694
vn 0.9955 -0.0942 -0.0073
vn 0.0898 -0.8718 0.4815
vn -0.4532 -0.6440 -0.6163
vn -0.4603 -0.6517 -0.6029
vn 0.7137 -0.5484 -0.4358
vn 0.5771 -0.5414 -0.6114
vn 0.9636 -0.1947 -0.1831
vn 0.9911 -0.0991 -0.0889
vn -0.4737 -0.6727 -0.5684
vn 0.4158 -0.5348 -0.7356
vn 0.4086 -0.6164 -0.6732
vn 0.5687 -0.5655 -0.5973
vn -0.9543 -0.2194 0.2031
vn -0.8001 -0.4097 0.4381
vn 0.5267 -0.6123 -0.5896
vn 0.5988 -0.5795 -0.5527
vn -0.8471 -0.1326 -0.5146
vn -0.6741 0.1164 -0.7295
vn -0.7058 0.0428 -0.7071
vn -0.8508 -0.2032 -0.4846
vn -0.8820 -0.3867 -0.2692
vn -0.8420 -0.4749 -0.2560
vn -0.8382 -0.5126 -0.1864
vn -0.8056 -0.5545 -0.2089
vn -0.8099 -0.5658 -0.1547
vn -0.7909 -0.5852 -0.1789
vn -0.7368 -0.6111 -0.2891
vn -0.6784 -0.6953 -0.2374
vn -0.3817 -0.9064 -0.1812
vn -0.2082 0.9213 -0.3284
vn -0.2903 0.8522 -0.4352
vn -0.5434 0.7760 -0.3202
vn -0.3489 0.9045 -0.2455
vn -0.6974 0.6914 -0.1886
vn -0.4725 0.8665 -0.1611
vn -0.7846 0.6114 -0.1033
vn -0.5392 0.8352 -0.1081
vn -0.8509 0.5242 -0.0356
vn -0.5666 0.8228 -0.0430
vn -0.9071 0.4149 0.0714
vn -0.6296 0.7749 0.0552
vn -0.8979 0.3781 0.2254
vn -0.6588 0.7334 0.1678
vn -0.8618 0.2874 0.4179
vn -0.7016 0.6449 0.3030
vn -0.8218 0.0847 0.5635
vn -0.7205 0.5366 0.4393
vn -0.5908 -0.1173 0.7982
vn -0.4856 0.3779 0.7883
vn -0.1937 -0.2171 0.9567
vn -0.0594 0.0914 0.9940
vn -0.0014 -0.2160 0.9764
vn 0.0444 0.0322 0.9985
vn -0.5377 0.5620 -0.6285
vn -0.8025 0.4433 -0.3994
vn -0.9195 0.3313 -0.2115
vn -0.9712 0.2234 -0.0834
vn -0.9943 0.1044 0.0217
vn -0.9910 -0.0384 0.1284
vn -0.9652 -0.1425 0.2194
vn -0.9036 -0.2205 0.3672
vn -0.7066 -0.3471 0.6167
vn -0.5376 -0.4283 0.7263
vn -0.3195 -0.4793 0.8174
vn -0.0725 -0.4316 0.8991
vn -0.7151 -0.0081 -0.6990
vn -0.9194 -0.0061 -0.3933
vn -0.9826 -0.0520 -0.1781
vn -0.9914 -0.1258 -0.0364
vn -0.9719 -0.2172 0.0904
vn -0.9202 -0.3423 0.1902
vn -0.8514 -0.4617 0.2489
vn -0.7926 -0.5295 0.3022
vn -0.6578 -0.5715 0.4907
vn -0.4913 -0.5916 0.6393
vn -0.3408 -0.6349 0.6934
vn -0.1537 -0.5984 0.7863
vn -0.6508 -0.5566 -0.5164
vn -0.8596 -0.4146 -0.2988
vn -0.9192 -0.3787 -0.1083
vn -0.9009 -0.4328 0.0327
vn -0.8539 -0.4943 0.1626
vn -0.7855 -0.5672 0.2474
vn -0.7354 -0.6200 0.2736
vn -0.6928 -0.6538 0.3042
vn -0.5815 -0.7309 0.3571
vn -0.4253 -0.7764 0.4652
vn -0.3209 -0.7703 0.5510
vn -0.1934 -0.7919 0.5792
vn -0.4678 0.8760 -0.1174
vn -0.6222 0.7771 -0.0951
vn -0.9899 -0.1407 -0.0149
vn -0.9910 -0.1128 0.0724
vn -0.8203 0.5717 0.0141
vn -0.9488 0.3142 -0.0338
vn -0.4908 0.8707 -0.0306
vn -0.9942 -0.0613 0.0881
vn -0.8296 0.5526 0.0803
vn -0.5604 0.8260 0.0608
vn -0.9939 -0.1013 -0.0438
vn -0.8920 0.4520 -0.0005
vn -0.6050 0.7914 0.0869
vn -0.9985 -0.0422 0.0357
vn -0.8969 0.4370 0.0672
vn -0.6311 0.7500 0.1981
vn -0.9801 -0.0669 0.1870
vn -0.8720 0.4148 0.2597
vn -0.9485 -0.1490 0.2795
vn -0.6091 0.6528 0.4504
vn -0.8091 0.3186 0.4939
vn -0.9821 -0.0793 0.1709
vn -0.2942 0.4031 0.8666
vn -0.7101 0.0512 0.7023
vn -0.8316 -0.2294 0.5058
vn -0.7310 -0.3658 0.5760
vn -0.0077 0.1106 0.9938
vn -0.5383 -0.1225 0.8338
vn -0.2543 -0.3556 0.8994
vn -0.1648 -0.5291 0.8324
vn -0.0192 0.0957 0.9952
vn -0.2259 -0.0923 0.9698
vn -0.9886 -0.1430 -0.0473
vn -0.6052 0.7807 -0.1556
vn -0.9511 0.3011 -0.0692
vn -0.9381 -0.1657 -0.3041
vn -0.4467 0.8547 -0.2644
vn -0.5197 -0.8129 -0.2627
vn -0.7347 -0.6501 -0.1940
vn -0.3200 -0.8538 0.4107
vn -0.2604 -0.8662 0.4266
vn -0.7461 -0.6634 -0.0570
vn -0.4641 -0.8834 -0.0647
vn -0.7150 -0.6942 0.0829
vn -0.4371 -0.8954 0.0846
vn -0.4154 -0.8881 0.1967
vn -0.6712 -0.7143 0.1980
vn -0.6144 -0.7378 0.2797
vn -0.3888 -0.8768 0.2831
vn -0.4915 -0.8056 0.3307
vn -0.3864 -0.8438 0.3724
vn -0.5667 -0.7659 0.3037
vn -0.3683 -0.8513 0.3736
vn -0.5850 -0.7525 0.3024
vn -0.3744 -0.8644 0.3357
vn -0.8636 -0.4751 -0.1686
vn -0.7219 -0.6862 -0.0890
vn -0.9637 -0.2396 -0.1179
vn -0.9782 -0.2073 -0.0157
vn -0.9688 -0.2428 -0.0498
vn -0.9491 -0.2351 -0.2099
vn -0.9215 -0.2737 -0.2755
vn -0.8423 -0.4866 -0.2318
vn -0.9288 -0.3510 -0.1189
vn -0.9527 -0.2781 -0.1229
vn -0.9741 -0.1698 -0.1493
vn -0.8640 -0.4995 -0.0631
vn -0.7518 -0.6591 -0.0204
vn -0.7663 -0.6315 -0.1179
vn -0.7356 -0.6744 0.0641
vn -0.7115 -0.7022 0.0256
vn -0.6358 -0.7718 -0.0074
vn -0.6669 -0.7412 0.0765
vn -0.3994 -0.9070 0.1334
vn -0.6214 -0.7821 -0.0473
vn -0.6420 -0.7664 -0.0224
vn -0.6023 -0.7980 -0.0229
vn -0.5720 -0.8119 0.1168
vn -0.6022 -0.7964 0.0561
vn -0.5816 -0.8107 0.0670
vn -0.6542 -0.7554 -0.0378
vn -0.6560 -0.7537 0.0402
vn -0.6442 -0.7526 0.1363
vn 0.5585 -0.8052 0.1993
vn 0.1789 -0.9545 0.2385
vn -0.1270 -0.9448 0.3019
vn 0.8371 -0.4531 0.3065
vn 0.5728 -0.6834 0.4525
vn 0.7666 -0.5424 0.3437
vn 0.7088 -0.6092 0.3557
vn 0.8424 -0.4381 0.3139
vn 0.3067 -0.9088 0.2829
vn 0.8242 -0.4838 0.2945
vn 0.7404 -0.6573 0.1406
vn 0.9364 -0.3507 -0.0097
vn 0.9629 -0.2693 0.0198
vn 0.9307 -0.3387 0.1382
vn 0.9196 -0.3315 0.2108
vn 0.9529 -0.2830 0.1090
vn 0.8785 -0.4573 0.1385
vn 0.9625 -0.2674 0.0455
vn 0.8611 -0.4866 0.1475
vn 0.9629 -0.2472 0.1085
vn 0.9453 -0.3161 0.0804
vn 0.9525 -0.2907 0.0906
vn 0.9142 -0.3799 0.1408
vn 0.9799 -0.1926 0.0521
vn 0.9853 -0.1482 0.0847
vn 0.9818 -0.1452 0.1224
vn 0.9422 -0.2932 0.1620
vn 0.9915 -0.1220 0.0448
vn 0.9972 0.0241 0.0710
vn 0.9891 -0.1418 0.0398
vn 0.9935 0.1033 0.0485
vn 0.9674 -0.2525 0.0184
vn -0.9939 0.0986 -0.0487
vn 0.9992 0.0263 0.0305
vn -0.9904 0.1376 -0.0120
vn 0.9383 -0.3455 -0.0120
vn 0.9992 -0.0234 -0.0323
vn 0.9541 0.2939 -0.0574
vn 0.8156 -0.5517 -0.1744
vn -0.9674 0.2490 0.0471
vn 0.8646 -0.4544 -0.2145
vn 0.9609 -0.2677 -0.0709
vn 0.9847 -0.0329 -0.1714
vn 0.9769 -0.1286 -0.1706
vn 0.9430 -0.2341 -0.2366
vn 0.8886 0.3450 -0.3024
vn 0.9790 -0.1649 -0.1201
vn 0.9880 -0.0891 -0.1261
vn 0.9957 0.0139 -0.0916
vn 0.9339 -0.3568 -0.0240
vn 0.7019 -0.7122 -0.0094
vn 0.9990 0.0290 -0.0353
vn 0.9897 -0.0601 -0.1301
vn 0.9232 -0.2363 -0.3032
vn 0.9553 -0.2890 -0.0625
vn 0.8049 -0.5925 -0.0325
vn 0.9971 0.0189 -0.0734
vn 0.8922 -0.2593 -0.3698
vn 0.9529 -0.1406 -0.2687
vn 0.8750 -0.3042 -0.3766
vn 0.8773 -0.3020 -0.3730
vn 0.9129 -0.2760 -0.3008
vn 0.8860 -0.3468 -0.3078
vn 0.0591 0.7533 0.6550
vn 0.0591 0.7728 0.6319
vn 0.0584 0.7660 0.6402
vn 0.0594 0.7590 0.6484
vn 0.8404 -0.3536 -0.4108
vn 0.8569 -0.2618 -0.4441
vn 0.8847 -0.2110 -0.4157
vn 0.8511 -0.2685 -0.4511
vn -0.1642 -0.3233 0.9320
vn -0.1285 -0.2966 0.9463
vn -0.2364 -0.3962 0.8872
vn -0.1989 -0.3361 0.9206
vn -0.0653 -0.3917 0.9178
vn -0.1278 -0.3739 0.9186
vn -0.1036 -0.4124 0.9051
vn -0.0256 -0.4543 0.8905
vn -0.1521 -0.4894 0.8587
vn -0.1051 -0.4405 0.8916
vn -0.2302 -0.4190 0.8783
vn -0.3235 -0.4935 0.8073
vn -0.0534 -0.4761 0.8778
vn 0.0018 -0.4972 0.8676
vn 0.0704 -0.6816 0.7283
vn 0.0888 -0.6645 0.7420
vn 0.6587 -0.5210 0.5429
vn 0.0835 -0.5798 0.8105
vn 0.9974 0.0217 -0.0688
vn 0.9228 -0.3653 0.1223
vn 0.9828 -0.1649 0.0835
vn 0.9995 0.0296 -0.0053
vn -0.7556 -0.6075 0.2450
vn -0.7212 -0.6181 0.3128
vn -0.8824 -0.3728 0.2871
vn -0.9359 -0.3095 0.1684
vn -0.4062 -0.8337 0.3740
vn 0.8094 -0.5298 0.2535
vn -0.8921 -0.3548 0.2799
vn 0.8813 0.4481 -0.1505
vn 0.9636 0.2576 -0.0720
vn -0.9649 -0.2593 0.0408
vn -0.9960 -0.0804 0.0386
vn 0.8970 0.4334 -0.0866
vn 0.9630 0.2608 -0.0684
vn 0.8463 -0.5250 0.0904
vn 0.9086 -0.4063 0.0969
vn 0.9288 0.3660 -0.0577
vn 0.9837 0.1669 -0.0674
vn 0.9935 0.1025 -0.0488
vn 0.9593 0.2821 0.0117
vn 0.9815 0.1912 0.0068
vn 0.9904 0.1377 -0.0119
vn 0.9732 0.2222 0.0597
vn 0.9855 0.1691 0.0173
vn 0.9679 0.2469 0.0467
vn 0.9983 0.0566 0.0140
vn 0.9909 0.1338 -0.0152
vn -0.9831 -0.1366 -0.1222
vn -0.9842 -0.1293 -0.1210
vn -0.6286 0.7557 -0.1839
vn -0.9777 0.0836 -0.1925
vn 0.9963 -0.0697 0.0501
vn 0.9767 0.2027 0.0701
vn -0.8649 -0.5019 -0.0016
vn -0.5851 -0.8107 0.0203
vn 0.9859 -0.1520 0.0694
vn 0.9565 0.2357 0.1716
vn -0.9466 -0.3201 -0.0386
vn -0.6533 -0.7571 0.0044
vn 0.9511 -0.2312 0.2046
vn 0.9523 0.1204 0.2803
vn -0.8980 -0.2898 -0.3311
vn -0.8903 -0.3454 -0.2968
vn 0.8278 -0.3609 0.4295
vn 0.9206 -0.1565 0.3579
vn -0.8046 -0.3619 -0.4708
vn -0.8307 -0.2987 -0.4698
vn 0.7631 -0.4773 0.4357
vn 0.1534 -0.7714 0.6176
vn 0.4646 -0.6091 0.6428
vn 0.1274 -0.6524 0.7471
vn 0.0903 -0.8320 0.5473
vn 0.7617 -0.5383 0.3605
vn 0.1871 -0.8656 0.4644
vn 0.7072 -0.6280 0.3246
vn 0.1759 -0.9058 0.3853
vn 0.6433 -0.7369 0.2078
vn 0.1911 -0.9247 0.3292
vn 0.5785 -0.8143 0.0477
vn 0.2067 -0.9578 0.1999
vn 0.1633 -0.9854 -0.0490
vn 0.1644 -0.9837 0.0727
vn -0.0506 -0.9982 -0.0325
vn 0.1544 -0.9873 0.0365
vn -0.0747 -0.2916 0.9536
vn -0.2404 -0.9520 -0.1893
vn 0.0535 -0.9985 -0.0071
vn 0.0360 -0.9993 -0.0141
vn 0.9922 0.0827 -0.0933
vn 0.9771 0.2082 -0.0436
vn 0.0640 -0.9934 -0.0957
vn 0.0004 -0.9955 -0.0945
vn 0.8819 0.4632 0.0882
vn 0.1023 -0.9892 -0.1049
vn 0.1667 -0.9823 -0.0855
vn 0.7703 0.5900 0.2420
vn 0.1317 -0.9698 -0.2053
vn 0.3178 -0.9445 -0.0832
vn 0.8321 0.4585 0.3121
vn 0.1405 -0.9351 -0.3252
vn 0.6562 -0.7441 0.1252
vn 0.9368 0.0282 0.3488
vn 0.1240 -0.7943 0.5947
vn -0.1139 -0.8739 0.4725
vn 0.1759 -0.9374 0.3005
vn -0.1208 -0.9426 0.3114
vn -0.0888 -0.8942 0.4387
vn 0.4349 -0.8632 0.2563
vn 0.7589 -0.6461 0.0815
vn -0.9898 -0.1303 -0.0584
vn -0.9845 -0.1719 -0.0345
vn -0.9845 -0.1719 -0.0346
vn -0.9897 -0.1306 -0.0590
vn 0.4366 -0.8977 0.0593
vn 0.3711 -0.9277 -0.0418
vn 0.0949 -0.9931 -0.0689
vn 0.2537 -0.9671 0.0193
vn 0.6299 -0.7685 0.1124
vn 0.5766 -0.8127 0.0837
vn 0.5079 -0.8537 0.1153
vn 0.5189 -0.8508 0.0831
vn 0.5708 -0.8147 0.1026
vn 0.4855 -0.8461 -0.2199
vn 0.6066 -0.7950 -0.0006
vn 0.5386 -0.8425 -0.0113
vn 0.4820 -0.8723 -0.0824
vn 0.4729 -0.7374 -0.4823
vn 0.6118 -0.1801 -0.7703
vn 0.3748 -0.4689 -0.7998
vn 0.6831 0.0989 -0.7236
vn 0.2890 0.1074 -0.9513
vn 0.9997 -0.0004 0.0247
vn 0.9383 -0.0018 -0.3459
vn 0.5384 -0.6509 -0.5352
vn 0.8291 -0.4758 -0.2936
vn 0.9896 -0.1354 -0.0481
vn 0.9223 0.0656 -0.3809
vn 0.9738 -0.2262 -0.0222
vn 0.9892 -0.1289 0.0696
vn 0.9287 -0.3700 -0.0240
vn 0.8916 -0.3718 -0.2586
vn 0.9568 -0.2889 0.0326
vn 0.9674 -0.2533 0.0056
vn 0.9578 -0.2463 -0.1479
vn 0.8271 -0.4789 -0.2943
vn 0.8914 -0.4459 -0.0807
vn 0.5523 -0.8271 -0.1041
vn 0.4253 -0.8828 -0.1996
vn 0.6755 -0.7118 -0.1925
vn 0.9417 -0.3219 -0.0982
vn 0.9634 -0.2573 -0.0745
vn 0.9780 -0.1862 -0.0936
vn 0.7409 -0.6670 -0.0781
vn 0.9613 -0.1587 -0.2250
vn 0.9788 -0.0977 -0.1801
vn 0.9833 -0.1199 -0.1369
vn 0.9709 -0.1640 -0.1746
vn 0.6759 -0.7336 0.0702
vn 0.7136 -0.6942 0.0943
vn 0.7311 -0.6822 0.0085
vn 0.0300 -0.8917 -0.4516
vn 0.2518 -0.6993 -0.6690
vn 0.7346 -0.0681 -0.6751
vn 0.7978 -0.3104 -0.5169
vn 0.7518 0.4653 -0.4672
vn 0.9465 0.2516 -0.2020
vn -0.1709 -0.8839 -0.4353
vn -0.1834 -0.8767 -0.4447
vn 0.9887 0.1343 -0.0664
vn 0.9890 0.1325 -0.0661
vn -0.1914 -0.9535 -0.2329
vn 0.6341 -0.7559 -0.1629
vn 0.5899 -0.7984 -0.1208
vn 0.0170 -0.9505 0.3102
vn 0.1829 -0.9499 0.2536
vn 0.5089 -0.8507 -0.1315
vn 0.7654 -0.6436 -0.0022
vn -0.0481 -0.9606 0.2738
vn -0.2634 -0.9441 0.1981
vn -0.2303 -0.9451 0.2316
vn -0.1331 -0.9192 0.3707
vn -0.1498 -0.9174 0.3686
vn -0.6378 -0.7702 0.0038
vn -0.6107 -0.7612 0.2181
vn -0.6290 -0.7640 0.1439
vn -0.7430 -0.6631 0.0905
vn 0.8911 -0.4519 -0.0415
vn 0.8904 -0.4535 -0.0381
vn -0.7323 -0.6730 -0.1042
vn -0.9026 -0.4298 -0.0258
vn 0.7644 -0.6443 0.0229
vn 0.7730 -0.6340 0.0251
vn -0.7895 -0.6109 0.0594
vn -0.9011 -0.4328 0.0264
vn -0.9449 -0.3024 0.1251
vn -0.9351 -0.2801 0.2172
vn -0.8663 -0.4872 0.1104
vn -0.8920 -0.4363 0.1180
vn -0.9256 -0.3531 0.1363
vn -0.8560 -0.5012 0.1266
vn -0.8966 -0.4281 0.1132
vn -0.9201 -0.3429 0.1892
vn -0.8102 -0.5552 0.1880
vn -0.9141 -0.3895 0.1127
vn -0.9361 -0.3314 0.1181
vn -0.9645 -0.2411 0.1075
vn -0.9625 -0.2594 0.0797
vn -0.9877 -0.1439 -0.0607
vn -0.9806 -0.1958 0.0007
vn -0.9846 -0.1720 0.0325
vn -0.9929 -0.1187 -0.0123
vn -0.9883 -0.1498 0.0304
vn -0.9921 -0.1197 0.0362
vn -0.9832 -0.1263 -0.1315
vn -0.9901 -0.1172 -0.0774
vn -0.9910 -0.1336 0.0056
vn -0.9638 -0.2581 -0.0676
vn -0.9974 -0.0721 -0.0063
vn -0.9622 -0.2714 -0.0232
vn -0.7289 -0.5813 0.3615
vn -0.7625 -0.5466 0.3462
vn -0.8896 -0.3151 0.3307
vn -0.9237 -0.2718 0.2699
vn -0.9759 -0.1512 0.1574
vn -0.9868 -0.1145 0.1143
vn -0.9799 -0.1817 0.0820
vn -0.4982 -0.7577 0.4215
vn -0.6243 -0.6698 0.4020
vn -0.6104 -0.7097 0.3518
vn -0.8748 -0.3938 0.2823
vn -0.7862 -0.5396 0.3012
vn -0.5436 -0.7963 0.2655
vn -0.5000 -0.7854 0.3650
vn 0.4454 -0.8046 0.3928
vn -0.2661 -0.8399 0.4730
vn 0.2890 -0.8221 0.4906
vn -0.3593 -0.7644 0.5353
vn 0.6361 -0.6810 0.3627
vn 0.7181 -0.6222 0.3118
vn 0.1833 -0.8479 0.4975
vn -0.4931 -0.6925 0.5265
vn 0.7811 -0.5817 0.2269
vn -0.0823 -0.9513 0.2971
vn 0.1581 -0.8900 0.4277
vn -0.6930 -0.6078 0.3878
vn -0.8353 -0.5157 0.1906
vn 0.7422 -0.6535 0.1486
vn 0.8232 -0.5389 0.1786
vn -0.3189 -0.9308 0.1785
vn -0.8966 -0.4316 0.0993
vn 0.6704 -0.7324 0.1192
vn -0.4100 -0.9104 0.0545
vn -0.9075 -0.4199 0.0130
vn 0.6357 -0.7701 0.0536
vn -0.4472 -0.8883 -0.1046
vn -0.9086 -0.4079 -0.0902
vn 0.6617 -0.7489 -0.0363
vn -0.2621 -0.9359 -0.2351
vn -0.8409 -0.5171 -0.1598
vn 0.7097 -0.6904 -0.1402
vn -0.7257 -0.6505 -0.2241
vn -0.0728 -0.9359 -0.3447
vn 0.7499 -0.6283 -0.2072
vn -0.1849 -0.9808 -0.0619
vn -0.0446 -0.8887 -0.4563
vn -0.6913 -0.6206 -0.3701
vn -0.7730 -0.6336 0.0323
vn 0.7225 -0.6882 0.0662
vn 0.7142 -0.6283 -0.3084
vn -0.1520 -0.8365 0.5265
vn -0.8032 -0.5117 0.3051
vn 0.7623 -0.5426 0.3528
vn 0.0753 -0.9812 -0.1776
vn 0.2904 -0.8832 0.3682
vn -0.4833 -0.8348 0.2637
vn -0.6997 -0.7139 -0.0270
vn 0.8670 -0.4891 -0.0953
vn 0.8883 -0.4579 -0.0366
vn -0.0080 -0.8913 0.4533
vn -0.7644 -0.5904 0.2591
vn 0.8805 -0.3913 0.2675
vn -0.7955 -0.4272 -0.4297
vn -0.1013 -0.8005 -0.5906
vn 0.8307 -0.4705 -0.2975
vn -0.3960 -0.6609 -0.6375
vn 0.4149 -0.6609 -0.6253
vn 0.2393 -0.6694 -0.7033
vn -0.5840 -0.4899 -0.6473
vn -0.4950 -0.6656 -0.5585
vn 0.5420 -0.6477 -0.5355
vn 0.9259 -0.2997 -0.2299
vn 0.9071 -0.3367 -0.2526
vn 0.9170 -0.3260 -0.2298
vn -0.6294 -0.6464 0.4314
vn -0.8453 -0.4386 0.3050
vn -0.9587 -0.2196 0.1807
vn -0.9833 -0.1594 0.0879
vn -0.9748 -0.2177 0.0490
vn -0.9673 -0.2383 0.0870
vn -0.9261 -0.3558 0.1254
vn -0.9488 -0.3025 0.0909
vn -0.9734 -0.2184 0.0685
vn -0.5158 -0.7065 0.4846
vn -0.3813 -0.8154 0.4355
vn -0.6246 -0.7117 0.3214
vn 0.4795 -0.5998 -0.6406
vn 0.6445 -0.5305 -0.5506
vn -0.4261 -0.5430 -0.7236
vn -0.3686 -0.5293 -0.7642
vn 0.5162 -0.6224 -0.5883
vn 0.8464 -0.4168 -0.3315
vn 0.1563 -0.8790 -0.4504
vn -0.4126 -0.7416 -0.5290
vn 0.1812 -0.8940 -0.4098
vn -0.9706 -0.2408 -0.0041
vn -0.9709 -0.2302 -0.0667
vn -0.9749 -0.1905 -0.1150
vn -0.9827 -0.1483 -0.1108
vn -0.9860 -0.1147 -0.1208
vn -0.9719 -0.2246 -0.0701
vn -0.9729 -0.2069 0.1031
vn -0.9835 -0.1625 0.0793
vn -0.9892 -0.1446 0.0248
vn -0.9830 -0.1837 -0.0046
vn -0.9623 -0.1880 -0.1966
vn -0.8951 -0.3066 -0.3237
vn -0.8804 -0.2682 -0.3910
vn -0.9110 -0.2775 -0.3052
vn -0.9671 -0.2219 -0.1248
vn -0.9575 -0.2731 -0.0929
vn -0.9758 -0.2025 0.0820
vn -0.9947 -0.0906 0.0486
vn -0.9989 -0.0413 -0.0227
vn -0.9971 -0.0646 -0.0394
vn -0.9866 -0.1383 -0.0870
vn -0.9894 -0.0676 -0.1289
vn -0.9850 -0.0944 -0.1445
vn -0.9507 -0.2059 -0.2318
vn -0.8147 -0.2760 -0.5100
vn -0.8566 -0.2695 -0.4400
vn 0.7054 0.0484 -0.7072
vn 0.3039 0.2654 -0.9150
vn 0.6983 0.0413 -0.7146
vn 0.2827 0.2683 -0.9209
vn 0.8661 -0.4287 -0.2569
vn 0.8555 -0.1740 -0.4878
vn 0.8666 -0.4318 -0.2502
vn 0.8613 -0.2192 -0.4583
vn 0.8162 -0.5629 -0.1304
vn 0.8318 -0.5307 -0.1625
vn 0.7555 -0.6065 -0.2479
vn 0.8194 -0.5586 -0.1286
vn 0.6883 -0.6929 -0.2148
vn 0.8005 -0.5769 -0.1623
vn 0.9056 -0.4123 0.0995
vn 0.9312 -0.3314 0.1517
vn 0.9394 -0.3420 -0.0248
vn 0.9421 -0.3314 0.0511
vn 0.9403 -0.3362 0.0538
vn 0.9321 -0.3608 0.0321
vn 0.9629 -0.2697 0.0022
vn 0.9892 -0.1465 -0.0095
vn 0.9971 -0.0762 0.0011
vn 0.9996 -0.0277 0.0020
vn 0.9996 -0.0196 0.0187
vn 0.9983 -0.0337 0.0482
vn 0.9989 -0.0175 0.0433
vn 0.9991 -0.0256 0.0330
vn 0.9833 0.1760 -0.0457
vn 0.9969 0.0753 -0.0223
vn 0.9892 -0.1463 0.0065
vn 0.9965 -0.0492 0.0669
vn 0.9926 -0.1179 -0.0275
vn 0.9989 -0.0287 0.0381
vn 0.8487 -0.3966 -0.3499
vn 0.9454 -0.2700 -0.1828
vn 0.4375 -0.8977 0.0528
vn 0.5662 -0.8207 0.0764
vn 0.3277 -0.9198 -0.2156
vn 0.0232 -0.9869 0.1598
vn 0.3583 -0.9296 0.0868
vn 0.4864 -0.8007 0.3497
vn 0.2921 -0.9499 0.1109
vn 0.3298 -0.9206 0.2090
vn 0.5553 -0.8314 0.0212
vn 0.3832 -0.9207 0.0744
vn -0.9272 -0.3537 -0.1230
vn -0.8613 -0.5063 0.0429
vn -0.8991 -0.4142 0.1417
vn -0.9949 -0.0925 -0.0405
vn -0.9984 -0.0548 -0.0165
vn -0.9990 -0.0389 -0.0227
vn -0.9297 -0.3610 -0.0730
vn -0.8167 -0.5742 0.0581
vn -0.7917 -0.6051 0.0842
vn -0.9966 -0.0760 -0.0304
vn -0.9983 -0.0482 -0.0318
vn -0.9973 0.0120 -0.0728
vn -0.9245 -0.3669 0.1029
vn -0.7766 -0.6145 0.1390
vn 0.5617 -0.8034 0.1976
vn -0.9565 -0.2872 0.0507
vn -0.9933 -0.1072 0.0420
vn -0.9991 -0.0206 -0.0366
vn -0.9983 0.0515 0.0286
vn -0.9868 0.1559 -0.0439
vn -0.9738 -0.2189 -0.0616
vn -0.9588 -0.2559 0.1230
vn 0.9822 -0.1005 -0.1584
vn 0.9687 -0.2282 -0.0980
vn 0.9845 -0.1747 0.0140
vn 0.9827 -0.1793 -0.0461
vn 0.9760 -0.2147 0.0363
vn 0.9624 -0.2701 -0.0306
vn 0.9829 0.0394 -0.1798
vn 0.9949 -0.0693 -0.0731
vn 0.9771 0.1533 -0.1474
vn 0.9965 0.0645 -0.0533
vn 0.9661 0.2488 -0.0687
vn 0.9912 0.1298 -0.0276
vn 0.9552 0.2959 0.0101
vn 0.9776 0.2095 0.0189
vn 0.9393 0.2972 0.1716
vn 0.9586 0.2454 0.1446
vn 0.9419 0.2988 0.1534
vn 0.9727 0.2010 0.1160
vn 0.9648 0.2630 -0.0055
vn 0.9859 0.1627 -0.0379
vn 0.9956 0.0842 -0.0418
vn 0.9852 0.1709 -0.0136
vn 0.9957 0.0773 0.0502
vn 0.9932 0.1130 0.0295
vn 0.9999 -0.0169 0.0018
vn 0.9872 -0.1514 0.0507
vn 0.9910 0.0618 0.1184
vn 0.9906 -0.1202 0.0647
vn 0.9878 0.0270 0.1535
vn 0.9368 0.1639 0.3090
vn 0.9107 0.2606 0.3205
vn 0.9625 0.1565 0.2218
vn 0.9669 0.1553 0.2024
vn 0.9228 0.3030 0.2380
vn 0.9436 0.2271 0.2411
vn 0.8973 0.3348 0.2876
vn 0.9744 0.1397 0.1764
vn 0.9902 0.0791 0.1151
vn 0.8916 -0.4502 -0.0493
vn 0.6802 -0.7234 0.1185
vn 0.9665 -0.2462 -0.0731
vn 0.9764 -0.2106 -0.0474
vn 0.9925 -0.1169 -0.0342
vn 0.9751 -0.1901 -0.1144
vn 0.9839 -0.1788 -0.0025
vn 0.9943 -0.1067 -0.0037
vn 0.9802 -0.1930 -0.0443
vn 0.9841 -0.1459 -0.1010
vn 0.9804 -0.0754 -0.1821
vn 0.9707 -0.0285 -0.2387
vn 0.9754 -0.0042 -0.2205
vn 0.9933 0.0586 -0.0999
vn 0.9963 0.0811 0.0288
vn 0.9956 0.0112 0.0929
vn 0.9916 -0.0905 0.0924
vn 0.9081 -0.3887 0.1558
vn 0.9619 -0.2315 0.1456
vn 0.9399 -0.3147 -0.1321
vn 0.9754 -0.2011 -0.0899
vn 0.9964 -0.0772 -0.0353
vn 0.8742 -0.4058 -0.2668
vn 0.8585 -0.4542 -0.2383
vn 0.8044 -0.5939 -0.0175
vn 0.8531 -0.5176 -0.0658
vn 0.8333 -0.5500 0.0548
vn 0.7832 -0.6216 0.0142
vn 0.6144 -0.7875 -0.0495
vn 0.4582 -0.8868 0.0601
vn 0.2632 -0.9619 -0.0738
vn 0.7136 -0.6754 0.1863
vn 0.7359 -0.6699 0.0983
vn 0.2774 -0.9598 -0.0419
vn 0.0270 -0.9941 -0.1053
vn 0.9954 -0.0697 0.0658
vn 0.9923 -0.1152 -0.0460
vn 0.8553 -0.5179 -0.0114
vn 0.8829 -0.4653 -0.0628
vn 0.8984 0.3910 0.2002
vn 0.9533 0.3001 -0.0337
vn 0.9923 -0.0585 0.1094
vn 0.9412 -0.3369 0.0233
vn 0.8931 0.3839 0.2345
vn 0.9952 -0.0857 -0.0464
vn 0.9616 -0.2721 -0.0352
vn 0.8800 0.4738 -0.0351
vn 0.9946 -0.0995 0.0291
vn 0.9813 -0.1868 0.0454
vn 0.8951 0.4407 0.0672
vn 0.9730 -0.0460 0.2262
vn 0.9876 -0.0205 0.1554
vn 0.8630 0.3898 0.3215
vn 0.9556 -0.1089 0.2737
vn 0.9926 -0.0818 0.0893
vn 0.7825 0.3092 0.5404
vn 0.9824 -0.1356 0.1287
vn 0.9442 -0.3015 0.1327
vn 0.6961 0.1101 0.7094
vn 0.9493 -0.2093 0.2345
vn 0.8793 -0.1568 0.4497
vn 0.3302 -0.0879 0.9398
vn 0.8780 -0.4733 0.0711
vn 0.8432 -0.5350 0.0527
vn 0.9654 -0.2592 0.0294
vn 0.9875 -0.1574 -0.0044
vn 0.9887 -0.1479 0.0227
vn 0.9884 -0.1371 -0.0647
vn 0.9929 -0.1184 0.0115
vn 0.9422 -0.2442 0.2293
vn 0.9032 -0.3218 0.2842
vn 0.9981 -0.0584 -0.0173
vn 0.9989 -0.0122 0.0459
vn 0.9879 -0.1102 0.1094
vn 0.9984 0.0237 0.0511
vn 0.9936 -0.0675 0.0905
vn 0.9963 -0.0860 0.0038
vn 0.9892 0.1039 0.1033
vn -0.5905 0.6243 0.5114
vn -0.5764 0.6556 0.4878
vn -0.5832 0.6493 0.4882
vn -0.5733 0.5969 0.5613
vn 0.9796 0.0440 0.1961
vn 0.9340 0.2731 0.2303
vn 0.9338 0.2786 0.2244
vn 0.9531 -0.2481 0.1735
vn -0.3424 -0.7833 -0.5188
vn -0.7306 -0.6000 -0.3259
vn -0.5941 -0.7573 -0.2712
vn -0.0350 -0.8383 -0.5441
vn 0.5548 -0.5092 0.6580
vn 0.2605 -0.4025 0.8776
vn -0.4198 -0.6884 -0.5915
vn -0.8584 -0.3703 -0.3551
vn 0.1076 -0.0775 0.9912
vn 0.7040 0.6680 0.2409
vn 0.6037 0.7536 0.2599
vn 0.5743 0.6202 0.5344
vn 0.7147 0.4806 0.5081
vn 0.2894 0.3701 0.8827
vn 0.4609 0.3016 0.8346
vn 0.8889 0.3049 0.3420
vn 0.8186 0.1382 0.5575
vn 0.5556 -0.0890 0.8267
vn 0.7464 -0.2565 0.6141
vn 0.9196 -0.1751 0.3517
vn 0.5307 -0.4009 0.7468
vn 0.6476 0.7526 0.1189
vn 0.5712 0.8164 0.0855
vn 0.9027 0.3835 0.1950
vn 0.9686 -0.0655 0.2400
vn 0.6294 0.7753 0.0519
vn 0.5420 0.8401 0.0230
vn 0.9032 0.4280 0.0330
vn 0.9953 0.0351 0.0905
vn 0.0626 0.1230 0.9904
vn 0.0277 0.1806 0.9832
vn -0.0417 0.0481 0.9980
vn 0.0634 0.1683 0.9837
vn 0.1809 -0.2667 0.9466
vn 0.0017 -0.2439 0.9698
vn 0.3098 -0.5265 0.7917
vn 0.0728 -0.4318 0.8990
vn 0.5843 0.8084 -0.0706
vn 0.6436 0.7579 0.1071
vn 0.8318 0.5460 -0.1004
vn 0.9875 0.1568 -0.0181
vn 0.5270 0.8402 -0.1281
vn 0.6176 0.7851 0.0480
vn 0.7600 0.6312 -0.1550
vn 0.9576 0.2653 -0.1126
vn 0.4527 0.8746 -0.1734
vn 0.6218 0.7780 -0.0898
vn 0.6727 0.7062 -0.2209
vn 0.9025 0.3645 -0.2293
vn 0.3299 0.9094 -0.2534
vn 0.5954 0.7882 -0.1558
vn 0.5193 0.7837 -0.3408
vn 0.7799 0.4687 -0.4149
vn 0.2865 0.8502 -0.4417
vn 0.1945 0.9231 -0.3317
vn 0.5244 0.5642 -0.6377
vn 0.9184 0.0149 -0.3953
vn 0.6855 -0.0242 -0.7277
vn 0.9834 -0.0244 -0.1796
vn 0.9948 -0.0944 -0.0375
vn 0.9797 -0.1795 0.0894
vn 0.9392 -0.2851 0.1913
vn 0.8806 -0.3998 0.2545
vn 0.8067 -0.5057 0.3058
vn 0.6578 -0.5716 0.4905
vn 0.4912 -0.5916 0.6393
vn 0.3403 -0.6356 0.6930
vn 0.1763 -0.5964 0.7831
vn 0.8669 -0.3986 -0.2992
vn 0.6083 -0.5733 -0.5489
vn 0.9293 -0.3529 -0.1087
vn 0.9129 -0.4069 0.0309
vn 0.8682 -0.4697 0.1598
vn 0.8038 -0.5425 0.2441
vn 0.7438 -0.6054 0.2832
vn 0.6875 -0.6542 0.3154
vn 0.5789 -0.7143 0.3932
vn 0.4485 -0.7501 0.4860
vn 0.3368 -0.7654 0.5483
vn 0.1955 -0.7875 0.5845
vn 0.7498 -0.6320 -0.1960
vn 0.5083 -0.8130 -0.2840
vn 0.7656 -0.6407 -0.0585
vn 0.7363 -0.6717 0.0811
vn 0.6917 -0.6950 0.1966
vn 0.6415 -0.7148 0.2784
vn 0.5957 -0.7368 0.3198
vn 0.5528 -0.7635 0.3338
vn 0.4845 -0.7814 0.3934
vn 0.3870 -0.8220 0.4177
vn 0.3152 -0.8504 0.4213
vn 0.2199 -0.8679 0.4454
vn 0.4726 -0.8789 -0.0648
vn 0.4426 -0.8922 0.0894
vn 0.4149 -0.8883 0.1968
vn 0.3930 -0.8748 0.2833
vn 0.3750 -0.8614 0.3426
vn 0.3452 -0.8507 0.3964
vn 0.6372 -0.7698 0.0360
vn -0.0892 -0.2706 0.9586
vn -0.0587 -0.2293 0.9716
vn -0.0094 -0.4516 0.8922
vn 0.0484 -0.3197 0.9463
vn -0.0093 -0.3228 0.9464
vn -0.0000 -0.4424 0.8968
vn -0.0160 -0.3856 0.9225
vn -0.2659 -0.4562 0.8492
vn -0.2478 -0.6108 0.7520
vn -0.0593 -0.6905 0.7209
vn -0.1140 -0.7227 0.6817
vn -0.0054 -0.7693 0.6389
vn -0.0118 -0.8323 0.5541
vn 0.0930 -0.9497 0.2990
vn 0.0127 -0.8683 0.4958
vn -0.0462 -0.8625 0.5039
vn -0.1995 -0.9407 0.2743
vn 0.2152 -0.8304 0.5139
vn -0.5547 -0.7991 0.2319
vn 0.2646 0.2406 -0.9339
vn 0.2760 0.6801 -0.6792
vn -0.0501 -0.9539 -0.2960
vn 0.0534 -0.7279 -0.6836
vn 0.0358 -0.9002 -0.4340
vn 0.0799 -0.9389 -0.3348
vn 0.0480 -0.9899 0.1337
vn -0.9972 -0.0728 -0.0170
vn -0.9943 -0.1069 -0.0040
vn 0.9952 -0.0959 0.0195
vn 0.9808 -0.1935 0.0248
vn 0.9979 -0.0639 -0.0127
vn 0.9975 -0.0698 0.0094
vn -0.9988 -0.0497 -0.0052
vn 0.9770 -0.2073 -0.0508
vn -0.9995 -0.0312 -0.0065
vn -0.9814 -0.1906 -0.0251
vn -0.9354 -0.3522 -0.0303
vn 0.8317 -0.5403 -0.1280
vn -0.1001 -0.9644 -0.2449
vn -0.0816 -0.9284 -0.3626
vn 0.0282 -0.9817 -0.1881
vn -0.1790 -0.8705 0.4585
vn 0.0360 -0.9698 0.2412
vn -0.0620 -0.9567 -0.2843
vn -0.1826 -0.9311 0.3156
vn 0.0086 -0.9957 0.0920
vn 0.0690 -0.9974 0.0187
vn 0.0629 -0.9070 0.4164
vn 0.0141 -0.9973 0.0716
vn -0.0124 -0.9991 -0.0400
vn -0.1361 -0.9905 0.0178
vn -0.0881 -0.9872 -0.1328
vn 0.0506 -0.8879 -0.4572
vn 0.9846 -0.1396 -0.1053
vn 0.9225 -0.2282 -0.3114
vn -0.9788 -0.1237 -0.1630
vn -0.9223 -0.2298 -0.3106
vn -0.0000 -0.5671 -0.8237
vn -0.0000 -0.7217 -0.6922
vn -0.0001 -0.8865 -0.4628
vn -0.0006 -0.5641 -0.8257
vn 0.0002 -0.9429 -0.3332
vn -0.0014 0.3318 -0.9434
vn -0.0012 0.3482 -0.9374
vn -0.3156 0.2452 -0.9167
vn -0.0859 0.1022 -0.9910
vn -0.2909 0.2886 -0.9122
vn -0.3549 0.0819 -0.9313
vn -0.1162 -0.7161 -0.6882
vn -0.0010 -0.9984 -0.0572
vn -0.6469 -0.5454 -0.5329
vn 0.0009 -0.9971 0.0767
vn 0.8591 -0.3722 0.3513
vn 0.9276 -0.1133 0.3560
vn -0.8590 -0.3715 0.3522
vn 0.8736 -0.3214 0.3654
vn -0.8196 -0.2443 0.5183
vn 0.7441 -0.4523 0.4917
vn -0.7213 -0.4545 0.5226
vn -0.7095 -0.4746 0.5209
vn -0.7860 -0.3937 -0.4767
vn -0.7584 -0.4785 -0.4425
vn -0.0010 -0.8899 -0.4562
vn 0.8401 -0.3185 -0.4390
vn 0.8301 -0.3516 -0.4328
vn -0.1968 -0.9512 -0.2376
vn -0.1443 -0.9223 -0.3585
vn -0.0266 -0.9269 -0.3743
vn -0.0373 -0.9900 0.1359
vn -0.9820 0.1118 -0.1521
vn -0.9944 0.0638 -0.0839
vn 0.1779 -0.9266 -0.3314
vn -0.0377 0.7283 0.6842
vn -0.0372 0.7263 0.6864
vn -0.0383 0.7229 0.6899
vn -0.0390 0.7226 0.6901
vn -0.2237 -0.7513 -0.6209
vn -0.4386 -0.6774 -0.5906
vn -0.3114 -0.2245 -0.9234
vn -0.0814 -0.6498 0.7558
vn -0.0182 -0.3769 0.9261
vn -0.5047 0.1890 -0.8423
vn 0.0679 0.6481 -0.7585
vn 0.0590 0.6474 -0.7598
vn 0.0781 -0.1279 0.9887
vn 0.0482 0.0906 0.9947
vn -0.0000 0.0517 0.9987
vn -0.0000 -0.2169 0.9762
vn -0.0000 -0.3770 0.9262
vn 0.0230 -0.5438 0.8389
vn 0.0138 -0.8019 0.5973
vn -0.0092 -0.8972 0.4416
vn -0.0002 -0.9124 0.4093
vn -0.0000 -0.9358 0.3525
vn -0.0000 -0.9606 0.2781
vn 0.0002 -0.9818 0.1897
vn 0.0043 -0.9969 0.0783
vn 0.0040 -0.9963 -0.0853
vn 0.0042 -0.9429 -0.3330
vn -0.0804 -0.7087 -0.7009
vn -0.0355 -0.0555 -0.9978
vn 0.0080 0.6304 -0.7762
vn 0.0081 0.8798 -0.4752
vn -0.0005 0.9300 -0.3677
vn -0.8678 0.4165 -0.2710
vn 0.0053 0.9498 -0.3127
vn 0.4424 0.8563 -0.2664
vn 0.7170 -0.6595 -0.2258
vn -0.9163 -0.1512 -0.3708
vn 0.0169 0.8222 -0.5689
vn 0.9575 0.2706 -0.0997
vn 0.8695 0.3992 -0.2909
vn 0.9790 -0.1798 -0.0961
vn 0.9273 -0.2645 -0.2650
vn 0.9302 -0.2696 -0.2492
vn -0.0620 -0.3294 0.9421
vn 0.0719 -0.2491 0.9658
vn 0.0402 -0.2085 0.9772
vn -0.0000 -0.1630 0.9866
vn 0.1325 -0.4101 0.9024
vn 0.1244 -0.2912 0.9485
vn -0.1140 -0.3049 0.9455
vn 0.1890 -0.4163 0.8894
vn 0.8493 -0.4944 -0.1850
vn 0.1277 -0.9903 0.0543
vn -0.1531 -0.9851 0.0787
vn -0.3842 -0.9113 0.1484
vn -0.3229 -0.9411 0.1003
vn 0.3226 -0.9412 0.1002
vn 0.2538 -0.9665 0.0387
vn -0.9926 -0.0887 -0.0825
vn -0.9926 -0.0887 -0.0826
vn 0.9410 -0.2514 -0.2265
vn -0.9766 -0.1055 -0.1872
vn -0.9628 -0.1477 -0.2264
vn -0.9812 -0.0943 -0.1685
vn -0.9628 -0.1571 -0.2199
vn -0.8990 -0.2376 -0.3679
vn -0.0983 -0.9859 0.1355
vn -0.3874 -0.9185 0.0789
vn 0.2221 -0.9635 0.1498
vn 0.1432 -0.9681 0.2057
vn -0.9997 0.0156 -0.0162
vn 0.9764 -0.2080 -0.0572
vn 0.5492 -0.7109 0.4393
vn 0.0534 -0.5791 0.8135
vn 0.7162 0.6001 -0.3564
vn 0.7091 0.6073 -0.3582
vn 0.4203 0.8479 -0.3232
vn 0.4192 0.8479 -0.3246
vn -0.9138 0.4037 0.0446
vn -0.9113 0.3631 0.1940
vn -0.8422 0.4954 -0.2128
vn 0.0050 -0.1399 0.9902
vn 0.0047 -0.1508 0.9885
vn 0.1496 -0.1266 0.9806
vn 0.1062 -0.2472 0.9631
vn -0.7609 -0.6488 -0.0122
vn -0.2657 -0.3071 0.9138
vn -0.2196 -0.9668 0.1303
vn 0.0447 -0.9988 0.0222
vn 0.3060 -0.9026 0.3029
vn 0.0092 -0.4352 0.9003
vn 0.2151 -0.3533 0.9105
vn -0.2918 -0.2695 0.9177
vn 0.1139 -0.1274 0.9853
vn -0.6785 -0.7144 0.1713
vn -0.7195 -0.6429 0.2627
vn -0.5129 -0.6604 0.5484
vn -0.9103 -0.3259 -0.2554
vn -0.7165 0.5956 -0.3631
vn -0.4736 0.8653 -0.1641
vn 0.9310 0.3513 -0.0990
vn 0.9309 0.3516 -0.0994
vn -0.0076 -0.1426 0.9898
vn -0.0010 -0.1442 0.9895
vn -0.1542 -0.1237 0.9803
vn -0.0858 -0.2358 0.9680
vn -0.3882 -0.8689 0.3072
vn -0.5448 -0.7889 0.2842
vn -0.6213 -0.7179 0.3140
vn 0.0210 -0.4769 0.8787
vn 0.0404 -0.9941 0.1007
vn 0.0231 -0.9997 -0.0104
vn -0.2412 -0.9307 0.2749
vn -0.1845 -0.3183 0.9299
vn -0.2615 -0.4891 0.8321
vn -0.0169 -0.4138 0.9102
vn -0.1220 -0.1256 0.9846
vt 0.965060 0.230150
vt 0.976700 0.232030
vt 0.976590 0.234600
vt 0.965200 0.233480
vt 0.950910 0.229720
vt 0.953480 0.233540
vt 0.987710 0.236350
vt 0.988090 0.234480
vt 0.522350 0.165010
vt 0.523660 0.165200
vt 0.528580 0.175520
vt 0.526170 0.175840
vt 0.535390 0.187720
vt 0.531200 0.188780
vt 0.518610 0.155430
vt 0.519110 0.155180
vt 0.925910 0.229870
vt 0.931120 0.228750
vt 0.932770 0.233370
vt 0.926150 0.233220
vt 0.918430 0.238090
vt 0.905120 0.236370
vt 0.905130 0.227510
vt 0.918800 0.231460
vt 0.904580 0.218710
vt 0.919680 0.227350
vt 0.918980 0.247310
vt 0.905130 0.248800
vt 0.919910 0.258350
vt 0.905500 0.263170
vt 0.920570 0.269970
vt 0.922840 0.276940
vt 0.908460 0.293550
vt 0.901990 0.284180
vt 0.557530 0.232230
vt 0.564020 0.243190
vt 0.560270 0.245240
vt 0.554100 0.234100
vt 0.516340 0.248170
vt 0.524610 0.246520
vt 0.526520 0.257290
vt 0.517320 0.258770
vt 0.499980 0.250220
vt 0.507980 0.249630
vt 0.508410 0.259850
vt 0.499990 0.260410
vt 0.549870 0.237240
vt 0.555280 0.248390
vt 0.550220 0.251300
vt 0.545110 0.240190
vt 0.539160 0.242510
vt 0.543250 0.253460
vt 0.534620 0.255820
vt 0.532030 0.244590
vt 0.942030 0.234300
vt 0.936820 0.228410
vt 0.541940 0.200420
vt 0.536380 0.201550
vt 0.549470 0.223760
vt 0.555170 0.222300
vt 0.548730 0.212110
vt 0.542960 0.212900
vt 0.034940 0.230170
vt 0.035120 0.233590
vt 0.023550 0.234770
vt 0.023320 0.232030
vt 0.049140 0.229740
vt 0.046880 0.233470
vt 0.012530 0.236720
vt 0.011920 0.234470
vt 0.477730 0.165010
vt 0.473730 0.175960
vt 0.471380 0.175500
vt 0.476380 0.165270
vt 0.468770 0.188900
vt 0.464640 0.187770
vt 0.480890 0.155180
vt 0.481300 0.155460
vt 0.074150 0.229900
vt 0.073900 0.233240
vt 0.067280 0.233350
vt 0.068930 0.228790
vt 0.081620 0.238120
vt 0.081260 0.231510
vt 0.094940 0.227570
vt 0.094940 0.236410
vt 0.080390 0.227400
vt 0.095480 0.218790
vt 0.081050 0.247350
vt 0.094940 0.248860
vt 0.080110 0.258400
vt 0.094520 0.263230
vt 0.079490 0.270000
vt 0.098030 0.284210
vt 0.091520 0.293560
vt 0.077250 0.276940
vt 0.442420 0.232270
vt 0.445880 0.234090
vt 0.439670 0.245290
vt 0.435910 0.243230
vt 0.483550 0.248220
vt 0.482670 0.258780
vt 0.473440 0.257320
vt 0.475310 0.246590
vt 0.491590 0.259870
vt 0.491960 0.249670
vt 0.450090 0.237270
vt 0.444640 0.248450
vt 0.454850 0.240240
vt 0.449730 0.251360
vt 0.460790 0.242600
vt 0.467890 0.244670
vt 0.465330 0.255870
vt 0.456700 0.253500
vt 0.063240 0.228440
vt 0.058130 0.234170
vt 0.463590 0.201520
vt 0.458090 0.200470
vt 0.444780 0.222340
vt 0.450440 0.223840
vt 0.451250 0.212180
vt 0.456960 0.213070
vt 0.522670 0.236430
vt 0.528760 0.233410
vt 0.540720 0.229690
vt 0.544700 0.226610
vt 0.520380 0.227280
vt 0.512720 0.224960
vt 0.514330 0.209530
vt 0.523380 0.220960
vt 0.537690 0.215810
vt 0.527470 0.206100
vt 0.511690 0.193420
vt 0.523320 0.191260
vt 0.513930 0.138790
vt 0.514700 0.143040
vt 0.512930 0.143530
vt 0.512050 0.139670
vt 0.511140 0.143950
vt 0.510140 0.140360
vt 0.514960 0.147060
vt 0.513170 0.147350
vt 0.511360 0.147630
vt 0.514880 0.151020
vt 0.513040 0.151130
vt 0.511180 0.151210
vt 0.514760 0.155010
vt 0.512610 0.154900
vt 0.510730 0.154840
vt 0.514390 0.158770
vt 0.511930 0.158540
vt 0.509860 0.158450
vt 0.513900 0.163450
vt 0.510760 0.163110
vt 0.508380 0.162960
vt 0.512900 0.169830
vt 0.508610 0.169930
vt 0.516730 0.150800
vt 0.516860 0.146820
vt 0.518290 0.146820
vt 0.518010 0.155220
vt 0.987160 0.238220
vt 0.976520 0.236080
vt 0.516230 0.142730
vt 0.516490 0.138770
vt 0.968100 0.235500
vt 0.516850 0.159240
vt 0.517400 0.163970
vt 0.520400 0.164560
vt 0.516870 0.169490
vt 0.520710 0.175970
vt 0.500600 0.386870
vt 0.500930 0.385750
vt 0.502090 0.386050
vt 0.501140 0.387550
vt 0.501110 0.384100
vt 0.502830 0.384240
vt 0.500430 0.158920
vt 0.501010 0.158690
vt 0.501370 0.159300
vt 0.500590 0.159820
vt 0.501330 0.158150
vt 0.501980 0.158730
vt 0.501800 0.157600
vt 0.502500 0.158240
vt 0.500970 0.382390
vt 0.502510 0.382000
vt 0.505080 0.154540
vt 0.504720 0.155430
vt 0.504230 0.155410
vt 0.504560 0.154540
vt 0.504250 0.156350
vt 0.503870 0.156210
vt 0.503700 0.157130
vt 0.503290 0.156730
vt 0.502670 0.157260
vt 0.503090 0.157720
vt 0.501160 0.380670
vt 0.502460 0.380720
vt 0.504470 0.380310
vt 0.505060 0.380870
vt 0.504870 0.378540
vt 0.506750 0.378940
vt 0.508620 0.380300
vt 0.510330 0.377000
vt 0.512450 0.378370
vt 0.508130 0.375960
vt 0.514180 0.374480
vt 0.517050 0.375900
vt 0.511220 0.373210
vt 0.521410 0.373000
vt 0.517850 0.371530
vt 0.514260 0.370210
vt 0.504840 0.153620
vt 0.505380 0.153630
vt 0.521270 0.367820
vt 0.525180 0.369140
vt 0.517470 0.366520
vt 0.512460 0.179290
vt 0.501000 0.169140
vt 0.503070 0.167780
vt 0.502370 0.171760
vt 0.500960 0.172680
vt 0.506060 0.169580
vt 0.503110 0.174320
vt 0.501020 0.176550
vt 0.503860 0.176880
vt 0.504610 0.168860
vt 0.505790 0.180270
vt 0.501270 0.179900
vt 0.501700 0.183450
vt 0.505080 0.189860
vt 0.502080 0.188150
vt 0.524410 0.362910
vt 0.528010 0.363720
vt 0.520880 0.361890
vt 0.531750 0.341810
vt 0.531920 0.349770
vt 0.528360 0.349440
vt 0.528560 0.341840
vt 0.530610 0.357200
vt 0.527000 0.356600
vt 0.523580 0.355770
vt 0.524990 0.349080
vt 0.525370 0.341930
vt 0.526300 0.328210
vt 0.527700 0.334650
vt 0.524820 0.335060
vt 0.523820 0.328570
vt 0.510680 0.135320
vt 0.512550 0.134240
vt 0.514470 0.132730
vt 0.508820 0.136160
vt 0.508680 0.130740
vt 0.510260 0.129230
vt 0.505910 0.126150
vt 0.506940 0.124150
vt 0.507160 0.131680
vt 0.505080 0.127390
vt 0.502130 0.124290
vt 0.502250 0.122750
vt 0.505360 0.103780
vt 0.503920 0.105810
vt 0.503040 0.103370
vt 0.503790 0.102080
vt 0.504350 0.100400
vt 0.506420 0.101050
vt 0.503700 0.097040
vt 0.505570 0.095390
vt 0.506620 0.098470
vt 0.504280 0.098800
vt 0.502600 0.095340
vt 0.503860 0.092120
vt 0.502460 0.119530
vt 0.503660 0.378030
vt 0.506790 0.375220
vt 0.509680 0.372410
vt 0.512610 0.369370
vt 0.515650 0.365740
vt 0.518870 0.360960
vt 0.521600 0.355090
vt 0.522980 0.348700
vt 0.523480 0.341850
vt 0.522950 0.335190
vt 0.522160 0.328720
vt 0.521600 0.322160
vt 0.523070 0.322070
vt 0.525270 0.321890
vt 0.520320 0.306900
vt 0.519080 0.302290
vt 0.521540 0.301410
vt 0.523150 0.306420
vt 0.523830 0.300430
vt 0.525850 0.305910
vt 0.527650 0.321630
vt 0.528820 0.327820
vt 0.530540 0.334180
vt 0.506570 0.162690
vt 0.508080 0.158350
vt 0.508970 0.154780
vt 0.508590 0.141010
vt 0.507390 0.136870
vt 0.509320 0.144410
vt 0.509800 0.147840
vt 0.509560 0.151210
vt 0.500840 0.166120
vt 0.502510 0.164780
vt 0.507190 0.158270
vt 0.508070 0.154900
vt 0.505630 0.162290
vt 0.504660 0.161300
vt 0.506220 0.158070
vt 0.514320 0.364960
vt 0.517360 0.360120
vt 0.519960 0.354450
vt 0.521520 0.348340
vt 0.521920 0.341690
vt 0.521410 0.335170
vt 0.520750 0.328760
vt 0.520160 0.322310
vt 0.502710 0.377250
vt 0.505710 0.374490
vt 0.508390 0.371600
vt 0.511300 0.368510
vt 0.504880 0.373950
vt 0.507180 0.371040
vt 0.509830 0.367660
vt 0.510840 0.362760
vt 0.512710 0.363910
vt 0.508250 0.366830
vt 0.515540 0.359150
vt 0.517860 0.353620
vt 0.519390 0.347790
vt 0.519780 0.341480
vt 0.519370 0.335180
vt 0.518700 0.328960
vt 0.518140 0.322780
vt 0.508200 0.361420
vt 0.510080 0.356560
vt 0.513230 0.358000
vt 0.511770 0.351510
vt 0.515330 0.352670
vt 0.512920 0.346120
vt 0.516720 0.347170
vt 0.513370 0.340910
vt 0.517200 0.341290
vt 0.513200 0.335260
vt 0.516850 0.335230
vt 0.512620 0.329500
vt 0.516280 0.329190
vt 0.511620 0.323690
vt 0.515570 0.323220
vt 0.507990 0.350320
vt 0.508980 0.345370
vt 0.506650 0.355310
vt 0.509410 0.340560
vt 0.509400 0.335380
vt 0.508920 0.329890
vt 0.500660 0.338440
vt 0.501680 0.337540
vt 0.502150 0.339410
vt 0.500940 0.339320
vt 0.502510 0.342610
vt 0.503800 0.339730
vt 0.505900 0.340130
vt 0.504440 0.344760
vt 0.501320 0.341140
vt 0.505850 0.335590
vt 0.506110 0.365800
vt 0.503820 0.364890
vt 0.505400 0.360230
vt 0.501570 0.364360
vt 0.502460 0.359530
vt 0.502870 0.354520
vt 0.503680 0.349630
vt 0.505860 0.370630
vt 0.503860 0.370290
vt 0.502240 0.369650
vt 0.500920 0.369170
vt 0.504250 0.373410
vt 0.501790 0.374810
vt 0.502120 0.376380
vt 0.500890 0.373190
vt 0.500440 0.371880
vt 0.525570 0.299180
vt 0.528090 0.305260
vt 0.530120 0.321340
vt 0.531270 0.327380
vt 0.533110 0.333320
vt 0.506570 0.147190
vt 0.507160 0.147370
vt 0.506930 0.148840
vt 0.506210 0.148650
vt 0.506670 0.150330
vt 0.505800 0.150110
vt 0.506130 0.151550
vt 0.505380 0.151430
vt 0.505050 0.152630
vt 0.505660 0.152660
vt 0.506150 0.132250
vt 0.503520 0.278120
vt 0.501270 0.274750
vt 0.501250 0.273870
vt 0.503990 0.277450
vt 0.503260 0.278690
vt 0.501290 0.275650
vt 0.502910 0.279500
vt 0.502170 0.281090
vt 0.500910 0.278960
vt 0.501150 0.276900
vt 0.503040 0.335900
vt 0.502740 0.330760
vt 0.505600 0.330390
vt 0.508000 0.324220
vt 0.502670 0.325680
vt 0.505140 0.325160
vt 0.502770 0.319720
vt 0.504890 0.321070
vt 0.501770 0.317000
vt 0.503170 0.314130
vt 0.504510 0.315750
vt 0.504010 0.311590
vt 0.505420 0.312570
vt 0.505640 0.308800
vt 0.504290 0.308370
vt 0.506880 0.318430
vt 0.507200 0.313520
vt 0.507210 0.309060
vt 0.510640 0.318250
vt 0.510100 0.313620
vt 0.509870 0.308950
vt 0.512800 0.303740
vt 0.513410 0.308510
vt 0.509660 0.303810
vt 0.514670 0.317910
vt 0.513910 0.313220
vt 0.517210 0.317370
vt 0.519180 0.316820
vt 0.514670 0.303540
vt 0.515590 0.308050
vt 0.516370 0.312570
vt 0.518230 0.312000
vt 0.517360 0.307590
vt 0.518700 0.307240
vt 0.517620 0.302830
vt 0.516220 0.303240
vt 0.520550 0.316530
vt 0.507180 0.303960
vt 0.504560 0.304020
vt 0.505840 0.304020
vt 0.505050 0.283880
vt 0.504030 0.284650
vt 0.507370 0.287480
vt 0.506040 0.287930
vt 0.505730 0.283420
vt 0.508360 0.287150
vt 0.506420 0.282990
vt 0.509300 0.286820
vt 0.507470 0.282200
vt 0.509330 0.291080
vt 0.507550 0.291390
vt 0.509330 0.299080
vt 0.512120 0.299020
vt 0.508590 0.295100
vt 0.510830 0.294880
vt 0.510550 0.290830
vt 0.515060 0.298800
vt 0.513730 0.298950
vt 0.513420 0.294580
vt 0.512230 0.294750
vt 0.511630 0.290610
vt 0.516330 0.298440
vt 0.507000 0.299260
vt 0.505470 0.299410
vt 0.504260 0.299500
vt 0.506580 0.295340
vt 0.504320 0.295550
vt 0.505390 0.295470
vt 0.505980 0.291700
vt 0.505020 0.291900
vt 0.504090 0.292060
vt 0.504780 0.288380
vt 0.503390 0.288950
vt 0.504100 0.288660
vt 0.503130 0.285470
vt 0.502220 0.287050
vt 0.502670 0.286190
vt 0.501690 0.282910
vt 0.501490 0.284520
vt 0.501270 0.286130
vt 0.500740 0.281430
vt 0.500740 0.283700
vt 0.500740 0.285740
vt 0.522160 0.316340
vt 0.524670 0.316240
vt 0.527250 0.315960
vt 0.529880 0.315560
vt 0.521320 0.311580
vt 0.524260 0.311330
vt 0.527210 0.310920
vt 0.519570 0.311730
vt 0.514750 0.294140
vt 0.513000 0.290170
vt 0.517690 0.297950
vt 0.516060 0.293690
vt 0.519840 0.297120
vt 0.521560 0.296740
vt 0.510510 0.286220
vt 0.504370 0.276720
vt 0.508320 0.281080
vt 0.514250 0.289510
vt 0.504390 0.128050
vt 0.502000 0.125050
vt 0.501590 0.273060
vt 0.511650 0.285350
vt 0.502420 0.100750
vt 0.502060 0.101340
vt 0.501220 0.099920
vt 0.501310 0.099840
vt 0.502590 0.099930
vt 0.501350 0.099710
vt 0.502530 0.099200
vt 0.502270 0.098400
vt 0.501330 0.099570
vt 0.501270 0.099420
vt 0.501610 0.097670
vt 0.501100 0.099220
vt 0.500520 0.340170
vt 0.557630 0.452640
vt 0.551650 0.462830
vt 0.548150 0.455920
vt 0.553890 0.447620
vt 0.544930 0.449300
vt 0.550660 0.442240
vt 0.541870 0.443050
vt 0.547710 0.436770
vt 0.538850 0.437170
vt 0.544640 0.431340
vt 0.535660 0.431590
vt 0.541310 0.426060
vt 0.532280 0.426370
vt 0.537840 0.421090
vt 0.528730 0.421540
vt 0.534290 0.416500
vt 0.525030 0.417070
vt 0.530910 0.412330
vt 0.521350 0.412920
vt 0.527860 0.408500
vt 0.517810 0.408800
vt 0.525480 0.404710
vt 0.515240 0.404520
vt 0.524170 0.400710
vt 0.543110 0.471800
vt 0.540350 0.463080
vt 0.537850 0.455450
vt 0.535250 0.448610
vt 0.532520 0.442340
vt 0.529620 0.436530
vt 0.526530 0.431180
vt 0.523240 0.426300
vt 0.519640 0.421880
vt 0.515680 0.417960
vt 0.511260 0.414300
vt 0.505860 0.410940
vt 0.531750 0.477880
vt 0.531160 0.468190
vt 0.529950 0.460330
vt 0.528150 0.453370
vt 0.525990 0.446970
vt 0.523600 0.441080
vt 0.521050 0.435710
vt 0.518380 0.431010
vt 0.515460 0.427020
vt 0.512060 0.423930
vt 0.508220 0.421590
vt 0.504050 0.420000
vt 0.519750 0.479270
vt 0.522310 0.470950
vt 0.522250 0.464120
vt 0.521140 0.457560
vt 0.519550 0.451200
vt 0.517740 0.445280
vt 0.515850 0.439870
vt 0.514050 0.435260
vt 0.512130 0.431780
vt 0.509510 0.429590
vt 0.506560 0.428500
vt 0.503310 0.428660
vt 0.552960 0.430050
vt 0.555670 0.434690
vt 0.502470 0.310740
vt 0.502870 0.307950
vt 0.556970 0.424230
vt 0.559380 0.428130
vt 0.549960 0.424910
vt 0.503000 0.304030
vt 0.500650 0.308180
vt 0.500960 0.304650
vt 0.554290 0.418940
vt 0.546410 0.419790
vt 0.502990 0.299660
vt 0.500880 0.300390
vt 0.550190 0.413670
vt 0.542840 0.415040
vt 0.502990 0.295740
vt 0.500820 0.296670
vt 0.546610 0.409020
vt 0.539410 0.410890
vt 0.502890 0.292420
vt 0.500640 0.293430
vt 0.543190 0.405230
vt 0.502420 0.289600
vt 0.536400 0.407280
vt 0.500710 0.291100
vt 0.540620 0.402120
vt 0.501680 0.288030
vt 0.534080 0.404240
vt 0.500610 0.289690
vt 0.538800 0.400110
vt 0.501140 0.287480
vt 0.532560 0.401520
vt 0.500560 0.288980
vt 0.537870 0.399030
vt 0.500800 0.287320
vt 0.532030 0.398820
vt 0.500420 0.288430
vt 0.537630 0.398220
vt 0.500360 0.310660
vt 0.501970 0.312960
vt 0.558090 0.438830
vt 0.500250 0.312680
vt 0.561000 0.431490
vt 0.501220 0.315160
vt 0.560780 0.442330
vt 0.511070 0.476350
vt 0.516290 0.471640
vt 0.505790 0.433090
vt 0.503450 0.435560
vt 0.515410 0.467170
vt 0.508460 0.470310
vt 0.514320 0.461080
vt 0.507350 0.463930
vt 0.506570 0.457840
vt 0.513140 0.454830
vt 0.511890 0.449000
vt 0.505890 0.452180
vt 0.509770 0.434950
vt 0.507570 0.434440
vt 0.509930 0.438460
vt 0.505170 0.440230
vt 0.510720 0.443510
vt 0.505340 0.446640
vt 0.506730 0.105940
vt 0.504990 0.108180
vt 0.508750 0.102080
vt 0.509580 0.098050
vt 0.508000 0.093290
vt 0.504780 0.089210
vt 0.515540 0.086420
vt 0.521440 0.096960
vt 0.514030 0.097470
vt 0.511640 0.090730
vt 0.506510 0.085880
vt 0.511960 0.103580
vt 0.934890 0.242880
vt 0.928780 0.246240
vt 0.926650 0.238430
vt 0.933580 0.238160
vt 0.508210 0.108390
vt 0.505990 0.110330
vt 0.515890 0.105930
vt 0.509930 0.111680
vt 0.511960 0.127140
vt 0.504120 0.112310
vt 0.506880 0.113610
vt 0.504060 0.115370
vt 0.508560 0.121720
vt 0.945280 0.245610
vt 0.942930 0.244080
vt 0.945220 0.241360
vt 0.948490 0.243830
vt 0.502330 0.111330
vt 0.502020 0.115330
vt 0.939730 0.242920
vt 0.940200 0.239060
vt 0.504790 0.118090
vt 0.503080 0.158940
vt 0.502410 0.159420
vt 0.501610 0.160130
vt 0.503740 0.159980
vt 0.502640 0.160250
vt 0.501810 0.161270
vt 0.500740 0.163700
vt 0.502110 0.162650
vt 0.500620 0.160820
vt 0.500690 0.162040
vt 0.503630 0.158200
vt 0.504270 0.157400
vt 0.504910 0.156420
vt 0.505460 0.157820
vt 0.504130 0.158580
vt 0.504880 0.157640
vt 0.505520 0.155480
vt 0.505440 0.156560
vt 0.505700 0.154580
vt 0.506380 0.155480
vt 0.505970 0.153680
vt 0.506420 0.153810
vt 0.506230 0.154540
vt 0.506360 0.152750
vt 0.506910 0.153270
vt 0.507200 0.155210
vt 0.506940 0.151710
vt 0.507570 0.152450
vt 0.507550 0.150560
vt 0.508580 0.150990
vt 0.507630 0.149020
vt 0.508220 0.149140
vt 0.508890 0.147920
vt 0.507750 0.147570
vt 0.508350 0.147760
vt 0.533770 0.326950
vt 0.535660 0.332570
vt 0.508650 0.144780
vt 0.532750 0.320850
vt 0.538090 0.331900
vt 0.535860 0.326850
vt 0.535400 0.321600
vt 0.540290 0.331210
vt 0.507900 0.141370
vt 0.532180 0.315490
vt 0.533570 0.309650
vt 0.530090 0.310400
vt 0.529870 0.304260
vt 0.506710 0.137280
vt 0.527610 0.297890
vt 0.529760 0.296240
vt 0.521030 0.293130
vt 0.518160 0.292950
vt 0.505910 0.132780
vt 0.522870 0.292150
vt 0.516040 0.288480
vt 0.520380 0.286070
vt 0.517810 0.287080
vt 0.512740 0.283990
vt 0.508880 0.279150
vt 0.504350 0.128520
vt 0.513740 0.283040
vt 0.510140 0.278170
vt 0.505120 0.275900
vt 0.503010 0.272330
vt 0.501920 0.125520
vt 0.471190 0.233520
vt 0.477240 0.236530
vt 0.455200 0.226670
vt 0.459260 0.229740
vt 0.487060 0.225020
vt 0.479510 0.227460
vt 0.476680 0.221190
vt 0.485600 0.209360
vt 0.472550 0.206030
vt 0.469590 0.218890
vt 0.463470 0.221420
vt 0.462250 0.216060
vt 0.476730 0.191330
vt 0.488310 0.193470
vt 0.479260 0.176140
vt 0.487460 0.179450
vt 0.494130 0.180340
vt 0.494850 0.189840
vt 0.493220 0.162730
vt 0.495250 0.168860
vt 0.493780 0.169570
vt 0.491430 0.162990
vt 0.494180 0.162330
vt 0.496790 0.167790
vt 0.496710 0.174250
vt 0.496040 0.176830
vt 0.497440 0.171730
vt 0.491710 0.158440
vt 0.489970 0.158530
vt 0.492590 0.158400
vt 0.490870 0.154900
vt 0.489120 0.154940
vt 0.491770 0.155040
vt 0.490320 0.151310
vt 0.488690 0.151300
vt 0.491330 0.151090
vt 0.490120 0.147890
vt 0.488530 0.147660
vt 0.491080 0.147980
vt 0.490610 0.144390
vt 0.488760 0.143910
vt 0.491320 0.144770
vt 0.491360 0.140920
vt 0.489790 0.140250
vt 0.492050 0.141290
vt 0.492460 0.136710
vt 0.491020 0.136030
vt 0.493130 0.137110
vt 0.493710 0.132270
vt 0.492750 0.131720
vt 0.493940 0.132790
vt 0.495350 0.128270
vt 0.494740 0.127580
vt 0.495330 0.128850
vt 0.498020 0.125260
vt 0.497940 0.124490
vt 0.498120 0.125700
vt 0.491200 0.169860
vt 0.487020 0.169770
vt 0.498090 0.183510
vt 0.497830 0.188120
vt 0.498360 0.179950
vt 0.489110 0.163110
vt 0.486060 0.163480
vt 0.487940 0.158600
vt 0.485540 0.158840
vt 0.487260 0.154990
vt 0.485130 0.155110
vt 0.486830 0.151210
vt 0.484970 0.151090
vt 0.486710 0.147380
vt 0.484900 0.147070
vt 0.486970 0.143470
vt 0.485200 0.142960
vt 0.487900 0.139540
vt 0.485940 0.138650
vt 0.489200 0.135220
vt 0.487380 0.134170
vt 0.491150 0.130770
vt 0.489670 0.129320
vt 0.494040 0.126300
vt 0.493270 0.124220
vt 0.498020 0.122750
vt 0.498070 0.119410
vt 0.483170 0.169570
vt 0.479680 0.164660
vt 0.481880 0.155320
vt 0.483110 0.159310
vt 0.482620 0.164040
vt 0.483120 0.150850
vt 0.023700 0.236350
vt 0.013230 0.238920
vt 0.481510 0.146830
vt 0.483370 0.138570
vt 0.483620 0.142630
vt 0.482970 0.146820
vt 0.032270 0.235760
vt 0.485520 0.132690
vt 0.487980 0.127210
vt 0.059860 0.238850
vt 0.054940 0.240910
vt 0.051230 0.238250
vt 0.491530 0.121710
vt 0.495720 0.117820
vt 0.498870 0.111330
vt 0.498960 0.115320
vt 0.496950 0.115320
vt 0.496980 0.112350
vt 0.496430 0.108150
vt 0.497620 0.105800
vt 0.498920 0.107820
vt 0.498570 0.103390
vt 0.499480 0.104510
vt 0.495170 0.101140
vt 0.496330 0.103770
vt 0.494850 0.105840
vt 0.492770 0.102050
vt 0.497210 0.100480
vt 0.497830 0.102090
vt 0.492040 0.098140
vt 0.495030 0.098510
vt 0.497380 0.098830
vt 0.497850 0.092030
vt 0.496190 0.095330
vt 0.493890 0.093160
vt 0.496710 0.089060
vt 0.499150 0.095290
vt 0.498040 0.097060
vt 0.495250 0.110320
vt 0.493170 0.108310
vt 0.489670 0.103340
vt 0.487510 0.097790
vt 0.490690 0.089870
vt 0.495370 0.085710
vt 0.073370 0.238440
vt 0.070530 0.270410
vt 0.071650 0.265160
vt 0.060180 0.242650
vt 0.066430 0.238100
vt 0.065030 0.242800
vt 0.498620 0.385770
vt 0.498900 0.386900
vt 0.498310 0.387560
vt 0.497380 0.386020
vt 0.498770 0.158700
vt 0.499310 0.158910
vt 0.499190 0.159840
vt 0.498390 0.159320
vt 0.498450 0.384150
vt 0.496710 0.384120
vt 0.498450 0.158170
vt 0.497780 0.158760
vt 0.498520 0.382380
vt 0.496990 0.381970
vt 0.497940 0.157650
vt 0.497250 0.158290
vt 0.497090 0.380680
vt 0.498400 0.380650
vt 0.496650 0.157790
vt 0.497060 0.157360
vt 0.494970 0.380400
vt 0.494250 0.380850
vt 0.499150 0.160830
vt 0.498160 0.160150
vt 0.497340 0.159460
vt 0.496680 0.158980
vt 0.496130 0.158270
vt 0.496400 0.156880
vt 0.496010 0.157210
vt 0.495470 0.157480
vt 0.495760 0.156430
vt 0.495420 0.156480
vt 0.494800 0.156550
vt 0.495480 0.155610
vt 0.495020 0.155610
vt 0.494230 0.155660
vt 0.495180 0.154750
vt 0.494690 0.154760
vt 0.494080 0.154800
vt 0.494940 0.153880
vt 0.494410 0.153880
vt 0.493830 0.153920
vt 0.494180 0.152920
vt 0.494790 0.152900
vt 0.493470 0.152980
vt 0.494160 0.150370
vt 0.494520 0.151700
vt 0.493760 0.151800
vt 0.493290 0.150530
vt 0.492950 0.151920
vt 0.492460 0.150700
vt 0.493830 0.148850
vt 0.493090 0.149010
vt 0.492390 0.149150
vt 0.492910 0.147500
vt 0.493520 0.147340
vt 0.492300 0.147660
vt 0.492510 0.379180
vt 0.490510 0.380590
vt 0.488910 0.377060
vt 0.486720 0.378430
vt 0.485180 0.374410
vt 0.482160 0.375810
vt 0.481540 0.371460
vt 0.477800 0.372680
vt 0.478300 0.367600
vt 0.474380 0.368510
vt 0.471560 0.363510
vt 0.475290 0.362680
vt 0.499100 0.162050
vt 0.497970 0.161290
vt 0.497340 0.164750
vt 0.497700 0.162630
vt 0.499040 0.163680
vt 0.498940 0.166120
vt 0.498870 0.169160
vt 0.495800 0.378080
vt 0.494550 0.378570
vt 0.492650 0.375310
vt 0.491270 0.376070
vt 0.493740 0.374550
vt 0.496790 0.377280
vt 0.489700 0.372410
vt 0.488170 0.373180
vt 0.490890 0.371660
vt 0.483970 0.365810
vt 0.486870 0.369320
vt 0.485220 0.370220
vt 0.482070 0.366670
vt 0.485330 0.364940
vt 0.488190 0.368450
vt 0.480900 0.360830
vt 0.478970 0.361550
vt 0.482370 0.360080
vt 0.478250 0.354960
vt 0.476350 0.355540
vt 0.479790 0.354400
vt 0.476820 0.348570
vt 0.474860 0.348890
vt 0.478330 0.348230
vt 0.476290 0.341770
vt 0.474540 0.341850
vt 0.477860 0.341620
vt 0.475220 0.334980
vt 0.476920 0.335110
vt 0.478440 0.335060
vt 0.478430 0.322000
vt 0.477870 0.328560
vt 0.476300 0.328440
vt 0.476920 0.321900
vt 0.479900 0.322220
vt 0.479240 0.328610
vt 0.479520 0.316450
vt 0.477950 0.316260
vt 0.480850 0.316750
vt 0.482530 0.302890
vt 0.481580 0.307250
vt 0.479990 0.306930
vt 0.481070 0.302340
vt 0.483820 0.303230
vt 0.482800 0.307570
vt 0.480560 0.311650
vt 0.478850 0.311500
vt 0.481850 0.311950
vt 0.482430 0.297980
vt 0.483720 0.298500
vt 0.484960 0.298820
vt 0.485990 0.289540
vt 0.487190 0.290240
vt 0.485400 0.294250
vt 0.484200 0.293760
vt 0.488610 0.285480
vt 0.489800 0.286390
vt 0.488500 0.290690
vt 0.490930 0.286920
vt 0.486640 0.294620
vt 0.497140 0.160280
vt 0.496060 0.160020
vt 0.495640 0.158660
vt 0.494880 0.157740
vt 0.494300 0.156700
vt 0.493390 0.155650
vt 0.493550 0.154750
vt 0.493370 0.154030
vt 0.492890 0.153460
vt 0.498830 0.172660
vt 0.498600 0.176540
vt 0.495140 0.161340
vt 0.496220 0.277540
vt 0.492780 0.282360
vt 0.491950 0.281260
vt 0.495780 0.276840
vt 0.496650 0.278180
vt 0.493810 0.283040
vt 0.498880 0.273980
vt 0.498440 0.273170
vt 0.498950 0.274840
vt 0.472900 0.356260
vt 0.471530 0.349180
vt 0.471460 0.341660
vt 0.472450 0.334520
vt 0.473900 0.328090
vt 0.474760 0.321750
vt 0.475440 0.316110
vt 0.475900 0.311230
vt 0.477060 0.306400
vt 0.478620 0.301410
vt 0.480360 0.297150
vt 0.484050 0.288330
vt 0.482060 0.293000
vt 0.487130 0.283910
vt 0.469150 0.356900
vt 0.468020 0.349380
vt 0.468390 0.341510
vt 0.469650 0.334010
vt 0.471400 0.327700
vt 0.472420 0.321480
vt 0.472860 0.315800
vt 0.472920 0.310790
vt 0.474340 0.305840
vt 0.476310 0.300370
vt 0.478650 0.296740
vt 0.479100 0.293080
vt 0.482010 0.286800
vt 0.485850 0.282890
vt 0.494930 0.276040
vt 0.496850 0.272480
vt 0.491050 0.279220
vt 0.499600 0.101360
vt 0.500070 0.101900
vt 0.500460 0.099940
vt 0.500590 0.100030
vt 0.499040 0.100010
vt 0.499280 0.100780
vt 0.500300 0.099730
vt 0.500370 0.099860
vt 0.499130 0.099260
vt 0.500330 0.099580
vt 0.499970 0.097690
vt 0.499380 0.098460
vt 0.500510 0.099240
vt 0.500380 0.099430
vt 0.489330 0.278450
vt 0.494560 0.373970
vt 0.497440 0.376360
vt 0.492040 0.371080
vt 0.489570 0.367680
vt 0.486950 0.363910
vt 0.484290 0.359050
vt 0.481900 0.353570
vt 0.480460 0.347670
vt 0.480020 0.341410
vt 0.480520 0.335070
vt 0.481260 0.328840
vt 0.481920 0.322680
vt 0.482790 0.317280
vt 0.483670 0.312520
vt 0.485350 0.303390
vt 0.484460 0.308010
vt 0.486280 0.298920
vt 0.487830 0.294800
vt 0.491830 0.287240
vt 0.489640 0.290950
vt 0.496920 0.278720
vt 0.494470 0.283440
vt 0.498930 0.275690
vt 0.499050 0.339330
vt 0.499310 0.340130
vt 0.498300 0.341220
vt 0.497690 0.339470
vt 0.499350 0.338460
vt 0.498350 0.337550
vt 0.497190 0.342640
vt 0.496140 0.339740
vt 0.496980 0.335910
vt 0.467050 0.333130
vt 0.468980 0.327250
vt 0.470040 0.321140
vt 0.470220 0.315380
vt 0.470000 0.310240
vt 0.472090 0.305200
vt 0.474580 0.299110
vt 0.464510 0.332380
vt 0.466590 0.326810
vt 0.467650 0.320660
vt 0.468020 0.315300
vt 0.466580 0.309420
vt 0.470320 0.304240
vt 0.472600 0.297780
vt 0.477270 0.292070
vt 0.479390 0.285880
vt 0.493560 0.158190
vt 0.492600 0.155380
vt 0.492250 0.152640
vt 0.491680 0.147840
vt 0.491760 0.149240
vt 0.464440 0.326630
vt 0.462030 0.331680
vt 0.459890 0.330880
vt 0.464720 0.321490
vt 0.470510 0.296180
vt 0.494310 0.157940
vt 0.489790 0.356530
vt 0.491460 0.361390
vt 0.488830 0.362710
vt 0.486590 0.357930
vt 0.491210 0.366850
vt 0.493310 0.365790
vt 0.488040 0.351490
vt 0.484430 0.352590
vt 0.486940 0.346090
vt 0.483210 0.347030
vt 0.486540 0.340840
vt 0.482630 0.341190
vt 0.486710 0.335190
vt 0.483020 0.335170
vt 0.487390 0.329430
vt 0.483690 0.329100
vt 0.488350 0.323620
vt 0.484450 0.323100
vt 0.489350 0.318140
vt 0.485350 0.317790
vt 0.486130 0.313120
vt 0.489850 0.313560
vt 0.490410 0.303830
vt 0.490140 0.308920
vt 0.486600 0.308460
vt 0.487280 0.303570
vt 0.490770 0.299130
vt 0.487970 0.299020
vt 0.489260 0.294960
vt 0.491560 0.295130
vt 0.492740 0.291490
vt 0.490900 0.291190
vt 0.492820 0.287560
vt 0.494220 0.287990
vt 0.498100 0.281160
vt 0.496300 0.284690
vt 0.495160 0.283900
vt 0.497280 0.279520
vt 0.499330 0.278990
vt 0.499040 0.276910
vt 0.493390 0.370640
vt 0.495410 0.370270
vt 0.497690 0.374750
vt 0.495180 0.373400
vt 0.497050 0.369630
vt 0.498450 0.373110
vt 0.495570 0.364860
vt 0.494300 0.360200
vt 0.493240 0.355320
vt 0.491860 0.350270
vt 0.490830 0.345370
vt 0.490410 0.340510
vt 0.490560 0.335320
vt 0.491070 0.329820
vt 0.491960 0.324120
vt 0.493180 0.318410
vt 0.492720 0.313490
vt 0.497250 0.359620
vt 0.497860 0.364390
vt 0.498360 0.369180
vt 0.497140 0.354550
vt 0.496200 0.349680
vt 0.495350 0.344810
vt 0.493930 0.340110
vt 0.494090 0.335570
vt 0.494410 0.330330
vt 0.494800 0.325090
vt 0.495000 0.321050
vt 0.497090 0.319820
vt 0.495260 0.316130
vt 0.494420 0.312550
vt 0.497190 0.330720
vt 0.497360 0.325560
vt 0.497110 0.307430
vt 0.497340 0.311270
vt 0.495980 0.311720
vt 0.495960 0.307800
vt 0.498960 0.307850
vt 0.498750 0.311760
vt 0.497080 0.303340
vt 0.495710 0.303590
vt 0.498970 0.303940
vt 0.497150 0.299540
vt 0.495840 0.299480
vt 0.499160 0.300170
vt 0.497220 0.295930
vt 0.495990 0.295700
vt 0.499370 0.296640
vt 0.497330 0.292550
vt 0.496250 0.292230
vt 0.499560 0.293540
vt 0.497820 0.289740
vt 0.496890 0.289040
vt 0.499470 0.291230
vt 0.498740 0.288010
vt 0.498340 0.286940
vt 0.499350 0.289630
vt 0.499520 0.286060
vt 0.499660 0.287390
vt 0.499510 0.288650
vt 0.496530 0.315050
vt 0.494460 0.308480
vt 0.494320 0.303940
vt 0.494640 0.299500
vt 0.494910 0.295600
vt 0.495380 0.292060
vt 0.496210 0.288690
vt 0.497900 0.286190
vt 0.499210 0.284590
vt 0.498850 0.371830
vt 0.492890 0.304020
vt 0.492840 0.309020
vt 0.493120 0.299350
vt 0.493660 0.295430
vt 0.494400 0.291840
vt 0.495510 0.288400
vt 0.498820 0.283000
vt 0.497370 0.285520
vt 0.499580 0.281470
vt 0.499910 0.283730
vt 0.500120 0.285730
vt 0.500270 0.287260
vt 0.500050 0.287660
vt 0.465160 0.416530
vt 0.459870 0.410930
vt 0.462880 0.407300
vt 0.468570 0.412340
vt 0.465260 0.404290
vt 0.471610 0.408480
vt 0.456270 0.405310
vt 0.458910 0.402160
vt 0.460760 0.400170
vt 0.470820 0.421570
vt 0.474460 0.417130
vt 0.478090 0.412970
vt 0.479750 0.422020
vt 0.476190 0.426410
vt 0.483720 0.418030
vt 0.461630 0.421120
vt 0.456500 0.415100
vt 0.452880 0.409140
vt 0.467290 0.426390
vt 0.472910 0.431280
vt 0.458170 0.426100
vt 0.453040 0.419760
vt 0.449280 0.413330
vt 0.463900 0.431610
vt 0.469830 0.436630
vt 0.473900 0.404690
vt 0.466810 0.401550
vt 0.461770 0.399030
vt 0.475160 0.400740
vt 0.467370 0.398820
vt 0.462050 0.398100
vt 0.481540 0.408840
vt 0.484210 0.404520
vt 0.488230 0.414330
vt 0.493560 0.410940
vt 0.454830 0.431390
vt 0.449610 0.424720
vt 0.445680 0.417870
vt 0.460680 0.437200
vt 0.466910 0.442440
vt 0.451700 0.436850
vt 0.446650 0.429920
vt 0.442830 0.423490
vt 0.457600 0.443100
vt 0.464160 0.448700
vt 0.448650 0.442320
vt 0.443980 0.434780
vt 0.439920 0.428570
vt 0.454530 0.449370
vt 0.461500 0.455540
vt 0.445450 0.447700
vt 0.441560 0.439140
vt 0.451220 0.456070
vt 0.458860 0.463200
vt 0.447310 0.463100
vt 0.442030 0.452830
vt 0.456070 0.472000
vt 0.468000 0.468380
vt 0.467520 0.477870
vt 0.469300 0.460540
vt 0.471200 0.453540
vt 0.473390 0.447150
vt 0.475790 0.441250
vt 0.478320 0.435880
vt 0.480990 0.431150
vt 0.483920 0.427170
vt 0.487330 0.424010
vt 0.491190 0.421630
vt 0.495350 0.420000
vt 0.476990 0.471190
vt 0.479350 0.479360
vt 0.477070 0.464380
vt 0.478250 0.457750
vt 0.479860 0.451370
vt 0.481670 0.445460
vt 0.483520 0.440080
vt 0.485320 0.435410
vt 0.487250 0.431860
vt 0.489840 0.429690
vt 0.492830 0.428590
vt 0.496050 0.428770
vt 0.483150 0.471920
vt 0.488520 0.476830
vt 0.484050 0.467610
vt 0.485090 0.461420
vt 0.486260 0.455120
vt 0.487500 0.449240
vt 0.488660 0.443730
vt 0.489440 0.438670
vt 0.489580 0.435130
vt 0.491770 0.434560
vt 0.493530 0.433210
vt 0.495900 0.435650
vt 0.491080 0.470960
vt 0.492050 0.464410
vt 0.492790 0.458190
vt 0.493470 0.452430
vt 0.494020 0.446820
vt 0.494210 0.440370
vt 0.494100 0.113750
vt 0.491280 0.111750
vt 0.485850 0.106120
vt 0.484590 0.237940
vt 0.492460 0.241210
vt 0.499920 0.223380
vt 0.506650 0.234750
vt 0.499930 0.235180
vt 0.499960 0.209510
vt 0.499960 0.197520
vt 0.499980 0.192720
vt 0.499980 0.189040
vt 0.499910 0.183960
vt 0.499850 0.180460
vt 0.499810 0.176980
vt 0.499890 0.173000
vt 0.499900 0.166320
vt 0.499940 0.169360
vt 0.499900 0.163870
vt 0.499890 0.161020
vt 0.499890 0.162230
vt 0.499890 0.159990
vt 0.499860 0.158940
vt 0.499790 0.385730
vt 0.499750 0.387090
vt 0.499710 0.388270
vt 0.499780 0.384150
vt 0.499760 0.382390
vt 0.499800 0.379870
vt 0.499790 0.376460
vt 0.499820 0.377940
vt 0.499650 0.372250
vt 0.499700 0.374370
vt 0.499630 0.369130
vt 0.499690 0.364170
vt 0.499860 0.359410
vt 0.499910 0.354690
vt 0.499900 0.350370
vt 0.499860 0.343990
vt 0.499930 0.346590
vt 0.499870 0.340520
vt 0.499860 0.341940
vt 0.499990 0.339270
vt 0.499990 0.336660
vt 0.499990 0.338060
vt 0.499960 0.334580
vt 0.499980 0.330800
vt 0.499970 0.326130
vt 0.500030 0.321460
vt 0.499830 0.318510
vt 0.501060 0.081190
vt 0.500840 0.086420
vt 0.500860 0.089990
vt 0.500880 0.094460
vt 0.500800 0.097310
vt 0.500830 0.099680
vt 0.500800 0.098990
vt 0.500860 0.100120
vt 0.500820 0.102200
vt 0.501090 0.100020
vt 0.500770 0.105060
vt 0.501570 0.101880
vt 0.502090 0.104500
vt 0.500680 0.108520
vt 0.500590 0.111740
vt 0.502490 0.107820
vt 0.500470 0.115310
vt 0.500300 0.118790
vt 0.500150 0.121360
vt 0.500000 0.123300
vt 0.500010 0.124440
vt 0.500040 0.125120
vt 0.499920 0.270870
vt 0.499960 0.272020
vt 0.500010 0.273050
vt 0.500100 0.273920
vt 0.500110 0.274880
vt 0.500120 0.276290
vt 0.500090 0.278450
vt 0.500130 0.281060
vt 0.500320 0.283490
vt 0.500450 0.285650
vt 0.500570 0.287260
vt 0.500300 0.288300
vt 0.461970 0.397380
vt 0.467290 0.396300
vt 0.532190 0.396320
vt 0.537690 0.397530
vt 0.523500 0.396480
vt 0.475870 0.396520
vt 0.512770 0.399940
vt 0.486650 0.399940
vt 0.499690 0.408200
vt 0.499690 0.419450
vt 0.499690 0.429220
vt 0.499690 0.437350
vt 0.499690 0.443010
vt 0.499690 0.448410
vt 0.499690 0.453920
vt 0.499690 0.459660
vt 0.499690 0.466010
vt 0.499690 0.473350
vt 0.499690 0.482980
vt 0.483860 0.489850
vt 0.466640 0.489750
vt 0.515960 0.489710
vt 0.451620 0.481740
vt 0.533180 0.489320
vt 0.441920 0.469450
vt 0.547700 0.481070
vt 0.437140 0.456420
vt 0.556880 0.468990
vt 0.562050 0.456320
vt 0.500200 0.314560
vt 0.563720 0.444380
vt 0.435720 0.444590
vt 0.438750 0.442680
vt 0.497850 0.317470
vt 0.499640 0.316850
vt 0.562600 0.434690
vt 0.499840 0.315980
vt 0.563910 0.436760
vt 0.438700 0.432990
vt 0.437160 0.435950
vt 0.435790 0.437170
vt 0.497480 0.314390
vt 0.499220 0.314530
vt 0.498210 0.316200
vt 0.499390 0.315990
vt 0.493210 0.234780
vt 0.515300 0.237870
vt 0.507440 0.241180
vt 0.499950 0.242490
vt 0.530510 0.218750
vt 0.535300 0.231250
vt 0.464680 0.231330
vt 0.536600 0.221150
vt 0.071200 0.246270
vt 0.039490 0.235600
vt 0.037810 0.236880
vt 0.962940 0.236860
vt 0.961200 0.235670
vt 0.486510 0.086150
vt 0.494500 0.079340
vt 0.501260 0.075360
vt 0.507590 0.079580
vt 0.480570 0.097460
vt 0.071970 0.256510
vt 0.929530 0.270380
vt 0.928400 0.265110
vt 0.928040 0.256450
vt 0.057030 0.243600
vt 0.955800 0.236680
vt 0.949190 0.238670
vt 0.051760 0.243140
vt 0.047710 0.240990
vt 0.042660 0.238700
vt 0.044900 0.236440
vt 0.958480 0.238990
vt 0.952900 0.241640
vt 0.054730 0.244950
vt 0.529220 0.159570
vt 0.536240 0.170440
vt 0.543770 0.184840
vt 0.521370 0.149580
vt 0.977250 0.225120
vt 0.989360 0.227810
vt 0.963890 0.223130
vt 0.948110 0.221630
vt 0.561780 0.233600
vt 0.567430 0.241420
vt 0.571740 0.238940
vt 0.563860 0.229820
vt 0.925700 0.218560
vt 0.550660 0.197200
vt 0.922610 0.221920
vt 0.903770 0.210710
vt 0.903100 0.205480
vt 0.562320 0.218060
vt 0.568920 0.226710
vt 0.556590 0.208500
vt 0.576160 0.234770
vt 0.470790 0.159570
vt 0.463760 0.170440
vt 0.456260 0.184890
vt 0.478650 0.149580
vt 0.010660 0.227810
vt 0.022770 0.225120
vt 0.036140 0.223130
vt 0.051940 0.221650
vt 0.432520 0.241470
vt 0.438180 0.233650
vt 0.428200 0.238980
vt 0.436100 0.229870
vt 0.074380 0.218610
vt 0.449360 0.197260
vt 0.077450 0.221960
vt 0.096280 0.210770
vt 0.096960 0.205550
vt 0.431020 0.226750
vt 0.437650 0.218110
vt 0.443390 0.208560
vt 0.423790 0.234800
s 1
usemtl defaultMat.006
f 1/1/1 7/2/2 163/3/3 1306/4/4
f 6/5/5 1/1/1 1306/4/4 160/6/6
f 162/7/7 163/3/3 7/2/2 8/8/8
f 1297/9/9 3/10/10 4/11/11 161/12/12
f 161/12/12 4/11/11 5/13/13 90/14/14
f 1297/9/15 162/15/7 8/16/8 3/10/16
f 13/17/17 9/18/18 158/19/19 10/20/20
f 1302/21/21 14/22/22 15/23/23 1262/24/24
f 1262/24/24 15/23/23 11/25/25 12/26/26
f 12/26/26 13/17/17 10/20/20 1262/24/24
f 156/27/27 17/28/28 14/22/22 1302/21/21
f 157/29/29 16/30/30 17/28/28 156/27/27
f 1301/31/31 1298/32/32 2/33/33 18/34/34
f 157/29/29 1301/31/31 18/34/34 16/30/30
f 19/35/35 22/36/36 21/37/37 1261/38/38
f 81/39/39 24/40/40 26/41/41 29/42/42
f 71/43/43 23/44/44 28/45/45 27/46/46
f 81/39/39 29/42/42 28/45/45 23/44/44
f 1272/47/47 1261/38/38 21/37/37 20/48/48
f 20/48/48 30/49/49 1273/50/50 1272/47/47
f 1260/51/51 25/52/52 31/53/53 32/54/54
f 26/41/41 24/40/40 32/54/54 31/53/53
f 1260/51/51 1273/50/50 30/49/49 25/52/52
f 160/6/6 159/55/55 33/56/56 6/5/5
f 9/18/18 33/56/56 159/55/55 158/19/19
f 90/14/14 5/13/13 34/57/57 87/58/58
f 19/35/35 1261/38/38 1282/59/59 35/60/60
f 36/61/61 35/60/60 1282/59/59 84/62/62
f 34/57/57 36/61/61 84/62/62 87/58/58
f 37/63/63 1307/64/64 760/65/65 42/66/66
f 41/67/67 757/68/68 1307/64/64 37/63/63
f 759/69/69 43/70/70 42/66/66 760/65/65
f 1299/71/71 758/72/72 39/73/73 38/74/74
f 758/72/72 688/75/75 40/76/76 39/73/73
f 1299/71/71 38/74/74 43/77/77 759/78/78
f 48/79/79 45/80/80 755/81/81 44/82/82
f 1303/83/83 1264/84/84 50/85/85 49/86/86
f 1264/84/84 47/87/87 46/88/88 50/85/85
f 47/87/87 1264/84/84 45/80/80 48/79/79
f 753/89/89 1303/83/83 49/86/86 52/90/90
f 754/91/91 753/89/89 52/90/90 51/92/92
f 1300/93/93 53/94/94 2/95/95 1298/96/96
f 754/91/91 51/92/92 53/94/94 1300/93/93
f 54/97/97 1263/98/98 56/99/99 57/100/100
f 678/101/101 63/102/102 61/103/103 59/104/104
f 71/43/43 27/46/46 62/105/105 58/106/106
f 678/101/101 58/106/106 62/105/105 63/102/102
f 1277/107/107 55/108/108 56/99/99 1263/98/98
f 55/108/108 1277/107/107 1276/109/109 64/110/110
f 679/111/111 66/112/112 65/113/113 60/114/114
f 61/103/103 65/113/113 66/112/112 59/104/104
f 679/111/111 60/114/114 64/110/110 1276/109/109
f 757/68/68 41/67/67 67/115/115 756/116/116
f 44/82/82 755/81/81 756/116/116 67/115/115
f 688/75/75 685/117/117 68/118/118 40/76/76
f 54/97/97 69/119/119 1285/120/120 1263/98/98
f 70/121/121 682/122/122 1285/120/120 69/119/119
f 68/118/118 685/117/117 682/122/122 70/121/121
f 32/54/54 24/40/40 1289/123/123 1290/124/124
f 1272/47/47 1273/50/50 1293/125/125 1294/126/126
f 1268/127/127 82/128/128 85/129/129 1269/130/130
f 84/62/62 1275/131/131 86/132/132 87/58/58
f 86/132/132 85/129/129 88/133/133 89/134/134
f 87/58/58 86/132/132 89/134/134 90/14/14
f 133/135/135 132/136/136 110/137/137 111/138/138
f 111/138/139 110/137/137 141/139/140 142/140/141
f 132/136/136 131/141/142 109/142/143 110/137/137
f 110/137/137 109/142/143 140/143/144 141/139/140
f 131/141/142 130/144/145 108/145/146 109/142/143
f 109/142/143 108/145/146 139/146/147 140/143/144
f 130/144/145 129/147/148 107/148/149 108/145/146
f 108/145/146 107/148/149 138/149/150 139/146/147
f 129/147/148 128/150/151 106/151/152 107/148/149
f 107/148/149 106/151/152 137/152/153 138/149/150
f 128/150/151 127/153/154 105/154/155 106/151/152
f 106/151/152 105/154/155 136/155/156 137/152/153
f 127/153/154 126/156/157 104/157/158 105/154/155
f 1314/158/159 1315/159/160 119/160/161 118/161/162
f 162/7/7 118/162/163 119/163/164 163/3/3
f 119/160/161 1315/159/160 1316/164/165 120/165/166
f 119/163/164 120/166/166 1306/4/4 163/3/3
f 120/165/166 1316/164/165 132/136/136 133/135/135
f 128/150/151 129/147/148 118/161/163 1308/167/167
f 127/153/154 128/150/151 1308/167/167 1309/168/168
f 1297/9/15 117/169/169 118/161/163 162/15/7
f 127/153/154 1309/168/168 1310/170/170 126/156/157
f 161/12/12 116/171/171 117/169/169 1297/9/15
f 90/14/14 89/134/134 116/171/171 161/12/12
f 171/172/172 169/173/173 166/174/174 165/175/175
f 169/173/173 170/176/176 167/177/177 166/174/174
f 165/178/175 166/179/174 174/180/178 173/181/179
f 166/179/174 167/182/177 175/183/180 174/180/178
f 167/182/177 168/184/181 176/185/182 175/183/180
f 170/176/176 172/186/183 168/187/181 167/177/177
f 181/188/184 180/189/185 189/190/186 190/191/187
f 180/189/185 179/192/188 188/193/189 189/190/186
f 179/192/188 178/194/190 187/195/191 188/193/189
f 168/184/181 186/196/192 177/197/193 176/185/182
f 178/194/190 177/197/193 186/196/192 187/195/191
f 172/186/183 195/198/194 225/199/195 168/187/181
f 168/187/181 225/199/195 226/200/196 186/201/192
f 225/199/195 251/202/197 227/203/198 226/200/199
f 226/200/199 227/203/198 187/204/191 186/201/200
f 227/203/198 228/205/201 188/206/189 187/204/191
f 251/202/197 250/207/202 228/205/201 227/203/198
f 228/205/201 229/208/203 189/209/186 188/206/189
f 250/207/202 238/210/204 229/208/203 228/205/201
f 190/211/187 189/209/186 229/208/203 230/212/205
f 230/212/205 229/208/203 238/210/204 237/213/206
f 190/191/187 191/214/207 182/215/208 181/188/184
f 230/212/205 231/216/209 191/217/207 190/211/187
f 237/213/206 236/218/210 231/216/209 230/212/205
f 88/133/133 125/219/211 116/171/171 89/134/134
f 221/220/212 224/221/213 220/222/214 219/223/215
f 105/154/155 104/157/158 135/224/216 136/155/156
f 220/222/214 257/225/217 255/226/218 219/223/215
f 135/224/216 258/227/219 257/225/220 91/228/221
f 126/156/157 125/219/211 103/229/222 104/157/158
f 104/157/158 103/229/222 258/227/219 135/224/216
f 257/225/220 258/227/219 256/230/223 255/226/218
f 258/227/219 103/229/222 259/231/224 256/230/223
f 125/219/211 88/133/133 260/232/225 103/229/222
f 103/229/222 260/232/225 261/233/226 259/231/224
f 191/217/207 231/216/209 254/234/227 253/235/228
f 235/236/229 254/234/227 231/216/209 236/218/210
f 264/237/230 263/238/231 266/239/232 267/240/233
f 263/238/231 262/241/234 265/242/235 266/239/232
f 235/236/229 239/243/236 265/242/235 254/234/227
f 266/239/232 265/242/235 239/243/236 240/244/237
f 254/234/227 265/242/235 262/241/234 253/235/228
f 240/244/237 241/245/238 267/240/233 266/239/232
f 271/246/239 270/247/240 249/248/241 242/249/242
f 111/138/138 112/250/243 134/251/244 133/135/135
f 133/135/135 134/251/244 121/252/245 120/165/166
f 142/140/141 143/253/246 112/250/247 111/138/139
f 112/250/243 113/254/248 278/255/249 134/251/244
f 113/254/248 114/256/250 279/257/251 278/255/249
f 143/253/246 281/258/252 113/254/253 112/250/247
f 281/258/252 282/259/254 114/256/250 113/254/253
f 282/259/254 283/260/255 115/261/256 114/256/250
f 147/262/257 1351/263/258 1352/264/259 298/265/260
f 147/262/257 298/265/260 299/266/261 148/267/262
f 300/268/263 149/269/264 1326/270/265 1327/271/266
f 149/269/264 300/268/263 301/272/267 150/273/268
f 114/256/250 115/261/256 280/274/269 279/257/251
f 195/198/194 196/275/270 251/202/197 225/199/195
f 196/275/270 197/276/271 250/207/202 251/202/197
f 197/276/271 232/277/272 238/210/204 250/207/202
f 232/277/272 198/278/273 237/213/206 238/210/204
f 198/278/273 199/279/274 236/218/210 237/213/206
f 199/279/274 200/280/275 235/236/229 236/218/210
f 200/280/275 201/281/276 239/243/236 235/236/229
f 201/281/276 202/282/277 240/244/237 239/243/236
f 202/282/277 203/283/278 241/245/238 240/244/237
f 203/283/278 248/284/279 249/248/241 241/245/238
f 249/248/241 248/284/279 204/285/280 242/249/242
f 204/285/280 205/286/281 243/287/282 242/249/242
f 241/245/238 249/248/241 270/247/240 267/240/233
f 242/249/242 243/287/282 272/288/283 271/246/239
f 245/289/284 246/290/285 275/291/286 274/292/287
f 335/293/288 334/294/289 274/292/287 275/291/286
f 332/295/290 331/296/291 271/246/239 272/288/283
f 267/240/233 270/247/240 330/297/292 264/237/230
f 331/296/291 330/297/292 270/247/240 271/246/239
f 91/228/221 92/298/293 136/155/156 135/224/216
f 92/298/293 93/299/294 137/152/153 136/155/156
f 93/299/294 94/300/295 138/149/150 137/152/153
f 143/253/246 142/140/141 98/301/296 99/302/297
f 142/140/141 141/139/140 97/303/298 98/301/296
f 141/139/140 140/143/144 96/304/299 97/303/298
f 94/300/295 95/305/300 139/146/147 138/149/150
f 140/143/144 139/146/147 95/305/300 96/304/299
f 220/222/214 224/221/213 91/228/301 257/225/217
f 221/220/212 194/306/302 223/307/303 224/221/213
f 94/300/295 93/299/294 345/308/304 346/309/305
f 93/299/306 92/298/307 344/310/308 345/308/309
f 91/228/301 224/221/213 344/310/308 92/298/307
f 223/307/303 352/311/310 344/310/308 224/221/213
f 345/308/309 344/310/308 352/311/310 353/312/311
f 308/313/312 309/314/313 200/280/275 199/279/274
f 309/314/313 310/315/314 201/281/276 200/280/275
f 310/315/314 311/316/315 202/282/277 201/281/276
f 311/316/315 312/317/316 203/283/278 202/282/277
f 312/317/316 313/318/317 248/284/279 203/283/278
f 248/284/279 313/318/317 314/319/318 204/285/280
f 314/319/318 315/320/319 205/286/281 204/285/280
f 304/321/320 305/322/321 197/276/271 196/275/270
f 305/322/321 306/323/322 232/277/272 197/276/271
f 306/323/322 307/324/323 198/278/273 232/277/272
f 198/278/273 307/324/323 308/313/312 199/279/274
f 305/322/321 1365/325/324 1366/326/325 306/323/322
f 306/323/322 1366/326/325 1367/327/326 307/324/323
f 358/328/327 1368/329/328 1367/327/326 377/330/329
f 308/313/312 1368/329/328 1369/331/330 309/314/313
f 309/314/313 1369/331/330 1370/332/331 310/315/314
f 311/316/315 310/315/314 1370/332/331 1371/333/332
f 312/317/316 311/316/315 1371/333/332 1372/334/333
f 313/318/317 312/317/316 1372/334/333 1373/335/334
f 314/319/318 313/318/317 1373/335/334 1374/336/335
f 314/319/318 1374/336/335 1375/337/336 315/320/319
f 380/338/337 381/339/338 359/340/339 358/328/327
f 381/339/338 382/341/340 360/342/341 359/340/339
f 382/341/340 383/343/342 361/344/343 360/342/341
f 383/343/342 384/345/344 362/346/345 361/344/343
f 384/345/344 385/347/346 363/348/347 362/346/345
f 385/347/346 386/349/348 364/350/349 363/348/347
f 386/349/348 387/351/350 365/352/351 364/350/349
f 392/353/352 393/354/353 383/343/342 382/341/340
f 391/355/354 392/353/352 382/341/340 381/339/338
f 393/354/353 394/356/355 384/345/344 383/343/342
f 394/356/355 395/357/356 385/347/346 384/345/344
f 395/357/356 396/358/357 386/349/348 385/347/346
f 325/359/358 328/360/359 327/361/360 324/362/361
f 407/363/362 406/364/363 402/365/364 401/366/365
f 326/367/366 327/361/360 406/364/363 407/363/362
f 402/365/364 403/368/367 395/357/356 394/356/355
f 358/328/327 377/330/329 379/369/368 380/338/337
f 389/370/369 390/371/370 380/338/337 379/369/368
f 381/339/338 380/338/337 390/371/370 391/355/354
f 390/371/370 389/370/369 441/372/371 440/373/372
f 390/371/370 440/373/372 399/374/373 391/355/354
f 399/374/373 400/375/374 392/353/352 391/355/354
f 376/376/375 378/377/376 379/369/368 377/330/329
f 389/370/369 439/378/377 442/379/378 441/372/371
f 379/369/368 378/377/376 439/378/377 389/370/369
f 375/380/379 374/381/380 378/377/376 376/376/375
f 375/380/379 1365/325/324 1376/382/381 374/381/380
f 439/378/377 445/383/382 443/384/383 442/379/378
f 378/377/376 374/381/380 445/383/382 439/378/377
f 400/375/374 401/366/365 393/354/353 392/353/352
f 394/356/355 393/354/353 401/366/365 402/365/364
f 342/385/384 341/386/385 334/294/289 335/293/288
f 339/387/386 338/388/387 331/296/291 332/295/290
f 331/296/291 338/388/387 337/389/388 330/297/292
f 330/390/292 337/391/388 185/392/389 264/393/230
f 264/393/230 185/392/389 184/394/390 263/395/231
f 184/394/390 183/396/391 262/397/234 263/395/231
f 253/398/228 252/399/392 182/215/208 191/214/207
f 262/397/234 183/396/391 252/399/392 253/398/228
f 143/253/246 99/302/297 100/400/393 281/258/252
f 322/401/394 452/402/395 288/403/396 234/404/397
f 322/401/394 1377/405/398 1378/406/399 452/402/395
f 372/407/400 470/408/401 471/409/402 453/410/403
f 327/361/360 328/360/359 405/411/404 406/364/363
f 406/364/363 405/411/404 403/368/367 402/365/364
f 405/411/404 483/412/405 404/413/406 403/368/367
f 403/368/367 404/413/406 396/358/357 395/357/356
f 396/358/357 397/414/407 387/351/350 386/349/348
f 483/412/405 489/415/408 490/416/409 404/413/406
f 404/413/406 490/416/409 397/414/407 396/358/357
f 489/415/408 484/417/410 491/418/411 490/416/409
f 423/419/412 424/420/413 485/421/414 484/417/410
f 424/420/413 425/422/415 486/423/416 485/421/414
f 487/424/417 486/423/416 425/422/415 426/425/418
f 490/416/409 491/418/411 398/426/419 397/414/407
f 484/417/410 485/421/414 398/426/419 491/418/411
f 485/421/414 486/423/416 492/427/420 398/426/419
f 487/424/417 466/428/421 492/427/420 486/423/416
f 397/414/407 398/426/419 388/429/422 387/351/350
f 398/426/419 492/427/420 493/430/423 388/429/422
f 466/428/421 447/431/424 493/430/423 492/427/420
f 368/432/425 367/433/426 447/431/424 448/434/427
f 387/351/350 388/429/422 366/435/428 365/352/351
f 388/429/422 493/430/423 494/436/429 366/435/428
f 447/431/424 367/433/426 494/436/429 493/430/423
f 315/320/319 1375/337/336 1379/437/430 316/438/431
f 368/432/425 1380/439/432 1381/440/433 367/433/426
f 316/438/431 1379/437/430 1382/441/434 495/442/435
f 495/442/435 1382/441/434 1381/440/433 317/443/436
f 245/289/284 206/444/437 207/445/438 246/290/285
f 318/446/439 207/445/438 206/444/437 317/443/436
f 315/320/319 316/438/431 209/447/440 205/286/281
f 466/428/421 467/448/441 448/434/427 447/431/424
f 426/425/418 427/449/442 488/450/443 487/424/417
f 372/407/400 371/451/444 451/452/445 470/408/401
f 451/452/445 371/451/444 499/453/446 498/454/447
f 372/407/400 1377/405/398 1383/455/448 371/451/444
f 1384/456/449 1383/455/448 321/457/450 500/458/451
f 322/401/394 234/404/397 233/459/452 321/457/450
f 499/453/446 370/460/453 450/461/454 498/454/447
f 448/434/427 449/462/455 369/463/456 368/432/425
f 449/462/455 503/464/457 504/465/458 369/463/456
f 450/461/454 370/460/453 504/465/458 503/464/457
f 370/460/453 499/453/446 1384/456/449 1385/466/459
f 319/467/460 318/446/439 1380/439/432 1386/468/461
f 505/469/462 319/467/460 1386/468/461 1387/470/463
f 1387/470/463 1385/466/459 320/471/464 505/469/462
f 318/446/439 319/467/460 269/472/465 207/445/438
f 487/424/417 488/450/443 467/448/441 466/428/421
f 467/448/441 468/473/466 449/462/455 448/434/427
f 467/448/441 488/450/443 507/474/467 468/473/466
f 427/449/442 428/475/468 507/474/467 488/450/443
f 468/473/466 502/476/469 503/464/457 449/462/455
f 429/477/470 508/478/471 507/474/467 428/475/468
f 507/474/467 508/478/471 502/476/469 468/473/466
f 503/464/457 502/476/469 469/479/472 450/461/454
f 502/476/469 508/478/471 509/480/473 469/479/472
f 429/477/470 430/481/474 509/480/473 508/478/471
f 469/479/472 497/482/475 498/454/447 450/461/454
f 431/483/476 510/484/477 509/480/473 430/481/474
f 509/480/473 510/484/477 497/482/475 469/479/472
f 498/454/447 497/482/475 475/485/478 451/452/445
f 432/486/479 511/487/480 510/484/477 431/483/476
f 510/484/477 511/487/480 475/485/478 497/482/475
f 475/485/478 476/488/481 470/408/401 451/452/445
f 475/485/478 511/487/480 512/489/482 476/488/481
f 432/486/483 481/490/484 512/489/482 511/487/485
f 476/488/481 477/491/486 471/409/487 470/408/488
f 476/488/481 512/489/482 513/492/489 477/491/486
f 481/490/484 479/493/490 513/492/489 512/489/482
f 205/286/281 209/447/440 244/494/491 243/287/282
f 243/287/282 244/494/491 273/495/492 272/288/283
f 273/495/492 333/496/493 332/295/290 272/288/283
f 333/496/493 340/497/494 339/387/386 332/295/290
f 273/495/492 244/494/491 515/498/495 516/499/496
f 334/294/289 517/500/497 516/499/496 274/292/287
f 333/496/493 273/495/492 516/499/496 517/500/497
f 209/447/440 496/501/498 515/498/495 244/494/491
f 316/438/431 495/442/435 496/501/498 209/447/440
f 317/443/436 206/444/437 496/501/498 495/442/435
f 245/289/284 515/498/495 496/501/498 206/444/437
f 274/292/287 516/499/496 515/498/495 245/289/284
f 319/467/460 505/469/462 506/502/499 269/472/465
f 320/471/464 208/503/500 506/502/499 505/469/462
f 207/445/438 269/472/465 268/504/501 246/290/285
f 506/502/499 519/505/502 268/504/501 269/472/465
f 275/291/286 276/506/503 336/507/504 335/293/288
f 246/290/285 268/504/501 276/506/503 275/291/286
f 320/471/464 500/458/451 501/508/505 208/503/500
f 321/457/450 233/459/452 501/508/505 500/458/451
f 290/509/506 289/510/507 233/459/452 234/404/397
f 506/502/499 208/503/500 247/511/508 519/505/502
f 100/400/393 101/512/509 282/259/254 281/258/252
f 101/512/509 102/513/510 283/260/255 282/259/254
f 288/403/396 287/514/511 290/509/506 234/404/397
f 208/503/500 501/508/505 521/515/512 247/511/508
f 233/459/452 289/510/507 521/515/512 501/508/505
f 293/516/513 1353/517/514 1354/518/515 527/519/516
f 298/265/260 1352/264/259 1353/517/514 293/516/513
f 293/516/513 294/520/517 299/266/261 298/265/260
f 527/519/516 528/521/518 294/520/517 293/516/513
f 1327/271/266 1328/522/519 295/523/520 300/268/263
f 1328/522/519 1329/524/521 529/525/522 295/523/520
f 295/523/520 296/526/523 301/272/267 300/268/263
f 529/525/522 530/527/524 296/526/523 295/523/520
f 327/361/360 326/367/366 323/528/525 324/362/361
f 565/529/526 566/530/527 563/531/528 562/532/529
f 562/532/529 563/531/528 560/533/530 559/534/531
f 559/534/531 560/533/530 557/535/532 556/536/533
f 556/536/533 557/535/532 554/537/534 553/538/535
f 553/538/535 554/537/534 551/539/536 550/540/537
f 550/540/537 551/539/536 539/541/538 538/542/539
f 538/542/539 539/541/538 536/543/540 535/544/541
f 535/544/541 536/543/540 533/545/542 532/546/543
f 533/545/542 546/547/544 543/548/545 532/546/543
f 546/547/544 547/549/546 544/550/547 543/548/545
f 547/549/546 548/551/548 545/552/549 544/550/547
f 568/553/550 569/554/551 563/531/528 566/530/527
f 569/554/551 570/555/552 560/533/530 563/531/528
f 570/555/552 571/556/553 557/535/532 560/533/530
f 571/556/553 572/557/554 554/537/534 557/535/532
f 572/557/554 573/558/555 551/539/536 554/537/534
f 573/558/555 574/559/556 539/541/538 551/539/536
f 574/559/556 575/560/557 536/543/540 539/541/538
f 575/560/557 576/561/558 533/545/542 536/543/540
f 576/561/558 577/562/559 546/547/544 533/545/542
f 577/562/559 578/563/560 547/549/546 546/547/544
f 547/549/546 578/563/560 579/564/561 548/551/548
f 580/565/562 581/566/563 569/554/551 568/553/550
f 581/566/563 582/567/564 570/555/552 569/554/551
f 582/567/564 583/568/565 571/556/553 570/555/552
f 583/568/565 584/569/566 572/557/554 571/556/553
f 584/569/566 585/570/567 573/558/555 572/557/554
f 585/570/567 586/571/568 574/559/556 573/558/555
f 586/571/568 587/572/569 575/560/557 574/559/556
f 575/560/557 587/572/569 588/573/570 576/561/558
f 576/561/558 588/573/570 589/574/571 577/562/559
f 577/562/559 589/574/571 590/575/572 578/563/560
f 578/563/560 590/575/572 591/576/573 579/564/561
f 580/565/562 593/577/574 594/578/575 581/566/563
f 581/566/563 594/578/575 595/579/576 582/567/564
f 582/567/564 595/579/576 596/580/577 583/568/565
f 583/568/565 596/580/577 597/581/578 584/569/566
f 584/569/566 597/581/578 598/582/579 585/570/567
f 585/570/567 598/582/579 599/583/580 586/571/568
f 586/571/568 599/583/580 600/584/581 587/572/569
f 587/572/569 600/584/581 601/585/582 588/573/570
f 588/573/570 601/585/582 602/586/583 589/574/571
f 589/574/571 602/586/583 603/587/584 590/575/572
f 590/575/572 603/587/584 604/588/585 591/576/573
f 556/536/533 555/589/586 558/590/587 559/534/531
f 414/591/588 415/592/589 426/425/418 425/422/415
f 558/590/587 555/589/586 619/593/590 618/594/591
f 553/538/535 552/595/592 555/589/586 556/536/533
f 415/592/589 416/596/593 427/449/442 426/425/418
f 415/592/589 619/597/590 620/598/594 416/596/593
f 555/589/586 552/595/592 620/599/594 619/593/590
f 550/540/537 549/600/595 552/595/592 553/538/535
f 416/596/593 417/601/596 428/475/468 427/449/442
f 416/596/593 620/598/594 621/602/597 417/601/596
f 552/595/592 549/600/595 621/603/597 620/599/594
f 538/542/539 537/604/598 549/600/595 550/540/537
f 417/601/596 418/605/599 429/477/470 428/475/468
f 417/601/596 621/602/597 622/606/600 418/605/599
f 549/600/595 537/604/598 622/607/600 621/603/597
f 535/544/541 534/608/601 537/604/598 538/542/539
f 418/605/599 419/609/602 430/481/474 429/477/470
f 418/605/599 622/606/600 623/610/603 419/609/602
f 537/604/598 534/608/601 623/611/603 622/607/600
f 419/609/602 420/612/604 431/483/476 430/481/474
f 532/546/543 531/613/605 534/608/601 535/544/541
f 419/609/602 623/610/603 624/614/606 420/612/604
f 534/608/601 531/613/605 624/615/606 623/611/603
f 420/612/604 421/616/607 432/486/479 431/483/476
f 532/546/543 543/548/545 540/617/608 531/613/605
f 420/612/604 624/614/606 625/618/609 421/616/607
f 531/613/605 540/617/608 625/619/609 624/615/606
f 421/616/607 482/620/610 481/490/611 432/486/479
f 543/548/545 544/550/547 541/621/612 540/617/608
f 421/616/607 625/618/609 626/622/613 482/620/610
f 540/617/608 541/621/612 626/623/613 625/619/609
f 481/490/611 482/620/610 480/624/614 479/493/615
f 544/550/547 545/552/549 542/625/616 541/621/612
f 482/620/610 626/622/613 627/626/617 480/624/614
f 541/621/612 542/625/616 627/627/617 626/623/613
f 414/591/588 618/628/591 619/597/590 415/592/589
f 425/422/415 424/420/413 413/629/618 414/591/588
f 558/590/587 561/630/619 562/532/529 559/534/531
f 413/629/618 629/631/620 618/628/591 414/591/588
f 618/594/591 629/632/620 561/630/619 558/590/587
f 424/420/413 423/419/412 412/633/621 413/629/618
f 561/630/619 564/634/622 565/529/526 562/532/529
f 593/577/574 606/635/623 607/636/624 594/578/575
f 616/637/625 617/638/626 604/588/585 603/587/584
f 607/636/624 608/639/627 595/579/576 594/578/575
f 606/635/623 637/640/628 608/639/627 607/636/624
f 608/639/627 609/641/629 596/580/577 595/579/576
f 637/640/628 638/642/630 609/641/629 608/639/627
f 638/642/630 639/643/631 610/644/632 609/641/629
f 609/641/629 610/644/632 597/581/578 596/580/577
f 610/644/632 611/645/633 598/582/579 597/581/578
f 639/643/631 640/646/634 611/645/633 610/644/632
f 614/647/635 615/648/636 602/586/583 601/585/582
f 603/587/584 602/586/583 615/648/636 616/637/625
f 614/647/635 613/649/637 642/650/638 615/648/636
f 601/585/582 600/584/581 613/649/637 614/647/635
f 616/637/625 615/648/636 642/650/638 617/638/626
f 611/645/633 612/651/639 599/583/580 598/582/579
f 640/646/634 641/652/640 612/651/639 611/645/633
f 600/584/581 599/583/580 612/651/639 613/649/637
f 613/649/637 612/651/639 641/652/640 642/650/638
f 152/653/641 1355/654/642 1351/263/258 147/262/257
f 147/262/257 148/267/262 153/655/643 152/653/641
f 1330/656/644 1326/270/265 149/269/264 154/657/645
f 150/273/268 155/658/646 154/657/645 149/269/264
f 1342/659/647 1304/660/648 1331/661/649 648/662/650
f 291/663/651 648/662/650 154/657/645 155/658/646
f 153/655/643 1330/656/644 1331/661/649 647/664/652
f 645/665/653 1304/666/648 1324/667/654 1320/668/655
f 646/669/656 1356/670/657 1355/654/642 152/653/641
f 647/664/652 646/669/656 152/653/641 153/655/643
f 645/671/653 649/672/658 646/669/656 647/664/652
f 134/251/244 278/255/249 122/673/659 121/252/245
f 644/674/660 1356/670/657 1357/675/661 643/676/662
f 279/257/251 123/677/663 122/673/659 278/255/249
f 643/678/662 1357/679/661 1346/680/664 650/681/665
f 151/682/666 644/674/660 643/676/662 124/683/667
f 649/684/658 645/665/653 1320/668/655 1321/685/668
f 643/676/662 650/686/665 280/274/269 124/683/667
f 280/274/269 650/686/665 123/677/663 279/257/251
f 176/185/182 212/687/669 211/688/670 175/183/180
f 175/183/180 211/688/670 210/689/671 174/180/178
f 212/687/669 355/690/672 651/691/673 211/688/670
f 211/688/670 651/691/673 652/692/674 210/689/671
f 194/306/302 193/693/675 222/694/676 223/307/303
f 174/180/178 210/689/671 192/695/677 173/181/179
f 210/689/671 652/692/674 653/696/678 192/695/677
f 222/694/676 193/693/675 653/696/678 652/692/674
f 176/185/182 177/197/193 213/697/679 212/687/669
f 178/194/190 214/698/680 213/697/679 177/197/193
f 179/192/188 215/699/681 214/698/680 178/194/190
f 222/694/676 355/690/672 352/311/310 223/307/303
f 652/692/674 651/691/673 355/690/672 222/694/676
f 352/311/310 355/690/672 356/700/682 353/312/311
f 356/700/682 355/690/672 654/701/683 655/702/684
f 213/697/679 654/701/683 355/690/672 212/687/669
f 214/698/680 655/702/684 654/701/683 213/697/679
f 180/189/185 216/703/685 215/699/681 179/192/188
f 214/698/680 215/699/681 656/704/686 655/702/684
f 181/188/184 217/705/687 216/703/685 180/189/185
f 216/703/685 357/706/688 656/704/686 215/699/681
f 181/188/184 182/215/208 218/707/689 217/705/687
f 217/705/687 218/707/689 658/708/690 657/709/691
f 252/399/392 454/710/692 218/707/689 182/215/208
f 655/702/684 656/704/686 357/706/688 356/700/682
f 217/705/687 657/709/691 357/706/688 216/703/685
f 218/707/689 454/710/692 659/711/693 658/708/690
f 353/312/311 354/712/694 346/309/695 345/308/309
f 356/700/682 357/706/688 354/712/694 353/312/311
f 658/708/690 659/711/693 357/706/688 657/709/691
f 252/399/392 183/396/391 455/713/696 454/710/692
f 357/706/688 659/711/693 660/714/697 354/712/694
f 454/710/692 455/713/696 660/714/697 659/711/693
f 455/713/696 456/715/698 347/716/699 660/714/697
f 183/396/391 184/394/390 456/715/698 455/713/696
f 184/394/390 185/392/389 457/717/700 456/715/698
f 94/300/295 346/309/305 347/716/701 95/305/300
f 354/712/694 660/714/697 347/716/699 346/309/695
f 457/717/700 661/718/702 347/716/699 456/715/698
f 95/305/300 347/716/701 348/719/703 96/304/299
f 185/392/389 337/391/388 458/720/704 457/717/700
f 347/716/699 661/718/702 662/721/705 348/719/706
f 457/717/700 458/720/704 662/721/705 661/718/702
f 337/389/388 338/388/387 459/722/707 458/723/704
f 96/304/299 348/719/703 349/724/708 97/303/298
f 338/388/387 339/387/386 460/725/709 459/722/707
f 662/726/705 663/727/710 349/728/711 348/729/706
f 460/725/709 349/728/711 663/727/710 459/722/707
f 458/723/704 459/722/707 663/727/710 662/726/705
f 349/724/711 350/730/712 98/301/713 97/303/714
f 460/725/709 461/731/715 350/732/712 349/728/711
f 340/497/494 518/733/716 350/732/712 461/731/715
f 341/386/385 462/734/717 350/732/712 518/733/716
f 339/387/386 340/497/494 461/731/715 460/725/709
f 341/386/385 518/733/716 517/500/497 334/294/289
f 517/500/497 518/733/716 340/497/494 333/496/493
f 350/730/712 351/735/718 99/302/719 98/301/713
f 462/734/717 463/736/720 351/737/718 350/732/712
f 341/386/385 342/385/384 463/736/720 462/734/717
f 336/507/504 343/738/721 342/385/384 335/293/288
f 519/505/502 520/739/722 276/506/503 268/504/501
f 351/735/718 465/740/723 100/400/724 99/302/719
f 276/506/503 520/739/722 343/738/721 336/507/504
f 342/385/384 343/738/721 464/741/725 463/736/720
f 247/511/508 277/742/726 520/739/722 519/505/502
f 463/736/720 464/741/725 465/743/723 351/737/718
f 520/739/722 277/742/726 664/744/727 343/738/721
f 343/738/721 664/744/727 465/743/723 464/741/725
f 521/515/512 525/745/728 277/742/726 247/511/508
f 521/515/512 289/510/507 302/746/729 525/745/728
f 465/740/723 522/747/730 101/512/731 100/400/724
f 664/744/732 665/748/733 522/749/734 465/743/735
f 302/746/729 522/749/730 665/748/736 525/745/728
f 277/742/726 525/745/728 665/748/736 664/744/727
f 290/509/506 303/750/737 302/746/729 289/510/507
f 287/514/511 523/751/738 303/750/737 290/509/506
f 302/746/729 303/750/737 523/751/738 522/749/730
f 101/512/731 522/747/730 523/752/738 102/513/739
f 66/112/112 1291/753/740 1292/754/741 59/104/104
f 1277/107/107 1295/755/742 1296/756/743 1276/109/109
f 680/757/744 1271/758/745 1270/759/746 683/760/747
f 684/761/748 681/762/749 1279/763/750 1278/764/751
f 683/760/747 684/761/748 687/765/752 686/766/753
f 684/761/748 685/117/117 688/75/75 687/765/752
f 686/766/753 687/765/752 714/767/754 723/768/755
f 723/768/755 701/769/756 865/770/757 686/766/753
f 687/765/752 688/75/75 758/72/72 714/767/754
f 690/771/758 689/772/759 733/773/760 734/774/761
f 949/775/762 826/776/763 689/772/764 690/771/765
f 733/773/760 689/772/759 861/777/766 862/778/767
f 821/779/768 861/777/766 689/772/764 826/776/763
f 691/780/769 690/771/758 734/774/761 735/781/770
f 950/782/771 949/775/762 690/771/765 691/780/772
f 692/783/773 691/780/769 735/781/770 736/784/774
f 951/785/775 950/782/776 691/780/769 692/783/773
f 693/786/777 692/783/773 736/784/774 737/787/778
f 952/788/779 951/785/775 692/783/773 693/786/777
f 694/789/780 693/786/777 737/787/778 738/790/781
f 953/791/782 952/788/779 693/786/777 694/789/780
f 695/792/783 694/789/780 738/790/781 739/793/784
f 954/794/785 953/791/782 694/789/780 695/792/783
f 696/795/786 695/792/783 739/793/784 740/796/787
f 955/797/788 954/794/789 695/792/790 696/795/791
f 697/798/792 696/795/786 740/796/787 741/799/793
f 956/800/794 955/797/788 696/795/791 697/798/795
f 698/801/796 697/798/792 741/799/793 887/802/797
f 1059/803/798 956/800/794 697/798/795 698/801/799
f 699/804/800 698/801/796 887/802/797 888/805/801
f 1111/806/802 1059/803/798 698/801/799 699/804/803
f 700/807/804 699/804/800 888/805/801 889/808/805
f 1112/809/806 1111/806/802 699/804/803 700/807/807
f 702/810/808 701/769/756 723/768/755 724/811/809
f 733/773/760 862/778/767 701/769/756 702/810/808
f 863/812/810 866/813/811 865/770/757 701/769/756
f 860/814/812 863/812/810 701/769/756 862/778/767
f 703/815/813 702/810/808 724/811/809 725/816/814
f 734/774/761 733/773/760 702/810/808 703/815/813
f 704/817/815 703/815/813 725/816/814 726/818/816
f 735/781/770 734/774/761 703/815/813 704/817/815
f 705/819/817 704/817/815 726/818/816 727/820/818
f 736/784/774 735/781/770 704/817/815 705/819/817
f 706/821/819 705/819/817 727/820/818 728/822/820
f 737/787/778 736/784/774 705/819/817 706/821/819
f 707/823/821 706/821/819 728/822/820 729/824/822
f 738/790/781 737/787/778 706/821/819 707/823/821
f 708/825/823 707/823/821 729/824/822 730/826/824
f 739/793/825 738/790/826 707/823/821 708/825/823
f 709/827/827 708/825/823 730/826/824 731/828/828
f 740/796/787 739/793/784 708/825/829 709/827/830
f 710/829/831 709/827/827 731/828/828 732/830/832
f 741/799/793 740/796/787 709/827/830 710/829/833
f 711/831/834 710/829/831 732/830/832 884/832/835
f 887/802/797 741/799/793 710/829/833 711/831/836
f 712/833/837 711/831/834 884/832/835 885/834/838
f 888/805/801 887/802/797 711/831/836 712/833/839
f 713/835/840 712/833/837 885/834/838 886/836/841
f 889/808/805 888/805/801 712/833/839 713/835/842
f 714/767/754 1311/837/843 724/811/809 723/768/755
f 1299/71/71 715/838/844 714/767/754 758/72/72
f 716/839/845 1313/840/846 1312/841/847 715/838/844
f 759/78/69 716/839/845 715/838/844 1299/71/71
f 716/839/845 1317/842/848 728/822/820 727/820/818
f 760/65/65 717/843/849 716/844/845 759/69/69
f 717/845/850 718/846/851 1319/847/852 1318/848/853
f 760/65/65 1307/64/854 718/849/855 717/843/849
f 732/830/832 731/828/828 718/846/855 719/850/856
f 884/832/835 732/830/832 719/850/856 720/851/857
f 756/116/116 1323/852/858 1345/853/859 1350/854/860
f 885/834/838 884/832/835 720/851/857 721/855/861
f 885/834/838 721/855/861 1241/856/862 886/836/841
f 748/857/863 722/858/864 1234/859/865 1235/860/866
f 1241/856/862 1234/859/865 722/858/864 886/836/841
f 1358/861/867 1359/862/868 743/863/869 748/857/863
f 1359/862/868 1360/864/870 900/865/871 743/863/869
f 745/866/872 744/867/873 749/868/874 750/869/875
f 902/870/876 901/871/877 744/867/873 745/866/872
f 1332/872/878 1333/873/879 745/866/872 750/869/875
f 1333/873/879 1334/874/880 902/870/876 745/866/872
f 747/875/881 746/876/882 751/877/883 752/878/884
f 904/879/885 903/880/886 746/876/882 747/875/881
f 1235/860/866 1361/881/887 1358/861/867 748/857/863
f 750/869/875 749/868/874 1237/882/888 1238/883/889
f 1335/884/890 1332/872/878 750/869/875 1238/883/889
f 752/878/884 751/877/883 1239/885/891 894/886/892
f 1303/83/83 1325/887/893 45/80/80 1264/84/84
f 1300/93/894 1298/96/895 1338/888/896 1339/889/897
f 1240/890/898 1323/852/858 1322/891/899 1236/892/900
f 765/893/901 767/894/902 761/895/903 762/896/904
f 762/897/904 761/898/903 772/899/905 773/900/906
f 766/901/907 765/893/901 762/896/904 763/902/908
f 763/903/909 762/897/904 773/900/906 774/904/910
f 769/905/911 766/901/907 763/902/908 764/906/912
f 764/907/912 763/903/909 774/904/910 775/908/913
f 769/905/911 764/906/912 827/909/914 795/910/915
f 776/911/916 785/912/917 764/907/912 775/908/913
f 828/913/918 827/909/914 764/906/912 785/914/917
f 773/900/919 772/899/920 792/915/921 810/916/922
f 774/904/923 773/900/919 810/916/922 811/917/924
f 775/908/913 774/904/923 811/917/924 812/918/925
f 776/911/916 775/908/913 812/918/925 813/919/926
f 786/920/927 785/912/917 776/911/916 777/921/928
f 777/921/929 776/911/916 813/919/926 814/922/930
f 787/923/931 786/920/927 777/921/928 778/924/932
f 778/924/933 777/921/929 814/922/930 815/925/934
f 788/926/935 787/923/936 778/924/933 779/927/937
f 779/927/937 778/924/933 815/925/934 816/928/938
f 789/929/939 788/926/935 779/927/937 780/930/940
f 780/930/940 779/927/937 816/928/938 817/931/941
f 790/932/942 789/929/939 780/930/940 781/933/943
f 781/933/943 780/930/940 817/931/941 818/934/944
f 790/932/942 781/933/943 854/935/945 855/936/946
f 1048/937/947 854/935/945 781/933/943 818/934/944
f 869/938/948 868/939/949 782/940/950 783/941/951
f 783/941/951 782/940/950 1049/942/952 1050/943/953
f 854/935/945 782/940/950 868/939/949 855/936/946
f 1048/937/947 1049/942/952 782/940/950 854/935/945
f 870/944/954 869/938/948 783/941/951 784/945/955
f 784/945/955 783/941/951 1050/943/953 1051/946/956
f 870/944/954 784/945/955 942/947/957 935/948/958
f 942/947/957 784/945/955 1051/946/956 1052/949/959
f 829/950/960 828/913/918 785/914/917 786/951/961
f 830/952/962 829/950/960 786/951/961 787/953/936
f 831/954/963 830/952/962 787/953/936 788/955/935
f 832/956/964 831/954/963 788/955/935 789/957/939
f 833/958/965 832/956/964 789/957/939 790/959/942
f 833/958/965 790/959/942 855/960/946 856/961/966
f 810/916/922 792/915/921 1244/962/967 1243/963/968
f 825/964/969 824/965/970 793/966/971 794/967/972
f 1243/963/968 1244/962/967 793/966/971 824/965/970
f 826/776/763 825/964/969 794/967/972 823/968/973
f 796/969/974 795/910/915 827/909/914 853/970/975
f 797/971/976 796/969/974 853/970/975 852/972/977
f 908/973/978 907/974/979 796/969/974 797/971/976
f 834/975/980 797/971/976 852/972/977 840/976/981
f 909/977/982 908/973/978 797/971/976 834/975/980
f 799/978/983 798/979/984 839/980/985 838/981/986
f 911/982/987 910/983/988 798/979/984 799/978/983
f 840/976/981 839/980/985 798/979/984 834/975/980
f 834/975/980 798/979/984 910/983/988 909/977/982
f 800/984/989 799/978/983 838/981/986 837/985/990
f 912/986/991 911/982/987 799/978/983 800/984/989
f 801/987/992 800/984/989 837/985/990 841/988/993
f 913/989/994 912/986/991 800/984/989 801/987/992
f 802/990/995 801/987/992 841/988/993 842/991/996
f 914/992/997 913/989/994 801/987/992 802/990/995
f 803/993/998 802/990/995 842/991/996 843/994/999
f 915/995/1000 914/992/997 802/990/995 803/993/998
f 851/996/1001 850/997/1002 803/993/998 843/994/999
f 916/998/1003 915/995/1000 803/993/998 850/997/1002
f 805/999/1004 804/1000/1005 844/1001/1006 845/1002/1007
f 918/1003/1008 917/1004/1009 804/1000/1005 805/999/1004
f 844/1001/1006 804/1000/1005 850/997/1002 851/996/1001
f 850/997/1002 804/1000/1005 917/1004/1009 916/998/1003
f 809/1005/1010 805/999/1004 845/1002/1007 846/1006/1011
f 919/1007/1012 918/1003/1008 805/999/1004 809/1005/1010
f 807/1008/1013 806/1009/1014 847/1010/1015 848/1011/1016
f 921/1012/1017 920/1013/1018 806/1009/1014 807/1008/1013
f 847/1010/1015 806/1009/1014 1086/1014/1019 1104/1015/1020
f 1085/1016/1021 1086/1014/1019 806/1009/1014 920/1013/1018
f 874/1017/1022 875/1018/1023 807/1008/1013 848/1011/1016
f 922/1019/1024 921/1012/1017 807/1008/1013 875/1018/1023
f 849/1020/1025 808/1021/1026 1096/1022/1027 1108/1023/1028
f 1110/1024/1029 1091/1025/1030 808/1021/1026 849/1020/1025
f 923/1026/1031 808/1021/1026 1091/1025/1030 1090/1027/1032
f 1095/1028/1033 1096/1022/1027 808/1021/1026 923/1026/1031
f 1104/1015/1020 1086/1014/1019 809/1005/1010 846/1006/1011
f 919/1007/1012 809/1005/1010 1086/1014/1019 1085/1016/1021
f 811/917/924 810/916/922 1243/963/968 1242/1029/1034
f 812/918/925 811/917/924 1242/1029/1034 960/1030/1035
f 813/919/926 812/918/925 960/1030/1035 1246/1031/1036
f 814/922/930 813/919/926 1246/1031/1036 1247/1032/1037
f 815/925/934 814/922/930 1247/1032/1037 1248/1033/1038
f 816/928/938 815/925/934 1248/1033/1038 962/1034/1039
f 817/931/941 816/928/938 962/1034/1039 1249/1035/1040
f 818/934/944 817/931/941 1249/1035/1040 1250/1036/1041
f 1048/937/947 818/934/944 1250/1036/1041 1251/1037/1042
f 826/776/763 823/968/973 820/1038/1043 821/779/768
f 821/779/768 820/1038/1043 859/1039/1044 861/777/766
f 957/1040/1045 960/1030/1035 824/965/970 825/964/969
f 1242/1029/1034 1243/963/968 824/965/970 960/1030/1035
f 949/775/762 957/1040/1045 825/964/969 826/776/763
f 829/950/960 853/970/975 827/909/914 828/913/918
f 852/972/977 853/970/975 829/950/960 830/952/962
f 840/976/981 852/972/977 830/952/962 831/954/963
f 839/980/985 840/976/981 831/954/963 832/956/964
f 838/981/986 839/980/985 832/956/964 833/958/965
f 838/981/986 833/958/965 856/961/966 837/985/990
f 836/1041/1046 835/1042/1047 892/1043/1048 893/1044/1049
f 925/1045/1050 924/1046/1051 835/1042/1047 836/1041/1046
f 892/1043/1048 835/1042/1047 1091/1025/1030 1110/1024/1029
f 1090/1027/1032 1091/1025/1030 835/1042/1047 924/1046/1051
f 891/1047/1052 836/1041/1046 893/1044/1049 890/1048/1053
f 1046/1049/1054 925/1045/1050 836/1041/1046 891/1047/1052
f 841/988/993 837/985/990 856/961/966 871/1050/1055
f 842/991/996 841/988/993 871/1050/1055 872/1051/1056
f 843/994/999 842/991/996 872/1051/1056 873/1052/1057
f 851/996/1001 843/994/999 873/1052/1057 876/1053/1058
f 845/1002/1007 844/1001/1006 877/1054/1059 878/1055/1060
f 876/1053/1058 877/1054/1059 844/1001/1006 851/996/1001
f 846/1006/1011 845/1002/1007 878/1055/1060 879/1056/1061
f 1105/1057/1062 1104/1015/1020 846/1006/1011 879/1056/1061
f 848/1011/1016 847/1010/1015 880/1058/1063 881/1059/1064
f 880/1058/1063 847/1010/1015 1104/1015/1020 1105/1057/1062
f 874/1017/1022 848/1011/1016 881/1059/1064 882/1060/1065
f 883/1061/1066 849/1020/1025 1108/1023/1028 1109/1062/1067
f 1113/1063/1068 1110/1024/1029 849/1020/1025 883/1061/1066
f 856/961/966 855/960/946 868/1064/949 871/1050/1055
f 862/778/767 861/777/766 859/1039/1044 860/814/812
f 872/1051/1056 871/1050/1055 868/1064/949 869/1065/948
f 873/1052/1057 872/1051/1056 869/1065/948 870/1066/954
f 873/1052/1057 870/1066/954 935/1067/958 876/1053/1058
f 875/1018/1023 874/1017/1022 1108/1023/1028 1096/1022/1027
f 1109/1062/1067 1108/1023/1028 874/1017/1022 882/1060/1065
f 922/1019/1024 875/1018/1023 1096/1022/1027 1095/1028/1033
f 877/1054/1059 876/1053/1058 935/1067/958 936/1068/1069
f 878/1055/1060 877/1054/1059 936/1068/1069 937/1069/1070
f 879/1056/1061 878/1055/1060 937/1069/1070 938/1070/1071
f 1106/1071/1072 1105/1057/1062 879/1056/1061 938/1070/1071
f 881/1059/1064 880/1058/1063 939/1072/1073 940/1073/1074
f 939/1072/1073 880/1058/1063 1105/1057/1062 1106/1071/1072
f 882/1060/1065 881/1059/1064 940/1073/1074 941/1074/1075
f 948/1075/1076 1109/1062/1067 882/1060/1065 941/1074/1075
f 948/1075/1076 1256/1076/1077 883/1061/1066 1109/1062/1067
f 1113/1063/1068 883/1061/1066 1256/1076/1077 1257/1077/1078
f 906/1078/1079 1112/1079/806 890/1048/1053 893/1044/1049
f 893/1044/1049 892/1043/1048 905/1080/1080 906/1078/1079
f 905/1080/1080 892/1043/1048 1110/1024/1029 1113/1063/1068
f 1360/864/870 1363/1081/1081 895/1082/1082 900/865/871
f 1363/1081/1081 1364/1083/1083 1115/1084/1084 895/1082/1082
f 897/1085/1085 896/1086/1086 901/871/877 902/870/876
f 1117/1087/1087 1116/1088/1088 896/1086/1086 897/1085/1085
f 1334/874/880 1336/1089/1089 897/1085/1085 902/870/876
f 1336/1089/1089 1337/1090/1090 1117/1087/1087 897/1085/1085
f 899/1091/1091 898/1092/1092 903/880/886 904/879/885
f 1119/1093/1093 1118/1094/1094 898/1092/1092 899/1091/1091
f 906/1078/1079 905/1080/1080 1111/1095/802 1112/1079/806
f 1111/1095/802 905/1080/1080 1113/1063/1068 1257/1077/1078
f 907/974/979 908/973/978 1388/1096/1095 1389/1097/1096
f 908/973/978 909/977/982 1390/1098/1097 1388/1096/1095
f 909/977/982 910/983/988 1391/1099/1098 1390/1098/1097
f 910/983/988 911/982/987 1392/1100/1099 1391/1099/1098
f 911/982/987 912/986/991 1393/1101/1100 1392/1100/1099
f 912/986/991 913/989/994 1394/1102/1101 1393/1101/1100
f 914/992/997 1395/1103/1102 1394/1102/1101 913/989/994
f 915/995/1000 1396/1104/1103 1395/1103/1102 914/992/997
f 916/998/1003 1397/1105/1104 1396/1104/1103 915/995/1000
f 917/1004/1009 1398/1106/1105 1397/1105/1104 916/998/1003
f 917/1004/1009 918/1003/1008 1399/1107/1106 1398/1106/1105
f 918/1003/1008 919/1007/1012 1400/1108/1107 1399/1107/1106
f 1401/1109/1108 1400/1108/1107 919/1007/1012 1085/1016/1021
f 921/1012/1017 1402/1110/1109 1403/1111/1110 920/1013/1018
f 1403/1111/1110 1401/1109/1108 1085/1016/1021 920/1013/1018
f 922/1019/1024 1404/1112/1111 1402/1110/1109 921/1012/1017
f 1095/1028/1033 1405/1113/1112 1404/1112/1111 922/1019/1024
f 1090/1027/1032 1406/1114/1113 1407/1115/1114 923/1026/1031
f 923/1026/1031 1407/1115/1114 1405/1113/1112 1095/1028/1033
f 925/1045/1050 1408/1116/1115 1409/1117/1116 924/1046/1051
f 924/1046/1051 1409/1117/1116 1406/1114/1113 1090/1027/1032
f 1410/1118/1117 1408/1116/1115 925/1045/1050 1046/1049/1054
f 928/1119/1118 927/1120/1119 932/1121/1120 933/1122/1121
f 929/1123/1122 928/1119/1118 933/1122/1121 934/1124/1123
f 933/1122/1121 932/1121/1120 1011/1125/1124 1010/1126/1125
f 934/1124/1123 933/1122/1121 1010/1126/1125 1009/1127/1126
f 936/1068/1069 935/1067/958 942/1128/957 943/1129/1127
f 937/1069/1070 936/1068/1069 943/1129/1127 944/1130/1128
f 938/1070/1071 937/1069/1070 944/1130/1128 945/1131/1129
f 1107/1132/1130 1106/1071/1072 938/1070/1071 945/1131/1129
f 940/1073/1074 939/1072/1073 946/1133/1131 947/1134/1132
f 946/1133/1131 939/1072/1073 1106/1071/1072 1107/1132/1130
f 941/1074/1075 940/1073/1074 947/1134/1132 948/1075/1076
f 943/1129/1127 942/1128/957 1052/1135/959 1053/1136/1133
f 944/1130/1128 943/1129/1127 1053/1136/1133 1054/1137/1134
f 945/1131/1129 944/1130/1128 1054/1137/1134 1055/1138/1135
f 955/1139/788 1107/1132/1130 945/1131/1129 1055/1138/1135
f 947/1134/1132 946/1133/1131 1056/1140/1136 1057/1141/1137
f 1056/1140/1136 946/1133/1131 1107/1132/1130 955/1139/788
f 948/1075/1076 947/1134/1132 1057/1141/1137 1058/1142/1138
f 1059/1143/798 1256/1076/1077 948/1075/1076 1058/1142/1138
f 958/1144/1139 957/1040/1045 949/775/762 950/782/771
f 959/1145/1140 958/1144/1141 950/782/776 951/785/775
f 1252/1146/1142 959/1145/1140 951/785/775 952/788/1143
f 1254/1147/1144 1253/1148/1145 952/788/1143 953/791/1146
f 1049/942/952 1252/1146/1142 952/788/1143 1050/943/953
f 1050/943/953 952/788/1143 1253/1148/1145 1051/946/956
f 1255/1149/1147 1254/1150/1144 953/1151/1146 954/1152/789
f 1055/1138/1135 1054/1137/1134 954/1152/789 955/1139/788
f 1053/1136/1133 1255/1149/1147 954/1152/789 1054/1137/1134
f 1057/1141/1137 1056/1140/1136 955/1139/788 956/1153/794
f 1057/1141/1137 956/1153/794 1059/1143/798 1058/1142/1138
f 961/1154/1148 960/1030/1035 957/1040/1045 958/1144/1139
f 962/1034/1039 961/1154/1148 958/1144/1139 959/1145/1140
f 962/1034/1039 959/1145/1140 1252/1146/1142 1251/1037/1042
f 1247/1032/1037 1246/1031/1036 960/1030/1035 961/1154/1148
f 1248/1033/1038 1247/1032/1037 961/1154/1148 962/1034/1039
f 1249/1035/1040 962/1034/1039 1251/1037/1042 1250/1036/1041
f 985/1155/1149 984/1156/1150 963/1157/1151 964/1158/1152
f 981/1159/1153 963/1157/1151 984/1156/1150 983/1160/1154
f 986/1161/1155 985/1155/1149 964/1158/1152 965/1162/1156
f 987/1163/1157 986/1161/1155 965/1162/1156 966/1164/1158
f 988/1165/1159 987/1163/1157 966/1164/1158 967/1166/1160
f 989/1167/1161 988/1165/1159 967/1166/1160 968/1168/1162
f 990/1169/1163 989/1167/1161 968/1168/1162 969/1170/1164
f 991/1171/1165 990/1169/1163 969/1170/1164 970/1172/1166
f 992/1173/1167 991/1171/1165 970/1172/1166 971/1174/1168
f 992/1173/1167 971/1174/1168 1084/1175/1169 1083/1176/1170
f 1041/1177/1171 1040/1178/1172 972/1179/1173 973/1180/1174
f 1083/1176/1170 1084/1175/1169 972/1179/1173 1040/1178/1172
f 1042/1181/1175 1041/1177/1171 973/1180/1174 974/1182/1176
f 1042/1181/1175 974/1182/1176 1094/1183/1177 1093/1184/1178
f 1043/1185/1179 975/1186/1180 1089/1187/1181 1088/1188/1182
f 1093/1184/1178 1094/1183/1177 975/1186/1180 1043/1185/1179
f 1064/1189/1183 1044/1190/1184 976/1191/1185 977/1192/1186
f 1088/1188/1182 1089/1187/1181 976/1191/1185 1044/1190/1184
f 1065/1193/1187 1064/1189/1183 977/1192/1186 1047/1194/1188
f 980/1195/1189 982/1196/1190 978/1197/1191 979/1198/1192
f 1033/1199/1193 1038/1200/1194 978/1197/1191 982/1196/1190
f 983/1160/1154 982/1196/1190 980/1195/1189 981/1159/1153
f 993/1201/1195 1033/1199/1193 982/1196/1190 983/1160/1154
f 994/1202/1196 993/1201/1195 983/1160/1154 984/1156/1150
f 995/1203/1197 994/1202/1196 984/1156/1150 985/1155/1149
f 996/1204/1198 995/1203/1197 985/1155/1149 986/1161/1155
f 997/1205/1199 996/1204/1198 986/1161/1155 987/1163/1157
f 998/1206/1200 997/1205/1199 987/1163/1157 988/1165/1159
f 999/1207/1201 998/1206/1200 988/1165/1159 989/1167/1161
f 1000/1208/1202 999/1207/1201 989/1167/1161 990/1169/1163
f 1001/1209/1203 1000/1208/1202 990/1169/1163 991/1171/1165
f 1002/1210/1204 1001/1209/1203 991/1171/1165 992/1173/1167
f 1002/1210/1204 992/1173/1167 1083/1176/1170 1082/1211/1205
f 1034/1212/1206 1035/1213/1207 993/1201/1195 994/1202/1196
f 1033/1199/1193 993/1201/1195 1035/1213/1207 1036/1214/1208
f 1003/1215/1209 1034/1212/1206 994/1202/1196 995/1203/1197
f 1004/1216/1210 1003/1215/1209 995/1203/1197 996/1204/1198
f 1005/1217/1211 1004/1216/1210 996/1204/1198 997/1205/1199
f 1006/1218/1212 1005/1217/1211 997/1205/1199 998/1206/1200
f 1007/1219/1213 1006/1218/1212 998/1206/1200 999/1207/1201
f 1008/1220/1214 1007/1219/1213 999/1207/1201 1000/1208/1202
f 1080/1221/1215 1008/1220/1214 1000/1208/1202 1001/1209/1203
f 1081/1222/1216 1080/1221/1215 1001/1209/1203 1002/1210/1204
f 1074/1223/1217 1081/1222/1216 1002/1210/1204 1075/1224/1218
f 1075/1224/1218 1002/1210/1204 1082/1211/1205 1076/1225/1219
f 1010/1126/1125 1011/1125/1124 1005/1217/1211 1006/1218/1212
f 1009/1127/1126 1010/1126/1125 1006/1218/1212 1007/1219/1213
f 1073/1226/1220 1009/1127/1126 1007/1219/1213 1008/1220/1214
f 1073/1226/1220 1008/1220/1214 1080/1221/1215 1079/1227/1221
f 1016/1228/1222 1015/1229/1223 1025/1230/1224 1026/1231/1225
f 1217/1232/1226 1216/1233/1227 1015/1229/1223 1016/1228/1222
f 1017/1234/1228 1016/1228/1222 1026/1231/1225 1027/1235/1229
f 1218/1236/1230 1217/1232/1226 1016/1228/1222 1017/1234/1228
f 1018/1237/1231 1017/1234/1228 1027/1235/1229 1028/1238/1232
f 1219/1239/1233 1218/1236/1230 1017/1234/1228 1018/1237/1231
f 1019/1240/1234 1018/1237/1231 1028/1238/1232 1029/1241/1235
f 1220/1242/1236 1219/1239/1233 1018/1237/1231 1019/1240/1234
f 1020/1243/1237 1019/1240/1234 1029/1241/1235 1030/1244/1238
f 1221/1245/1239 1220/1242/1236 1019/1240/1234 1020/1243/1237
f 1021/1246/1240 1020/1243/1237 1030/1244/1238 1031/1247/1241
f 1222/1248/1242 1221/1245/1239 1020/1243/1237 1021/1246/1240
f 1022/1249/1243 1021/1246/1240 1031/1247/1241 1032/1250/1244
f 1223/1251/1245 1222/1248/1242 1021/1246/1240 1022/1249/1243
f 1071/1252/1246 1072/1253/1247 1022/1249/1243 1032/1250/1244
f 1224/1254/1248 1223/1251/1245 1022/1249/1243 1072/1253/1247
f 1025/1230/1224 1024/1255/1249 1075/1224/1218 1076/1225/1219
f 1026/1231/1225 1025/1230/1224 1076/1225/1219 1077/1256/1250
f 1027/1235/1229 1026/1231/1225 1077/1256/1250 1078/1257/1251
f 1028/1238/1232 1027/1235/1229 1078/1257/1251 1097/1258/1252
f 1029/1241/1235 1028/1238/1232 1097/1258/1252 1098/1259/1253
f 1030/1244/1238 1029/1241/1235 1098/1259/1253 1099/1260/1254
f 1031/1247/1241 1030/1244/1238 1099/1260/1254 1100/1261/1255
f 1032/1250/1244 1031/1247/1241 1100/1261/1255 1101/1262/1256
f 1071/1252/1246 1032/1250/1244 1101/1262/1256 1102/1263/1257
f 1037/1264/1258 1038/1200/1194 1033/1199/1193 1036/1214/1208
f 1061/1265/1259 1060/1266/1260 1040/1178/1172 1041/1177/1171
f 1082/1211/1205 1083/1176/1170 1040/1178/1172 1060/1266/1260
f 1062/1267/1261 1061/1265/1259 1041/1177/1171 1042/1181/1175
f 1062/1267/1261 1042/1181/1175 1093/1184/1178 1092/1268/1262
f 1063/1269/1263 1043/1185/1179 1088/1188/1182 1087/1270/1264
f 1092/1268/1262 1093/1184/1178 1043/1185/1179 1063/1269/1263
f 1067/1271/1265 1066/1272/1266 1044/1190/1267 1064/1189/1268
f 1087/1270/1264 1088/1188/1182 1044/1190/1184 1066/1272/1269
f 1049/942/952 1048/937/947 1251/1037/1042 1252/1146/1142
f 1052/949/959 1051/946/956 1253/1148/1145 1254/1147/1144
f 1053/1136/1133 1052/1135/959 1254/1150/1144 1255/1149/1147
f 1257/1077/1078 1256/1076/1077 1059/1143/798 1111/1095/802
f 1078/1257/1251 1077/1256/1250 1060/1266/1260 1061/1265/1259
f 1076/1225/1219 1082/1211/1205 1060/1266/1260 1077/1256/1250
f 1097/1258/1252 1078/1257/1251 1061/1265/1259 1062/1267/1261
f 1098/1259/1253 1097/1258/1252 1062/1267/1261 1092/1268/1262
f 1100/1261/1255 1099/1260/1254 1063/1269/1263 1087/1270/1264
f 1092/1268/1262 1063/1269/1263 1099/1260/1254 1098/1259/1253
f 1068/1273/1270 1067/1271/1271 1064/1189/1183 1065/1193/1187
f 1102/1263/1257 1101/1262/1256 1066/1272/1269 1067/1271/1272
f 1087/1270/1264 1066/1272/1269 1101/1262/1256 1100/1261/1255
f 1103/1274/1273 1102/1263/1274 1067/1271/1275 1068/1273/1276
f 1072/1253/1247 1071/1252/1246 1069/1275/1277 1070/1276/1278
f 1102/1263/1274 1103/1274/1273 1069/1275/1279 1071/1252/1280
f 1072/1253/1247 1070/1276/1278 1225/1277/1281 1224/1254/1248
f 1080/1221/1215 1081/1222/1216 1074/1223/1217 1079/1227/1221
f 1125/1278/1282 1124/1279/1283 1121/1280/1284 1122/1281/1285
f 1122/1281/1285 1121/1280/1284 1130/1282/1286 1137/1283/1287
f 1221/1284/1239 1222/1285/1242 1121/1280/1284 1124/1279/1283
f 1130/1282/1286 1121/1280/1284 1222/1285/1242 1223/1286/1245
f 1126/1287/1288 1125/1278/1282 1122/1281/1285 1123/1288/1289
f 1123/1288/1289 1122/1281/1285 1137/1283/1287 1140/1289/1290
f 1126/1287/1288 1123/1288/1289 1172/1290/1291 1171/1291/1292
f 1173/1292/1293 1172/1290/1291 1123/1288/1289 1140/1289/1290
f 1128/1293/1294 1127/1294/1295 1124/1279/1283 1125/1278/1282
f 1220/1295/1236 1221/1284/1239 1124/1279/1283 1127/1294/1295
f 1129/1296/1296 1128/1293/1294 1125/1278/1282 1126/1287/1288
f 1129/1296/1296 1126/1287/1288 1171/1291/1292 1170/1297/1297
f 1144/1298/1298 1143/1299/1299 1127/1294/1295 1128/1293/1294
f 1219/1300/1233 1220/1295/1236 1127/1294/1295 1143/1299/1299
f 1145/1301/1300 1144/1298/1298 1128/1293/1294 1129/1296/1296
f 1145/1301/1300 1129/1296/1296 1170/1297/1297 1169/1302/1301
f 1138/1303/1302 1137/1283/1287 1130/1282/1286 1131/1304/1303
f 1131/1304/1303 1130/1282/1286 1223/1286/1245 1224/1305/1248
f 1139/1306/1304 1138/1303/1302 1131/1304/1303 1132/1307/1305
f 1132/1307/1305 1131/1304/1303 1224/1305/1248 1225/1308/1281
f 1141/1309/1306 1140/1289/1290 1137/1283/1287 1138/1303/1302
f 1142/1310/1307 1141/1309/1306 1138/1303/1302 1139/1306/1304
f 1174/1311/1308 1173/1292/1293 1140/1289/1290 1141/1309/1306
f 1175/1312/1309 1174/1311/1308 1141/1309/1306 1142/1310/1307
f 1147/1313/1310 1146/1314/1311 1143/1299/1299 1144/1298/1298
f 1218/1315/1230 1219/1300/1233 1143/1299/1299 1146/1314/1311
f 1148/1316/1312 1147/1313/1310 1144/1298/1298 1145/1301/1300
f 1148/1316/1312 1145/1301/1300 1169/1302/1301 1168/1317/1313
f 1150/1318/1314 1149/1319/1315 1146/1314/1311 1147/1313/1310
f 1217/1320/1226 1218/1315/1230 1146/1314/1311 1149/1319/1315
f 1151/1321/1316 1150/1318/1314 1147/1313/1310 1148/1316/1312
f 1151/1321/1316 1148/1316/1312 1168/1317/1313 1167/1322/1317
f 1153/1323/1318 1152/1324/1319 1149/1319/1315 1150/1318/1314
f 1216/1325/1227 1217/1320/1226 1149/1319/1315 1152/1324/1319
f 1154/1326/1320 1153/1323/1318 1150/1318/1314 1151/1321/1316
f 1154/1326/1320 1151/1321/1316 1167/1322/1317 1166/1327/1321
f 1156/1328/1322 1155/1329/1323 1152/1324/1319 1153/1323/1318
f 1157/1330/1324 1156/1328/1322 1153/1323/1318 1154/1326/1320
f 1157/1330/1324 1154/1326/1320 1166/1327/1321 1165/1331/1325
f 1160/1332/1326 1159/1333/1327 1156/1328/1322 1157/1330/1324
f 1160/1332/1326 1157/1330/1324 1165/1331/1325 1164/1334/1328
f 1178/1335/1329 1177/1336/1330 1164/1334/1328 1165/1331/1325
f 1179/1337/1331 1178/1335/1329 1165/1331/1325 1166/1327/1321
f 1180/1338/1332 1179/1337/1331 1166/1327/1321 1167/1322/1317
f 1181/1339/1333 1180/1338/1332 1167/1322/1317 1168/1317/1313
f 1182/1340/1334 1181/1339/1333 1168/1317/1313 1169/1302/1301
f 1183/1341/1335 1182/1340/1334 1169/1302/1301 1170/1297/1297
f 1184/1342/1336 1183/1341/1335 1170/1297/1297 1171/1291/1292
f 1185/1343/1337 1184/1342/1336 1171/1291/1292 1172/1290/1291
f 1186/1344/1338 1185/1343/1337 1172/1290/1291 1173/1292/1293
f 1187/1345/1339 1186/1344/1338 1173/1292/1293 1174/1311/1308
f 1188/1346/1340 1187/1345/1339 1174/1311/1308 1175/1312/1309
f 1191/1347/1341 1190/1348/1342 1177/1336/1330 1178/1335/1329
f 1192/1349/1343 1191/1347/1341 1178/1335/1329 1179/1337/1331
f 1193/1350/1344 1192/1349/1343 1179/1337/1331 1180/1338/1332
f 1194/1351/1345 1193/1350/1344 1180/1338/1332 1181/1339/1333
f 1195/1352/1346 1194/1351/1345 1181/1339/1333 1182/1340/1334
f 1196/1353/1347 1195/1352/1346 1182/1340/1334 1183/1341/1335
f 1197/1354/1348 1196/1353/1347 1183/1341/1335 1184/1342/1336
f 1198/1355/1349 1197/1354/1348 1184/1342/1336 1185/1343/1337
f 1199/1356/1350 1198/1355/1349 1185/1343/1337 1186/1344/1338
f 1200/1357/1351 1199/1356/1350 1186/1344/1338 1187/1345/1339
f 1201/1358/1352 1200/1357/1351 1187/1345/1339 1188/1346/1340
f 1204/1359/1353 1203/1360/1354 1190/1348/1342 1191/1347/1341
f 1205/1361/1355 1204/1359/1353 1191/1347/1341 1192/1349/1343
f 1206/1362/1356 1205/1361/1355 1192/1349/1343 1193/1350/1344
f 1207/1363/1357 1206/1362/1356 1193/1350/1344 1194/1351/1345
f 1208/1364/1358 1207/1363/1357 1194/1351/1345 1195/1352/1346
f 1209/1365/1359 1208/1364/1358 1195/1352/1346 1196/1353/1347
f 1210/1366/1360 1209/1365/1359 1196/1353/1347 1197/1354/1348
f 1211/1367/1361 1210/1366/1360 1197/1354/1348 1198/1355/1349
f 1212/1368/1362 1211/1367/1361 1198/1355/1349 1199/1356/1350
f 1213/1369/1363 1212/1368/1362 1199/1356/1350 1200/1357/1351
f 1214/1370/1364 1213/1369/1363 1200/1357/1351 1201/1358/1352
f 1205/1361/1355 1228/1371/1365 1203/1360/1354 1204/1359/1353
f 1229/1372/1366 1228/1371/1365 1205/1361/1355 1206/1362/1356
f 1230/1373/1367 1229/1372/1366 1206/1362/1356 1207/1363/1357
f 1231/1374/1368 1230/1373/1367 1207/1363/1357 1208/1364/1358
f 1232/1375/1369 1231/1374/1368 1208/1364/1358 1209/1365/1359
f 1233/1376/1370 1232/1375/1369 1209/1365/1359 1210/1366/1360
f 1212/1368/1362 1233/1376/1370 1210/1366/1360 1211/1367/1361
f 1214/1370/1364 1233/1376/1370 1212/1368/1362 1213/1369/1363
f 1237/882/888 1361/881/887 1362/1377/1371 1240/1378/898
f 1237/882/888 1240/1378/898 1236/1379/900 1238/883/889
f 678/101/101 1284/1380/1372 1287/1381/1373 58/106/106
f 72/1382/1374 82/128/128 1265/1383/1375 1267/1384/1376
f 73/1385/1377 72/1382/1374 680/757/744 683/760/747
f 82/128/128 72/1382/1374 73/1385/1377 85/129/129
f 683/760/747 686/766/753 666/1386/1378 73/1385/1377
f 666/1386/1378 88/133/133 85/129/129 73/1385/1377
f 865/770/757 867/1387/1379 666/1386/1378 686/766/753
f 866/813/811 857/1388/1380 867/1387/1379 865/770/757
f 88/133/133 666/1386/1378 867/1387/1379 260/232/225
f 866/813/811 863/812/810 864/1389/1381 857/1388/1380
f 260/232/225 867/1387/1379 857/1388/1380 261/233/226
f 864/1389/1381 259/231/224 261/233/226 857/1388/1380
f 860/814/812 858/1390/1382 864/1389/1381 863/812/810
f 860/814/812 859/1039/1044 667/1391/1383 858/1390/1382
f 259/231/224 864/1389/1381 858/1390/1382 256/230/223
f 256/230/223 858/1390/1382 667/1391/1383 255/226/218
f 255/226/218 667/1391/1383 819/1392/1384 219/223/215
f 859/1039/1044 820/1038/1043 819/1392/1384 667/1391/1383
f 794/967/972 668/1393/1385 822/1394/1386 823/968/973
f 219/223/215 819/1392/1384 822/1394/1386 221/220/212
f 820/1038/1043 823/968/973 822/1394/1386 819/1392/1384
f 221/220/212 822/1394/1386 668/1393/1385 194/306/302
f 194/306/302 668/1393/1385 791/1395/1387 193/693/675
f 794/967/972 793/966/971 791/1395/1387 668/1393/1385
f 792/915/921 669/1396/1388 1245/1397/1389 1244/962/967
f 193/693/675 791/1395/1387 1245/1397/1389 653/696/678
f 793/966/971 1244/962/967 1245/1397/1389 791/1395/1387
f 653/696/678 1245/1397/1389 669/1396/1388 192/695/677
f 771/1398/1390 669/1396/1388 792/915/921 772/899/920
f 761/898/903 670/1399/1391 771/1398/1392 772/899/905
f 192/695/677 669/1396/1388 771/1398/1390 173/181/179
f 173/181/179 771/1398/1392 670/1399/1391 165/178/175
f 765/893/901 74/1400/1393 768/1401/1394 767/894/902
f 165/175/175 670/1402/1391 768/1401/1394 171/172/172
f 761/895/903 767/894/902 768/1401/1394 670/1402/1391
f 171/172/172 768/1401/1394 74/1400/1393 169/173/173
f 164/1403/1395 74/1400/1393 765/893/901 766/901/907
f 169/173/173 74/1400/1393 164/1403/1395 170/176/176
f 769/905/911 770/1404/1396 164/1403/1395 766/901/907
f 195/198/194 75/1405/1397 304/321/320 196/275/270
f 796/969/974 907/974/979 75/1405/1397 795/910/915
f 170/176/176 164/1403/1395 770/1404/1396 172/186/183
f 172/186/183 770/1404/1396 75/1405/1397 195/198/194
f 769/905/911 795/910/915 75/1405/1397 770/1404/1396
f 373/1406/1398 374/381/380 1376/382/381 1411/1407/1399
f 373/1406/1400 1411/1407/1401 1389/1097/1096 978/1197/1191
f 1037/1264/1258 444/1408/1402 1039/1409/1403 1038/1200/1194
f 374/381/380 373/1406/1398 1039/1409/1404 445/383/382
f 978/1197/1191 1038/1200/1194 1039/1409/1403 373/1406/1400
f 1036/1214/1208 434/1410/1405 444/1408/1402 1037/1264/1258
f 445/383/382 1039/1409/1404 444/1408/1406 443/384/383
f 443/384/383 444/1408/1406 434/1410/1407 442/379/378
f 442/379/378 434/1410/1407 435/1411/1408 441/372/371
f 1036/1214/1208 1035/1213/1207 435/1411/1409 434/1410/1405
f 441/372/371 435/1411/1408 436/1412/1410 440/373/372
f 1035/1213/1207 1034/1212/1206 436/1412/1410 435/1411/1409
f 440/373/372 436/1412/1410 437/1413/1411 399/374/373
f 1003/1215/1209 437/1413/1411 436/1412/1410 1034/1212/1206
f 399/374/373 437/1413/1411 438/1414/1412 400/375/374
f 1004/1216/1210 438/1414/1412 437/1413/1411 1003/1215/1209
f 1011/1125/1124 408/1415/1413 446/1416/1414 1005/1217/1211
f 400/375/374 438/1414/1412 446/1416/1414 401/366/365
f 1005/1217/1211 446/1416/1414 438/1414/1412 1004/1216/1210
f 401/366/365 446/1416/1414 408/1415/1413 407/363/362
f 927/1120/1119 926/1417/1415 931/1418/1416 932/1121/1120
f 407/363/362 408/1415/1413 931/1418/1416 326/367/366
f 932/1121/1120 931/1418/1416 408/1415/1413 1011/1125/1124
f 671/1419/1417 927/1120/1119 928/1119/1118
f 671/1419/1417 323/528/525 926/1417/1415
f 671/1419/1417 928/1119/1118 929/1123/1122
f 326/367/366 931/1418/1416 926/1417/1415 323/528/525
f 671/1419/1417 324/362/361 323/528/525
f 325/359/358 324/362/361 671/1419/1417
f 671/1419/1417 926/1417/1415 927/1120/1119
f 929/1123/1122 934/1124/1123 329/1420/1418 930/1421/1419
f 930/1421/1419 325/359/358 671/1419/1417
f 930/1421/1419 671/1419/1417 929/1123/1122
f 325/359/358 930/1421/1419 329/1420/1418 328/360/359
f 1009/1127/1126 409/1422/1420 329/1420/1418 934/1124/1123
f 328/360/359 329/1420/1418 409/1422/1420 405/411/404
f 1073/1226/1220 1045/1423/1421 409/1422/1420 1009/1127/1126
f 1073/1226/1220 1079/1227/1221 1013/1424/1422 1045/1423/1421
f 405/411/404 409/1422/1420 1045/1423/1421 483/412/405
f 1079/1227/1221 1074/1223/1217 1012/1425/1423 1013/1424/1422
f 483/412/405 1045/1423/1421 1013/1424/1422 489/415/408
f 489/415/408 1013/1424/1422 1012/1425/1423 484/417/410
f 484/417/410 1012/1425/1423 411/1426/1424 423/419/412
f 752/878/884 894/886/892 144/1427/1425 76/1428/1426
f 144/1427/1427 291/663/651 155/658/646 76/1428/1428
f 150/273/268 145/1429/1429 76/1428/1428 155/658/646
f 76/1428/1426 145/1429/1429 747/875/881 752/878/884
f 301/272/267 672/1430/1430 145/1429/1429 150/273/268
f 145/1429/1429 672/1430/1430 904/879/885 747/875/881
f 296/526/523 673/1431/1431 672/1430/1430 301/272/267
f 672/1430/1430 673/1431/1431 899/1091/1091 904/879/885
f 674/1432/1432 1116/1088/1088 1117/1087/1087
f 674/1432/1432 528/521/518 527/519/516
f 1120/1433/1433 530/527/524 674/1432/1432
f 674/1432/1432 1115/1084/1084 1364/1083/1083
f 674/1432/1432 1119/1093/1093 1120/1433/1433
f 530/527/524 1120/1433/1433 673/1431/1431 296/526/523
f 673/1431/1431 1120/1433/1433 1119/1093/1093 899/1091/1091
f 529/525/522 1329/524/521 674/1432/1432
f 530/527/524 529/525/522 674/1432/1432
f 527/519/516 1354/518/515 674/1432/1432
f 674/1432/1432 1117/1087/1087 1337/1090/1090
f 674/1432/1432 1118/1094/1094 1119/1093/1093
f 1115/1084/1084 1114/1434/1434 80/1435/1435 895/1082/1082
f 674/1432/1432 526/1436/1436 1114/1434/1434
f 1115/1084/1084 674/1432/1432 1114/1434/1434
f 80/1435/1435 79/1437/1437 900/865/871 895/1082/1082
f 292/1438/1438 80/1435/1435 1114/1434/1434 526/1436/1436
f 297/1439/1439 79/1437/1437 80/1435/1435 292/1438/1438
f 743/863/869 900/865/871 79/1437/1437 742/1440/1440
f 742/1440/1440 677/1441/1441 748/857/863 743/863/869
f 146/1442/1442 742/1440/1440 79/1437/1437 297/1439/1439
f 677/1441/1441 676/1443/1443 722/858/864 748/857/863
f 151/682/666 677/1441/1441 742/1440/1440 146/1442/1442
f 676/1443/1443 675/1444/1444 886/836/841 722/858/864
f 124/683/667 676/1443/1443 677/1441/1441 151/682/666
f 675/1444/1444 285/1445/1445 713/835/842 886/836/841
f 280/274/269 675/1444/1446 676/1443/1443 124/683/667
f 713/835/842 285/1445/1445 284/1446/1447 889/808/805
f 115/261/256 285/1445/1448 675/1444/1446 280/274/269
f 889/808/805 284/1446/1447 78/1447/1449 700/807/804
f 283/260/255 284/1446/1450 285/1445/1448 115/261/256
f 102/513/510 78/1447/1451 284/1446/1450 283/260/255
f 700/807/807 78/1447/1452 524/1448/1453 1112/809/806
f 1112/1079/806 524/1449/1453 286/1450/1454 890/1048/1053
f 523/752/738 524/1448/1455 78/1447/1456 102/513/739
f 286/1450/1454 77/1451/1457 891/1047/1052 890/1048/1053
f 287/514/511 286/1450/1454 524/1449/1455 523/751/738
f 288/403/396 77/1451/1457 286/1450/1454 287/514/511
f 891/1047/1052 77/1451/1457 472/1452/1458 1046/1049/1054
f 452/402/395 472/1452/1458 77/1451/1457 288/403/396
f 452/402/395 1378/406/399 1412/1453/1459 472/1452/1458
f 473/1454/1460 1047/1194/1188 1410/1118/1117 1412/1453/1459
f 471/409/402 474/1455/1461 473/1454/1462 453/410/403
f 1047/1194/1188 473/1454/1460 474/1455/1463 1065/1193/1187
f 477/491/1464 478/1456/1465 474/1455/1466 471/409/1467
f 474/1455/1463 478/1456/1468 1068/1273/1276 1065/1193/1187
f 1103/1274/1273 514/1457/1469 433/1458/1470 1069/1275/1279
f 513/492/489 514/1457/1469 478/1456/1468 477/491/486
f 478/1456/1468 514/1457/1469 1103/1274/1273 1068/1273/1276
f 433/1458/1471 422/1459/1472 1070/1276/1278 1069/1275/1277
f 479/493/1473 433/1458/1470 514/1457/1469 513/492/489
f 480/624/1474 422/1459/1475 433/1458/1470 479/493/1473
f 1070/1276/1278 422/1459/1472 628/1460/1476 1225/1277/1281
f 627/626/617 628/1460/1476 422/1459/1472 480/624/614
f 1132/1307/1305 1225/1308/1281 628/1461/1476 1133/1462/1477
f 542/625/616 1133/1463/1477 628/1464/1476 627/627/617
f 545/552/549 1134/1465/1478 1133/1463/1477 542/625/616
f 1133/1462/1477 1134/1466/1478 1139/1306/1304 1132/1307/1305
f 548/551/548 1135/1467/1479 1134/1465/1478 545/552/549
f 1134/1466/1478 1135/1468/1479 1142/1310/1307 1139/1306/1304
f 1136/1469/1480 592/1470/1481 1188/1346/1340 1175/1312/1309
f 579/564/561 1136/1469/1480 1135/1467/1479 548/551/548
f 1135/1468/1479 1136/1469/1480 1175/1312/1309 1142/1310/1307
f 591/576/573 592/1470/1481 1136/1469/1480 579/564/561
f 1188/1346/1340 592/1470/1481 605/1471/1482 1201/1358/1352
f 604/588/585 605/1471/1482 592/1470/1481 591/576/573
f 1201/1358/1352 605/1471/1482 1215/1472/1483 1214/1370/1364
f 1215/1472/1483 636/1473/1484 1233/1376/1370 1214/1370/1364
f 617/638/626 1215/1472/1483 605/1471/1482 604/588/585
f 636/1473/1484 635/1474/1485 1232/1375/1369 1233/1376/1370
f 642/650/638 636/1473/1484 1215/1472/1483 617/638/626
f 635/1474/1485 634/1475/1486 1231/1374/1368 1232/1375/1369
f 641/652/640 635/1474/1485 636/1473/1484 642/650/638
f 634/1475/1486 633/1476/1487 1230/1373/1367 1231/1374/1368
f 640/646/634 634/1475/1486 635/1474/1485 641/652/640
f 633/1476/1487 632/1477/1488 1229/1372/1366 1230/1373/1367
f 639/643/631 633/1476/1487 634/1475/1486 640/646/634
f 632/1477/1488 631/1478/1489 1228/1371/1365 1229/1372/1366
f 638/642/630 632/1477/1488 633/1476/1487 639/643/631
f 637/640/628 631/1478/1489 632/1477/1488 638/642/630
f 1203/1360/1354 1202/1479/1490 1189/1480/1491 1190/1348/1342
f 606/635/623 1202/1479/1490 631/1478/1489 637/640/628
f 1228/1371/1365 631/1478/1489 1202/1479/1490 1203/1360/1354
f 1190/1348/1342 1189/1480/1491 1176/1481/1492 1177/1336/1330
f 593/577/574 1189/1482/1491 1202/1479/1490 606/635/623
f 1177/1336/1330 1176/1481/1492 1163/1483/1493 1164/1334/1328
f 580/565/562 1176/1484/1492 1189/1482/1491 593/577/574
f 1164/1334/1328 1163/1483/1493 1162/1485/1494 1160/1332/1326
f 568/553/550 1163/1486/1493 1176/1484/1492 580/565/562
f 1160/1332/1326 1162/1485/1494 1161/1487/1495 1159/1333/1327
f 566/530/527 1162/1488/1494 1163/1486/1493 568/553/550
f 565/529/526 1161/1489/1495 1162/1488/1494 566/530/527
f 412/633/621 630/1490/1496 629/631/620 413/629/618
f 564/634/622 567/1491/1497 1161/1489/1495 565/529/526
f 1161/1487/1495 567/1492/1497 1158/1493/1498 1159/1333/1327
f 1024/1255/1249 1023/1494/1499 1074/1223/1217 1075/1224/1218
f 1012/1425/1423 1074/1223/1217 1023/1494/1499 411/1426/1424
f 423/419/412 411/1426/1424 410/1495/1500 412/633/621
f 629/632/620 630/1496/1496 564/634/622 561/630/619
f 410/1495/1500 1227/1497/1501 630/1490/1496 412/633/621
f 564/634/622 630/1496/1496 1227/1498/1501 567/1491/1497
f 1156/1328/1322 1159/1333/1327 1158/1493/1498 1155/1329/1323
f 1155/1329/1323 1226/1499/1502 1216/1325/1227 1152/1324/1319
f 1158/1493/1498 1259/1500/1503 1226/1499/1502 1155/1329/1323
f 1227/1501/1501 1259/1500/1503 1158/1493/1498 567/1492/1497
f 1015/1229/1223 1014/1502/1504 1024/1255/1249 1025/1230/1224
f 1216/1233/1227 1226/1503/1502 1014/1502/1504 1015/1229/1223
f 1024/1255/1249 1014/1502/1504 1258/1504/1505 1023/1494/1499
f 1259/1505/1503 1258/1504/1505 1014/1502/1504 1226/1503/1502
f 1023/1494/1499 1258/1504/1505 410/1495/1506 411/1426/1424
f 410/1495/1506 1258/1504/1505 1259/1505/1503 1227/1497/1501
f 72/1382/1374 1267/1384/1376 1266/1506/1507 680/757/744
f 1280/1507/1508 1286/1508/1509 1265/1383/1375 82/128/128
f 1286/1508/1509 1288/1509/1510 1267/1384/1376 1265/1383/1375
f 1267/1384/1376 1288/1509/1510 1287/1381/1373 1266/1506/1507
f 81/39/39 1280/1507/1508 1289/123/123 24/40/40
f 83/1510/1511 1281/1511/1512 1290/124/124 1269/130/130
f 66/112/112 679/111/111 1283/1512/1513 1291/753/740
f 1271/758/745 680/757/744 1284/1380/1372 1292/754/741
f 1270/759/746 681/762/749 684/761/748 683/760/747
f 83/1510/1511 1269/130/130 85/129/129 86/132/132
f 1273/50/50 1260/51/51 1281/1511/1512 1293/125/125
f 1275/131/131 84/62/62 1282/59/59 1294/126/126
f 1263/98/98 1285/120/120 1295/755/742 1277/107/107
f 681/762/749 1283/1512/1513 1296/756/743 1279/763/750
f 1268/127/127 1269/130/130 1290/124/124 1289/123/123
f 1274/1513/1514 1275/131/131 1294/126/126 1293/125/125
f 1291/753/740 1270/759/746 1271/758/745 1292/754/741
f 1278/764/751 1279/763/750 1296/756/743 1295/755/742
f 1284/1380/1372 680/757/744 1266/1506/1507 1287/1381/1373
f 81/39/39 23/44/44 1286/1508/1509 1280/1507/1508
f 1286/1508/1509 23/44/44 71/43/43 1288/1509/1510
f 71/43/43 58/106/106 1287/1381/1373 1288/1509/1510
f 1280/1507/1508 82/128/128 1268/127/127 1289/123/123
f 1281/1511/1512 1260/51/51 32/54/54 1290/124/124
f 681/762/749 1270/759/746 1291/753/740 1283/1512/1513
f 678/101/101 59/104/104 1292/754/741 1284/1380/1372
f 83/1510/1511 1274/1513/1514 1293/125/125 1281/1511/1512
f 1261/38/38 1272/47/47 1294/126/126 1282/59/59
f 1285/120/120 682/122/122 1278/764/751 1295/755/742
f 1283/1512/1513 679/111/111 1276/109/109 1296/756/743
f 1304/666/648 156/27/27 1302/21/21 1324/667/654
f 1236/892/900 1322/891/899 1325/887/893 1305/1514/1515
f 1307/64/854 1347/1515/1516 719/1516/856 718/849/855
f 121/1517/245 1348/1518/1517 1306/4/4 120/166/166
f 1274/1513/1514 83/1510/1511 86/132/132 1275/131/131
f 1278/764/751 682/122/122 685/117/117 684/761/748
f 117/169/169 116/171/171 1310/170/170 1309/168/168
f 725/816/814 724/811/809 1311/837/843 1312/841/847
f 1313/840/846 726/818/816 725/816/814 1312/841/847
f 125/219/211 126/156/157 1310/170/170 116/171/171
f 715/838/844 1312/841/847 1311/837/843 714/767/754
f 118/161/163 117/169/169 1309/168/168 1308/167/167
f 727/820/818 726/818/816 1313/840/846 716/839/845
f 1314/158/1518 130/144/145 131/141/142 1315/159/1519
f 1315/159/1519 131/141/142 132/136/136 1316/164/165
f 729/824/822 728/822/820 1317/842/848 1318/848/1520
f 730/826/824 729/824/822 1318/848/1520 1319/847/1521
f 129/147/148 130/144/145 1314/158/1518 118/161/163
f 717/845/850 1318/848/853 1317/842/1522 716/839/1523
f 731/828/828 730/826/824 1319/847/1521 718/846/855
f 1324/667/654 10/20/20 158/19/19 1320/668/655
f 158/19/19 159/55/55 1321/685/668 1320/668/655
f 1323/852/858 756/116/116 755/81/81 1322/891/899
f 755/81/81 45/80/80 1325/887/893 1322/891/899
f 1302/21/21 1262/24/24 10/20/20 1324/667/654
f 1303/83/83 753/89/89 1305/1514/1515 1325/887/893
f 894/886/892 1239/885/891 1341/1519/1524 1339/1520/897
f 144/1427/1427 1338/1521/1525 1340/1522/1526 291/663/651
f 1335/884/890 1238/883/889 1236/1379/900 1305/1523/1515
f 291/663/651 1340/1522/1526 1342/659/647 648/662/650
f 148/267/262 299/266/261 1327/271/266 1326/270/265
f 1327/271/266 299/266/261 294/520/517 1328/522/519
f 1328/522/519 294/520/517 528/521/518 1329/524/521
f 1330/656/644 153/655/643 148/267/262 1326/270/265
f 154/657/645 648/662/650 1331/661/649 1330/656/644
f 1332/872/878 751/877/883 746/876/882 1333/873/879
f 1333/873/879 746/876/882 903/880/886 1334/874/880
f 1335/884/890 1239/885/891 751/877/883 1332/872/878
f 1334/874/880 903/880/886 898/1092/1092 1336/1089/1089
f 1336/1089/1089 898/1092/1092 1118/1094/1094 1337/1090/1090
f 1337/1090/1090 1118/1094/1094 674/1432/1432
f 1329/524/521 528/521/518 674/1432/1432
f 753/89/89 754/91/91 1341/1524/1524 1305/1514/1515
f 645/671/653 647/664/652 1331/661/649 1304/660/648
f 144/1427/1425 894/886/892 1339/1520/897 1338/1521/896
f 754/91/91 1300/93/894 1339/889/897 1341/1524/1524
f 1338/1525/1525 1298/32/1527 1301/31/1528 1340/1526/1526
f 1340/1526/1526 1301/31/1528 157/29/1529 1342/1527/647
f 1342/1527/647 157/29/1529 156/27/27 1304/666/648
f 1341/1519/1524 1239/885/891 1335/884/890 1305/1523/1515
f 1240/890/898 1362/1528/1371 1345/853/859 1323/852/858
f 160/6/6 1343/1529/1530 1349/1530/1531 159/55/55
f 1241/1531/862 721/1532/861 1350/854/860 1345/853/859
f 720/1533/857 719/1516/856 1347/1515/1516 1344/1534/1532
f 1343/1529/1530 160/6/6 1306/4/4 1348/1518/1517
f 1343/1529/1530 122/1535/659 123/1536/663 1349/1530/1531
f 122/1535/659 1343/1529/1530 1348/1518/1517 121/1517/245
f 757/68/1533 1344/1534/1532 1347/1515/1516 1307/64/854
f 650/681/665 1346/680/664 1349/1530/1531 123/1536/663
f 1346/680/664 1321/685/668 159/55/55 1349/1530/1531
f 721/1532/861 720/1533/857 1344/1534/1532 1350/854/860
f 756/116/116 1350/854/860 1344/1534/1532 757/68/1533
f 1351/263/258 146/1442/1442 297/1439/1439 1352/264/259
f 1353/517/514 292/1438/1438 526/1436/1436 1354/518/515
f 1352/264/259 297/1439/1439 292/1438/1438 1353/517/514
f 1355/654/642 151/682/666 146/1442/1442 1351/263/258
f 644/674/660 151/682/666 1355/654/642 1356/670/657
f 646/669/656 649/672/658 1357/675/661 1356/670/657
f 749/868/874 744/867/873 1359/862/868 1358/861/867
f 744/867/873 901/871/877 1360/864/870 1359/862/868
f 1237/882/888 749/868/874 1358/861/867 1361/881/887
f 901/871/877 896/1086/1086 1363/1081/1081 1360/864/870
f 896/1086/1086 1116/1088/1088 1364/1083/1083 1363/1081/1081
f 1235/860/866 1234/859/865 1362/1377/1371 1361/881/887
f 1234/1537/865 1241/1531/862 1345/853/859 1362/1528/1371
f 649/684/658 1321/685/668 1346/680/664 1357/679/661
f 1354/518/515 526/1436/1436 674/1432/1432
f 1364/1083/1083 1116/1088/1088 674/1432/1432
f 1365/325/324 375/380/379 376/376/375 1366/326/325
f 1366/326/325 376/376/375 377/330/329 1367/327/326
f 1368/329/328 308/313/312 307/324/323 1367/327/326
f 358/328/327 359/340/339 1369/331/330 1368/329/328
f 359/340/339 360/342/341 1370/332/331 1369/331/330
f 360/342/341 361/344/343 1371/333/332 1370/332/331
f 361/344/343 362/346/345 1372/334/333 1371/333/332
f 362/346/345 363/348/347 1373/335/334 1372/334/333
f 363/348/347 364/350/349 1374/336/335 1373/335/334
f 1374/336/335 364/350/349 365/352/351 1375/337/336
f 1365/325/324 305/322/321 304/321/320 1376/382/381
f 1377/405/398 372/407/400 453/410/403 1378/406/399
f 1375/337/336 365/352/351 366/435/428 1379/437/430
f 318/446/439 317/443/436 1381/440/433 1380/439/432
f 1379/437/430 366/435/428 494/436/429 1382/441/434
f 1382/441/434 494/436/429 367/433/426 1381/440/433
f 322/401/394 321/457/450 1383/455/448 1377/405/398
f 499/453/446 371/451/444 1383/455/448 1384/456/449
f 500/458/451 320/471/464 1385/466/459 1384/456/449
f 368/432/425 369/463/456 1386/468/461 1380/439/432
f 369/463/456 504/465/458 1387/470/463 1386/468/461
f 504/465/458 370/460/453 1385/466/459 1387/470/463
f 979/1198/1192 978/1197/1191 1389/1097/1096 1388/1096/1095
f 980/1195/1189 979/1198/1192 1388/1096/1095 1390/1098/1097
f 981/1159/1153 980/1195/1189 1390/1098/1097 1391/1099/1098
f 963/1157/1151 981/1159/1153 1391/1099/1098 1392/1100/1099
f 1393/1101/1100 964/1158/1152 963/1157/1151 1392/1100/1099
f 965/1162/1156 964/1158/1152 1393/1101/1100 1394/1102/1101
f 1395/1103/1102 966/1164/1158 965/1162/1156 1394/1102/1101
f 1396/1104/1103 967/1166/1160 966/1164/1158 1395/1103/1102
f 1397/1105/1104 968/1168/1162 967/1166/1160 1396/1104/1103
f 1398/1106/1105 969/1170/1164 968/1168/1162 1397/1105/1104
f 970/1172/1166 969/1170/1164 1398/1106/1105 1399/1107/1106
f 971/1174/1168 970/1172/1166 1399/1107/1106 1400/1108/1107
f 1084/1175/1169 971/1174/1168 1400/1108/1107 1401/1109/1108
f 973/1180/1174 972/1179/1173 1403/1111/1110 1402/1110/1109
f 972/1179/1173 1084/1175/1169 1401/1109/1108 1403/1111/1110
f 1404/1112/1111 974/1182/1176 973/1180/1174 1402/1110/1109
f 1405/1113/1112 1094/1183/1177 974/1182/1176 1404/1112/1111
f 1406/1114/1113 1089/1187/1181 975/1186/1180 1407/1115/1114
f 1407/1115/1114 975/1186/1180 1094/1183/1177 1405/1113/1112
f 977/1192/1186 976/1191/1185 1409/1117/1116 1408/1116/1115
f 1409/1117/1116 976/1191/1185 1089/1187/1181 1406/1114/1113
f 1047/1194/1188 977/1192/1186 1408/1116/1115 1410/1118/1117
f 304/321/320 75/1405/1397 1411/1407/1399 1376/382/381
f 1411/1407/1401 75/1405/1397 907/974/979 1389/1097/1096
f 1378/406/399 453/410/403 473/1454/1462 1412/1453/1534
f 1046/1049/1054 472/1452/1458 1412/1453/1459 1410/1118/1117
f 1414/1538/1535 1415/1539/1536 4/11/11 3/10/10
f 1415/1539/1536 1416/1540/1537 5/13/13 4/11/11
f 3/10/10 8/16/1538 1419/1541/1539 1414/1538/1535
f 8/8/1538 7/2/1540 1418/1542/1541 1419/1543/1539
f 7/2/2 1/1/1 1413/1544/1542 1418/1542/1543
f 6/5/5 1417/1545/1544 1413/1544/1542 1/1/1
f 22/36/36 19/35/35 1423/1546/1545 1420/1547/1546
f 1421/1548/1547 1420/1547/1546 1423/1546/1545 1422/1549/1548
f 1426/1550/1549 1417/1545/1544 6/5/5 33/56/56
f 1427/1551/1550 34/57/57 5/13/13 1416/1540/1537
f 1428/1552/1551 9/18/18 13/17/17 12/26/26
f 1428/1552/1551 12/26/26 11/25/25 1429/1553/1552
f 33/56/56 9/18/18 1428/1552/1551 1426/1550/1549
f 1426/1550/1549 1428/1552/1551 1429/1553/1552 1425/1554/1553
f 1422/1549/1548 1423/1546/1545 19/35/35 35/60/60
f 35/60/60 1430/1555/1554 1424/1556/1555 1422/1549/1548
f 35/60/60 36/61/61 1431/1557/1556 1430/1555/1554
f 1431/1557/1556 36/61/61 34/57/57 1427/1551/1550
f 1421/1548/1547 1422/1549/1548 1424/1556/1555 1432/1558/1557
f 1434/1559/1558 38/74/74 39/73/73 1435/1560/1559
f 1435/1560/1559 39/73/73 40/76/76 1436/1561/1560
f 38/74/74 1434/1559/1558 1439/1562/1561 43/77/77
f 43/70/77 1439/1563/1561 1438/1564/1562 42/66/66
f 42/66/66 1438/1564/1562 1433/1565/1563 37/63/63
f 41/67/67 37/63/63 1433/1565/1564 1437/1566/1565
f 57/100/100 1440/1567/1566 1443/1568/1567 54/97/97
f 1441/1569/1568 1442/1570/1569 1443/1568/1567 1440/1567/1566
f 1446/1571/1570 67/115/115 41/67/1571 1437/1566/1572
f 1447/1572/1573 1436/1561/1560 40/76/76 68/118/118
f 1448/1573/1574 47/87/87 48/79/79 44/82/82
f 1448/1573/1574 1449/1574/1575 46/88/88 47/87/87
f 67/115/115 1446/1571/1570 1448/1573/1574 44/82/82
f 1446/1571/1570 1445/1575/1576 1449/1574/1575 1448/1573/1574
f 1442/1570/1569 69/119/119 54/97/97 1443/1568/1567
f 69/119/119 1442/1570/1569 1444/1576/1577 1450/1577/1578
f 69/119/119 1450/1577/1578 1451/1578/1579 70/121/121
f 1451/1578/1579 1447/1572/1573 68/118/118 70/121/121
f 1441/1569/1568 1452/1579/1580 1444/1576/1577 1442/1570/1569
